name,type,prefab,rotYaxis,worldX,worldY,terrainX,terrainY,region,gisX,gisY,climate,altitude,sink,scale
Rocks,1,WOD_Rocks_Round_Small_03,167,481,58,123,49,Urvaius,481.9609375,-58.6171875,1,4.0,0.5,0.8399796
Rocks,1,WOD_Rocks_Round_Small_07,36,434,114,120,117,Urvaius,434.9375,-114.0859375,1,4.0,0.5,0.8313053
Rocks,1,WOD_Rocks_Round_Small_10,7,438,47,122,89,Urvaius,438.953125,-47.3046875,1,4.0,0.5,0.7861899
Rocks,1,WOD_Rocks_Round_Small_07,-166,425,99,52,68,Urvaius,425.40625,-99.46875,1,4.0,0.5,0.9337484
Rocks,1,WOD_Rocks_Round_Small_07,-43,486,76,64,7,Urvaius,486.5,-76.9453125,1,4.0,0.5,0.8981643
Rocks,1,WOD_Rocks_Round_Small_04,100,437,80,110,114,Urvaius,437.859375,-80.109375,1,4.0,0.5,0.7771222
Rocks,1,WOD_Rocks_Round_Small_07,72,465,97,127,125,Urvaius,465.9921875,-97.0234375,1,4.0,0.5,0.9923255
Rocks,1,WOD_Rocks_Round_Small_05,178,484,79,46,86,Urvaius,484.359375,-79.328125,1,4.0,0.5,0.910485
Rocks,1,WOD_Rocks_Round_Small_06,150,469,58,76,25,Urvaius,469.59375,-58.8046875,1,4.0,0.5,0.8556916
Rocks,1,WOD_Rocks_Round_Small_10,-106,481,76,37,80,Urvaius,481.2890625,-76.375,1,4.0,0.5,0.9438735
Rocks,1,WOD_Rocks_Round_Small_06,-18,435,79,105,44,Urvaius,435.8203125,-79.65625,1,4.0,0.5,0.913528
Rocks,1,WOD_Rocks_Round_Small_06,-57,453,101,120,36,Urvaius,453.9375,-101.71875,1,4.0,0.5,0.8345671
Rocks,1,WOD_Rocks_Round_Small_05,24,447,102,26,7,Urvaius,447.203125,-102.9453125,1,4.0,0.5,0.9268047
Rocks,1,WOD_Rocks_Round_Small_03,-141,445,72,74,14,Urvaius,445.578125,-72.890625,1,4.0,0.5,0.9143888
Rocks,1,WOD_Rocks_Round_Small_06,122,460,70,76,82,Urvaius,460.59375,-70.359375,1,4.0,0.5,0.8449117
Rocks,1,WOD_Rocks_Round_Small_01,-34,442,105,37,56,Urvaius,442.2890625,-105.5625,1,4.0,0.5,0.8947821
Rocks,1,WOD_Rocks_Round_Small_02,-25,453,105,73,93,Urvaius,453.5703125,-105.2734375,1,4.0,0.5,0.9404053
Rocks,1,WOD_Rocks_Round_Small_09,10,458,75,6,77,Urvaius,458.046875,-75.3984375,1,4.0,0.5,0.7762874
Rocks,1,WOD_Rocks_Round_Small_08,-156,428,117,47,57,Urvaius,428.3671875,-117.5546875,1,4.0,0.5,0.8839517
Rocks,1,WOD_Rocks_Round_Small_05,-25,456,55,56,84,Urvaius,456.4375,-55.34375,1,4.0,0.5,0.9354292
Rocks,1,WOD_Rocks_Round_Small_10,-76,467,55,55,120,Urvaius,467.4296875,-55.0625,1,4.0,0.5,0.9682863
Rocks,1,WOD_Rocks_Round_Small_02,55,476,96,115,13,Urvaius,476.8984375,-96.8984375,1,4.0,0.5,0.9928263
Rocks,1,WOD_Rocks_Round_Small_10,-104,468,73,1,48,Urvaius,468.0078125,-73.625,1,4.0,0.5,0.7687351
Rocks,1,WOD_Rocks_Round_Small_08,-117,479,77,124,37,Urvaius,479.96875,-77.7109375,1,4.0,0.5,0.8103854
Rocks,1,WOD_Rocks_Round_Small_05,134,485,77,69,9,Urvaius,485.5390625,-77.9296875,1,4.0,0.5,0.8422802
Rocks,1,WOD_Rocks_Round_Small_08,-117,434,107,14,107,Urvaius,434.109375,-107.1640625,1,4.0,0.5,0.8521881
Rocks,1,WOD_Rocks_Round_Small_01,142,433,103,22,28,Urvaius,433.171875,-103.78125,1,4.0,0.5,0.889684
Rocks,1,WOD_Rocks_Round_Small_05,71,455,103,96,32,Urvaius,455.75,-103.75,1,4.0,0.5,0.7611955
Rocks,1,WOD_Rocks_Round_Small_05,-67,414,115,27,79,Urvaius,414.2109375,-115.3828125,1,4.0,0.5,0.8062599
Rocks,1,WOD_Rocks_Round_Small_03,54,431,78,120,5,Urvaius,431.9375,-78.9609375,1,4.0,0.5,0.8012996
Rocks,1,WOD_Rocks_Round_Small_06,-20,413,114,44,67,Urvaius,413.34375,-114.4765625,1,4.0,0.5,0.9722229
Rocks,1,WOD_Rocks_Round_Small_09,139,464,52,41,18,Urvaius,464.3203125,-52.859375,1,4.0,0.5,0.8807917
Rocks,1,WOD_Rocks_Round_Small_08,-58,477,100,97,79,Urvaius,477.7578125,-100.3828125,1,4.0,0.5,0.8825422
Rocks,1,WOD_Rocks_Round_Small_09,85,473,79,47,30,Urvaius,473.3671875,-79.765625,1,4.0,0.5,0.9110443
Rocks,1,WOD_Rocks_Round_Small_08,-128,420,71,124,25,Urvaius,420.96875,-71.8046875,1,4.0,0.5,0.9890223
Rocks,1,WOD_Rocks_Round_Small_02,-82,471,97,86,93,Urvaius,471.671875,-97.2734375,1,4.0,0.5,0.8181235
Rocks,1,WOD_Rocks_Round_Small_01,80,457,100,54,52,Urvaius,457.421875,-100.59375,1,4.0,0.5,0.9839029
Rocks,1,WOD_Rocks_Round_Small_05,14,411,114,67,103,Urvaius,411.5234375,-114.1953125,1,4.0,0.5,0.9762365
Rocks,1,WOD_Rocks_Round_Small_06,-6,434,95,9,58,Urvaius,434.0703125,-95.546875,1,4.0,0.5,0.7788655
Rocks,1,WOD_Rocks_Round_Small_06,76,451,51,92,103,Urvaius,451.71875,-51.1953125,1,4.0,0.5,0.9767839
Rocks,1,WOD_Rocks_Round_Small_02,57,450,107,68,84,Urvaius,450.53125,-107.34375,1,4.0,0.5,0.8917878
Rocks,1,WOD_Rocks_Round_Small_10,145,426,113,120,120,Urvaius,426.9375,-113.0625,1,4.0,0.5,0.8853877
Rocks,1,WOD_Rocks_Round_Small_10,40,477,78,70,25,Urvaius,477.546875,-78.8046875,1,4.0,0.5,0.7588865
Rocks,1,WOD_Rocks_Round_Small_04,-168,414,113,128,91,Urvaius,415.0,-113.2890625,1,4.0,0.5,0.8397902
Rocks,1,WOD_Rocks_Round_Small_06,-94,428,95,12,49,Urvaius,428.09375,-95.6171875,1,4.0,0.5,0.805344
Rocks,1,WOD_Rocks_Round_Small_02,2,435,79,68,125,Urvaius,435.53125,-79.0234375,1,4.0,0.5,0.94739
Rocks,1,WOD_Rocks_Round_Small_08,-180,433,115,77,37,Urvaius,433.6015625,-115.7109375,1,4.0,0.5,0.9808673
Rocks,1,WOD_Rocks_Round_Small_10,33,461,52,36,108,Urvaius,461.28125,-52.15625,1,4.0,0.5,0.8237525
Rocks,1,WOD_Rocks_Round_Small_08,-131,469,55,6,126,Urvaius,469.046875,-55.015625,1,4.0,0.5,0.9191707
Rocks,1,WOD_Rocks_Round_Small_08,-137,424,77,87,39,Urvaius,424.6796875,-77.6953125,1,4.0,0.5,0.9284935
Rocks,1,WOD_Rocks_Round_Small_03,53,421,110,3,14,Urvaius,421.0234375,-110.890625,1,4.0,0.5,0.8517643
Rocks,1,WOD_Rocks_Round_Small_07,104,436,96,13,91,Urvaius,436.1015625,-96.2890625,1,4.0,0.5,0.8044767
Rocks,1,WOD_Rocks_Round_Small_08,-56,436,103,12,126,Urvaius,436.09375,-103.015625,1,4.0,0.5,0.8488657
Rocks,1,WOD_Rocks_Round_Small_03,-6,470,75,64,27,Urvaius,470.5,-75.7890625,1,4.0,0.5,0.93919
Rocks,1,WOD_Rocks_Round_Small_10,-95,425,109,101,75,Urvaius,425.7890625,-109.4140625,1,4.0,0.5,0.9857687
Rocks,1,WOD_Rocks_Round_Small_06,19,424,110,12,21,Urvaius,424.09375,-110.8359375,1,4.0,0.5,0.9975061
Rocks,1,WOD_Rocks_Round_Small_09,-16,448,101,32,23,Urvaius,448.25,-101.8203125,1,4.0,0.5,0.9662006
Rocks,1,WOD_Rocks_Round_Small_05,-124,435,78,116,123,Urvaius,435.90625,-78.0390625,1,4.0,0.5,0.7661284
Rocks,1,WOD_Rocks_Round_Small_02,133,427,74,22,18,Urvaius,427.171875,-74.859375,1,4.0,0.5,0.760058
Rocks,1,WOD_Rocks_Round_Small_07,29,471,95,31,99,Urvaius,471.2421875,-95.2265625,1,4.0,0.5,0.8453323
Rocks,1,WOD_Rocks_Round_Small_04,-120,436,98,31,81,Urvaius,436.2421875,-98.3671875,1,4.0,0.5,0.8801609
Rocks,1,WOD_Rocks_Round_Small_07,-102,421,79,9,114,Urvaius,421.0703125,-79.109375,1,4.0,0.5,0.8262886
Rocks,1,WOD_Rocks_Round_Small_10,-165,453,54,22,52,Urvaius,453.171875,-54.59375,1,4.0,0.5,0.781553
Rocks,1,WOD_Rocks_Round_Small_10,82,444,100,102,73,Urvaius,444.796875,-100.4296875,1,4.0,0.5,0.8070537
Rocks,1,WOD_Rocks_Round_Small_08,109,459,98,52,99,Urvaius,459.40625,-98.2265625,1,4.0,0.5,0.8331873
Rocks,1,WOD_Rocks_Round_Small_10,-131,485,134,67,94,Urvaius,485.5234375,-134.265625,1,4.0,0.5,0.8197559
Rocks,1,WOD_Rocks_Round_Small_01,-136,453,72,24,91,Urvaius,453.1875,-72.2890625,1,4.0,0.5,0.8690272
Rocks,1,WOD_Rocks_Round_Small_07,167,447,101,73,103,Urvaius,447.5703125,-101.1953125,1,4.0,0.5,0.8500744
Rocks,1,WOD_Rocks_Round_Small_04,176,452,104,84,88,Urvaius,452.65625,-104.3125,1,4.0,0.5,0.887827
Rocks,1,WOD_Rocks_Round_Small_08,-92,456,102,51,36,Urvaius,456.3984375,-102.71875,1,4.0,0.5,0.9716501
Rocks,1,WOD_Rocks_Round_Small_02,-67,478,97,78,61,Urvaius,478.609375,-97.5234375,1,4.0,0.5,0.7727394
Rocks,1,WOD_Rocks_Round_Small_07,-132,456,103,60,8,Urvaius,456.46875,-103.9375,1,4.0,0.5,0.8112388
Rocks,1,WOD_Rocks_Round_Small_07,171,426,81,70,96,Urvaius,426.546875,-81.25,1,4.0,0.5,0.806358
Rocks,1,WOD_Rocks_Round_Small_02,-51,485,100,124,33,Urvaius,485.96875,-100.7421875,1,4.0,0.5,0.9809707
Rocks,1,WOD_Rocks_Round_Small_08,-84,472,98,91,89,Urvaius,472.7109375,-98.3046875,1,4.0,0.5,0.9599685
Rocks,1,WOD_Rocks_Round_Small_09,-44,473,52,28,18,Urvaius,473.21875,-52.859375,1,4.0,0.5,0.9632567
Rocks,1,WOD_Rocks_Round_Small_06,101,472,78,4,4,Urvaius,472.03125,-78.96875,1,4.0,0.5,0.8242897
Rocks,1,WOD_Rocks_Round_Small_03,158,449,51,106,125,Urvaius,449.828125,-51.0234375,1,4.0,0.5,0.797558
Rocks,1,WOD_Rocks_Round_Small_09,-15,411,115,79,1,Urvaius,411.6171875,-115.9921875,1,4.0,0.5,0.7810588
Rocks,1,WOD_Rocks_Round_Small_09,-173,480,58,73,77,Urvaius,480.5703125,-58.3984375,1,4.0,0.5,0.8563555
Rocks,1,WOD_Rocks_Round_Small_05,-164,418,108,49,126,Urvaius,418.3828125,-108.015625,1,4.0,0.5,0.798406
Rocks,1,WOD_Rocks_Round_Small_03,116,422,111,119,109,Urvaius,422.9296875,-111.1484375,1,4.0,0.5,0.7569791
Rocks,1,WOD_Rocks_Round_Small_01,-131,460,74,90,42,Urvaius,460.703125,-74.671875,1,4.0,0.5,0.8327735
Rocks,1,WOD_Rocks_Round_Small_04,15,479,95,5,105,Urvaius,479.0390625,-95.1796875,1,4.0,0.5,0.7510105
Rocks,1,WOD_Rocks_Round_Small_07,-28,440,104,114,47,Urvaius,440.890625,-104.6328125,1,4.0,0.5,0.915162
Rocks,1,WOD_Rocks_Round_Small_10,136,490,97,83,4,Urvaius,490.6484375,-97.96875,1,4.0,0.5,0.899892
Rocks,1,WOD_Rocks_Round_Small_08,165,439,109,81,21,Urvaius,439.6328125,-109.8359375,1,4.0,0.5,0.8320249
Rocks,1,WOD_Rocks_Round_Small_07,-69,468,76,124,35,Urvaius,468.96875,-76.7265625,1,4.0,0.5,0.9746523
Rocks,1,WOD_Rocks_Round_Small_02,-12,470,54,65,56,Urvaius,470.5078125,-54.5625,1,4.0,0.5,0.7771917
Rocks,1,WOD_Rocks_Round_Small_02,87,426,76,127,33,Urvaius,426.9921875,-76.7421875,1,4.0,0.5,0.8608906
Rocks,1,WOD_Rocks_Round_Small_05,-138,437,49,97,107,Urvaius,437.7578125,-49.1640625,1,4.0,0.5,0.982863
Rocks,1,WOD_Rocks_Round_Small_01,-102,439,80,124,94,Urvaius,439.96875,-80.265625,1,4.0,0.5,0.9757094
Rocks,1,WOD_Rocks_Round_Small_08,137,465,57,19,86,Urvaius,465.1484375,-57.328125,1,4.0,0.5,0.7782091
Rocks,1,WOD_Rocks_Round_Small_04,77,412,111,111,7,Urvaius,412.8671875,-111.9453125,1,4.0,0.5,0.8020862
Rocks,1,WOD_Rocks_Round_Small_08,-137,420,111,64,5,Urvaius,420.5,-111.9609375,1,4.0,0.5,0.8504903
Rocks,1,WOD_Rocks_Round_Small_01,-83,438,114,5,72,Urvaius,438.0390625,-114.4375,1,4.0,0.5,0.9903612
Rocks,1,WOD_Rocks_Round_Small_04,58,433,81,6,52,Urvaius,433.046875,-81.59375,1,4.0,0.5,0.9890211
Rocks,1,WOD_Rocks_Round_Small_01,91,444,47,20,52,Urvaius,444.15625,-47.59375,1,4.0,0.5,0.9739935
Rocks,1,WOD_Rocks_Round_Small_02,154,470,59,99,5,Urvaius,470.7734375,-59.9609375,1,4.0,0.5,0.8474169
Rocks,1,WOD_Rocks_Round_Small_05,-32,445,79,40,62,Urvaius,445.3125,-79.515625,1,4.0,0.5,0.9549126
Rocks,1,WOD_Rocks_Round_Small_03,-127,484,98,72,32,Urvaius,484.5625,-98.75,1,4.0,0.5,0.8222451
Rocks,1,WOD_Rocks_Round_Small_05,52,427,113,1,79,Urvaius,427.0078125,-113.3828125,1,4.0,0.5,0.9037961
Rocks,1,WOD_Rocks_Round_Small_03,76,422,77,49,102,Urvaius,422.3828125,-77.203125,1,4.0,0.5,0.8925472
Rocks,1,WOD_Rocks_Round_Small_09,-8,472,100,72,86,Urvaius,472.5625,-100.328125,1,4.0,0.5,0.8865504
Rocks,1,WOD_Rocks_Round_Small_06,-97,465,78,54,26,Urvaius,465.421875,-78.796875,1,4.0,0.5,0.7598187
Rocks,1,WOD_Rocks_Round_Small_10,-101,431,79,96,80,Urvaius,431.75,-79.375,1,4.0,0.5,0.7808508
Rocks,1,WOD_Rocks_Round_Small_10,-88,429,101,41,64,Urvaius,429.3203125,-101.5,1,4.0,0.5,0.9671654
Rocks,1,WOD_Rocks_Round_Small_05,121,468,101,78,88,Urvaius,468.609375,-101.3125,1,4.0,0.5,0.839049
Rocks,1,WOD_Rocks_Round_Small_01,79,461,95,102,45,Urvaius,461.796875,-95.6484375,1,4.0,0.5,0.7871877
Rocks,1,WOD_Rocks_Round_Small_05,-71,433,98,0,118,Urvaius,433.0,-98.078125,1,4.0,0.5,0.802126
Rocks,1,WOD_Rocks_Round_Small_10,136,434,76,10,19,Urvaius,434.078125,-76.8515625,1,4.0,0.5,0.7610837
Rocks,1,WOD_Rocks_Round_Small_02,-81,458,55,0,70,Urvaius,458.0,-55.453125,1,4.0,0.5,0.9206469
Rocks,1,WOD_Rocks_Round_Small_04,-72,435,102,86,58,Urvaius,435.671875,-102.546875,1,4.0,0.5,0.8323089
Rocks,1,WOD_Rocks_Round_Small_09,111,462,71,15,44,Urvaius,462.1171875,-71.65625,1,4.0,0.5,0.8233775
Rocks,1,WOD_Rocks_Round_Small_09,56,484,98,26,22,Urvaius,484.203125,-98.828125,1,4.0,0.5,0.9063475
Rocks,1,WOD_Rocks_Round_Small_07,-166,456,73,17,12,Urvaius,456.1328125,-73.90625,1,4.0,0.5,0.9293568
Rocks,1,WOD_Rocks_Round_Small_07,-59,431,112,99,44,Urvaius,431.7734375,-112.65625,1,4.0,0.5,0.9261181
Rocks,1,WOD_Rocks_Round_Small_05,-96,434,102,124,47,Urvaius,434.96875,-102.6328125,1,4.0,0.5,0.7879851
Rocks,1,WOD_Rocks_Round_Small_08,171,441,48,44,113,Urvaius,441.34375,-48.1171875,1,4.0,0.5,0.9343936
Rocks,1,WOD_Rocks_Round_Small_01,-27,426,115,24,12,Urvaius,426.1875,-115.90625,1,4.0,0.5,0.7597758
Rocks,1,WOD_Rocks_Round_Small_09,-128,433,73,123,1,Urvaius,433.9609375,-73.9921875,1,4.0,0.5,0.9285575
Rocks,1,WOD_Rocks_Round_Small_09,-27,459,103,90,12,Urvaius,459.703125,-103.90625,1,4.0,0.5,0.904494
Rocks,1,WOD_Rocks_Round_Small_10,-154,422,77,10,82,Urvaius,422.078125,-77.359375,1,4.0,0.5,0.8999397
Rocks,1,WOD_Rocks_Round_Small_01,53,475,54,95,102,Urvaius,475.7421875,-54.203125,1,4.0,0.5,0.9634874
Rocks,1,WOD_Rocks_Round_Small_02,158,446,100,91,125,Urvaius,446.7109375,-100.0234375,1,4.0,0.5,0.7927507
Rocks,1,WOD_Rocks_Round_Small_03,-60,455,73,47,12,Urvaius,455.3671875,-73.90625,1,4.0,0.5,0.9241339
Rocks,1,WOD_Rocks_Round_Small_05,69,481,56,10,98,Urvaius,481.078125,-56.234375,1,4.0,0.5,0.8737174
Rocks,1,WOD_Rocks_Round_Small_07,83,431,114,63,21,Urvaius,431.4921875,-114.8359375,1,4.0,0.5,0.9255675
Rocks,1,WOD_Rocks_Round_Small_04,52,420,111,109,89,Urvaius,420.8515625,-111.3046875,1,4.0,0.5,0.8728936
Rocks,1,WOD_Rocks_Round_Small_06,159,419,109,70,9,Urvaius,419.546875,-109.9296875,1,4.0,0.5,0.7974555
Rocks,1,WOD_Rocks_Round_Small_10,104,436,111,49,32,Urvaius,436.3828125,-111.75,1,4.0,0.5,0.931357
Rocks,1,WOD_Rocks_Round_Small_03,-142,424,114,3,25,Urvaius,424.0234375,-114.8046875,1,4.0,0.5,0.831872
Rocks,1,WOD_Rocks_Round_Small_01,-38,433,78,55,21,Urvaius,433.4296875,-78.8359375,1,4.0,0.5,0.8283622
Rocks,1,WOD_Rocks_Round_Small_07,109,431,77,37,109,Urvaius,431.2890625,-77.1484375,1,4.0,0.5,0.962257
Rocks,1,WOD_Rocks_Round_Small_06,-113,431,116,31,103,Urvaius,431.2421875,-116.1953125,1,4.0,0.5,0.9721496
Rocks,1,WOD_Rocks_Round_Small_07,62,416,115,51,114,Urvaius,416.3984375,-115.109375,1,4.0,0.5,0.8553944
Rocks,1,WOD_Rocks_Round_Small_06,169,466,58,68,39,Urvaius,466.53125,-58.6953125,1,4.0,0.5,0.9834771
Rocks,1,WOD_Rocks_Round_Small_02,51,456,99,105,121,Urvaius,456.8203125,-99.0546875,1,4.0,0.5,0.8435768
Rocks,1,WOD_Rocks_Round_Small_07,-60,441,78,113,121,Urvaius,441.8828125,-78.0546875,1,4.0,0.5,0.8473991
Rocks,1,WOD_Rocks_Round_Small_01,-26,454,102,68,112,Urvaius,454.53125,-102.125,1,4.0,0.5,0.8693145
Rocks,1,WOD_Rocks_Round_Small_03,-129,459,103,5,44,Urvaius,459.0390625,-103.65625,1,4.0,0.5,0.8131174
Rocks,1,WOD_Rocks_Round_Small_03,64,461,55,19,113,Urvaius,461.1484375,-55.1171875,1,4.0,0.5,0.849517
Rocks,1,WOD_Rocks_Round_Small_09,-105,482,100,59,23,Urvaius,482.4609375,-100.8203125,1,4.0,0.5,0.8402154
Rocks,1,WOD_Rocks_Round_Small_03,91,468,100,111,107,Urvaius,468.8671875,-100.1640625,1,4.0,0.5,0.7644126
Rocks,1,WOD_Rocks_Round_Small_02,-119,426,117,54,64,Urvaius,426.421875,-117.5,1,4.0,0.5,0.7579873
Rocks,1,WOD_Rocks_Round_Small_06,85,414,108,15,50,Urvaius,414.1171875,-108.609375,1,4.0,0.5,0.7567827
Rocks,1,WOD_Rocks_Round_Small_03,-25,484,57,96,8,Urvaius,484.75,-57.9375,1,4.0,0.5,0.8781446
Rocks,1,WOD_Rocks_Round_Small_10,76,470,54,3,16,Urvaius,470.0234375,-54.875,1,4.0,0.5,0.8493582
Rocks,1,WOD_Rocks_Round_Small_08,-126,487,79,65,89,Urvaius,487.5078125,-79.3046875,1,4.0,0.5,0.8860044
Rocks,1,WOD_Rocks_Round_Small_10,-120,420,109,100,112,Urvaius,420.78125,-109.125,1,4.0,0.5,0.7601801
Rocks,1,WOD_Rocks_Round_Small_01,79,473,96,83,16,Urvaius,473.6484375,-96.875,1,4.0,0.5,0.8083926
Rocks,1,WOD_Rocks_Round_Small_10,-164,435,96,69,35,Urvaius,435.5390625,-96.7265625,1,4.0,0.5,0.8371085
Rocks,1,WOD_Rocks_Round_Small_09,105,408,103,116,26,Urvaius,408.90625,-103.796875,1,4.0,0.5,0.9827446
Rocks,1,WOD_Rocks_Round_Small_08,102,464,72,54,12,Urvaius,464.421875,-72.90625,1,4.0,0.5,0.9485984
Rocks,1,WOD_Rocks_Round_Small_02,-67,476,80,23,108,Urvaius,476.1796875,-80.15625,1,4.0,0.5,0.7705389
Rocks,1,WOD_Rocks_Round_Small_08,60,422,108,52,58,Urvaius,422.40625,-108.546875,1,4.0,0.5,0.9842057
Rocks,1,WOD_Rocks_Round_Small_03,102,468,99,35,111,Urvaius,468.2734375,-99.1328125,1,4.0,0.5,0.8892707
Rocks,1,WOD_Rocks_Round_Small_08,44,469,93,100,80,Urvaius,469.78125,-93.375,1,4.0,0.5,0.9022213
Rocks,1,WOD_Rocks_Round_Small_09,46,473,80,20,40,Urvaius,473.15625,-80.6875,1,4.0,0.5,0.8291187
Rocks,1,WOD_Rocks_Round_Small_03,-73,475,55,88,7,Urvaius,475.6875,-55.9453125,1,4.0,0.5,0.9788628
Rocks,1,WOD_Rocks_Round_Small_06,40,450,51,67,94,Urvaius,450.5234375,-51.265625,1,4.0,0.5,0.8555944
Rocks,1,WOD_Rocks_Round_Small_01,-38,436,116,56,93,Urvaius,436.4375,-116.2734375,1,4.0,0.5,0.8689143
Rocks,1,WOD_Rocks_Round_Small_01,137,407,110,10,125,Urvaius,407.078125,-110.0234375,1,4.0,0.5,0.9960995
Rocks,1,WOD_Rocks_Round_Small_01,2,455,103,52,75,Urvaius,455.40625,-103.4140625,1,4.0,0.5,0.9798969
Rocks,1,WOD_Rocks_Round_Small_09,52,486,76,95,42,Urvaius,486.7421875,-76.671875,1,4.0,0.5,0.8722849
Rocks,1,WOD_Rocks_Round_Small_07,171,452,105,124,113,Urvaius,452.96875,-105.1171875,1,4.0,0.5,0.9026318
Rocks,1,WOD_Rocks_Round_Small_06,-21,447,101,38,85,Urvaius,447.296875,-101.3359375,1,4.0,0.5,0.9060516
Rocks,1,WOD_Rocks_Round_Small_02,-139,434,94,26,27,Urvaius,434.203125,-94.7890625,1,4.0,0.5,0.9151727
Rocks,1,WOD_Rocks_Round_Small_02,-64,464,95,76,12,Urvaius,464.59375,-95.90625,1,4.0,0.5,0.967926
Rocks,1,WOD_Rocks_Round_Small_03,148,457,76,97,108,Urvaius,457.7578125,-76.15625,1,4.0,0.5,0.9084526
Rocks,1,WOD_Rocks_Round_Small_08,24,474,74,29,54,Urvaius,474.2265625,-74.578125,1,4.0,0.5,0.8414816
Rocks,1,WOD_Rocks_Round_Small_07,133,437,98,59,104,Urvaius,437.4609375,-98.1875,1,4.0,0.5,0.7718513
Rocks,1,WOD_Rocks_Round_Small_10,50,416,117,122,94,Urvaius,416.953125,-117.265625,1,4.0,0.5,0.8749372
Rocks,1,WOD_Rocks_Round_Small_01,155,443,100,59,76,Urvaius,443.4609375,-100.40625,1,4.0,0.5,0.9411495
Rocks,1,WOD_Rocks_Round_Small_02,-123,435,109,113,33,Urvaius,435.8828125,-109.7421875,1,4.0,0.5,0.778059
Rocks,1,WOD_Rocks_Round_Small_08,105,428,75,82,0,Urvaius,428.640625,-76.0,1,4.0,0.5,0.8332709
Rocks,1,WOD_Rocks_Round_Small_09,73,439,101,102,10,Urvaius,439.796875,-101.921875,1,4.0,0.5,0.8418646
Rocks,1,WOD_Rocks_Round_Small_05,131,463,100,109,86,Urvaius,463.8515625,-100.328125,1,4.0,0.5,0.9444699
Rocks,1,WOD_Rocks_Round_Small_03,34,475,98,56,68,Urvaius,475.4375,-98.46875,1,4.0,0.5,0.775794
Rocks,1,WOD_Rocks_Round_Small_09,66,415,116,19,25,Urvaius,415.1484375,-116.8046875,1,4.0,0.5,0.9444156
Rocks,1,WOD_Rocks_Round_Small_02,101,426,77,33,112,Urvaius,426.2578125,-77.125,1,4.0,0.5,0.8592169
Rocks,1,WOD_Rocks_Round_Small_05,41,479,78,12,36,Urvaius,479.09375,-78.71875,1,4.0,0.5,0.759783
Rocks,1,WOD_Rocks_Round_Small_03,-161,434,104,118,66,Urvaius,434.921875,-104.484375,1,4.0,0.5,0.8320137
Rocks,1,WOD_Rocks_Round_Small_03,-82,470,60,84,30,Urvaius,470.65625,-60.765625,1,4.0,0.5,0.7848646
Rocks,1,WOD_Rocks_Round_Small_02,13,484,56,116,40,Urvaius,484.90625,-56.6875,1,4.0,0.5,0.7969069
Rocks,1,WOD_Rocks_Round_Small_08,7,419,109,3,52,Urvaius,419.0234375,-109.59375,1,4.0,0.5,0.9962283
Rocks,1,WOD_Rocks_Round_Small_06,180,429,113,13,82,Urvaius,429.1015625,-113.359375,1,4.0,0.5,0.9242036
Rocks,1,WOD_Rocks_Round_Small_04,28,457,100,106,70,Urvaius,457.828125,-100.453125,1,4.0,0.5,0.8707462
Rocks,1,WOD_Rocks_Round_Small_01,-55,412,104,86,50,Urvaius,412.671875,-104.609375,1,4.0,0.5,0.812844
Rocks,1,WOD_Rocks_Round_Small_07,73,440,50,91,75,Urvaius,440.7109375,-50.4140625,1,4.0,0.5,0.7903523
Rocks,1,WOD_Rocks_Round_Small_01,-1,463,76,64,114,Urvaius,463.5,-76.109375,1,4.0,0.5,0.7660085
Rocks,1,WOD_Rocks_Round_Small_06,-157,456,56,54,109,Urvaius,456.421875,-56.1484375,1,4.0,0.5,0.9502606
Rocks,1,WOD_Rocks_Round_Small_06,167,448,101,12,91,Urvaius,448.09375,-101.2890625,1,4.0,0.5,0.7944481
Rocks,1,WOD_Rocks_Round_Small_01,148,420,71,78,85,Urvaius,420.609375,-71.3359375,1,4.0,0.5,0.8861507
Rocks,1,WOD_Rocks_Round_Small_02,15,479,100,118,7,Urvaius,479.921875,-100.9453125,1,4.0,0.5,0.9897736
Rocks,1,WOD_Rocks_Round_Small_07,-113,470,79,55,41,Urvaius,470.4296875,-79.6796875,1,4.0,0.5,0.9539346
Rocks,1,WOD_Rocks_Round_Small_04,-85,456,72,10,94,Urvaius,456.078125,-72.265625,1,4.0,0.5,0.9837513
Rocks,1,WOD_Rocks_Round_Small_01,-41,482,136,79,79,Urvaius,482.6171875,-136.3828125,1,4.0,0.5,0.755382
Rocks,1,WOD_Rocks_Round_Small_06,-128,461,97,26,16,Urvaius,461.203125,-97.875,1,4.0,0.5,0.9720053
Rocks,1,WOD_Rocks_Round_Small_01,98,426,109,91,93,Urvaius,426.7109375,-109.2734375,1,4.0,0.5,0.9124208
Rocks,1,WOD_Rocks_Round_Small_02,-73,467,100,8,18,Urvaius,467.0625,-100.859375,1,4.0,0.5,0.7774556
Rocks,1,WOD_Rocks_Round_Small_01,-167,430,78,42,48,Urvaius,430.328125,-78.625,1,4.0,0.5,0.8891976
Rocks,1,WOD_Rocks_Round_Small_10,5,486,98,110,54,Urvaius,486.859375,-98.578125,1,4.0,0.5,0.7538249
Rocks,1,WOD_Rocks_Round_Small_03,-120,472,77,9,25,Urvaius,472.0703125,-77.8046875,1,4.0,0.5,0.8011715
Rocks,1,WOD_Rocks_Round_Small_02,5,467,101,92,62,Urvaius,467.71875,-101.515625,1,4.0,0.5,0.9537633
Rocks,1,WOD_Rocks_Round_Small_10,-64,481,57,70,1,Urvaius,481.546875,-57.9921875,1,4.0,0.5,0.7719795
Rocks,1,WOD_Rocks_Round_Small_09,117,417,105,3,12,Urvaius,417.0234375,-105.90625,1,4.0,0.5,0.7962155
Rocks,1,WOD_Rocks_Round_Small_06,121,435,105,63,66,Urvaius,435.4921875,-105.484375,1,4.0,0.5,0.9696438
Rocks,1,WOD_Rocks_Round_Small_06,-131,414,117,118,91,Urvaius,414.921875,-117.2890625,1,4.0,0.5,0.8132851
Rocks,1,WOD_Rocks_Round_Small_06,-94,420,110,108,57,Urvaius,420.84375,-110.5546875,1,4.0,0.5,0.8022679
Rocks,1,WOD_Rocks_Round_Small_02,145,450,104,127,63,Urvaius,450.9921875,-104.5078125,1,4.0,0.5,0.8088797
Rocks,1,WOD_Rocks_Round_Small_03,-60,443,79,87,23,Urvaius,443.6796875,-79.8203125,1,4.0,0.5,0.8207899
Rocks,1,WOD_Rocks_Round_Small_05,-101,442,49,18,5,Urvaius,442.140625,-49.9609375,1,4.0,0.5,0.9276109
Rocks,1,WOD_Rocks_Round_Small_09,46,466,74,55,9,Urvaius,466.4296875,-74.9296875,1,4.0,0.5,0.8494611
Rocks,1,WOD_Rocks_Round_Small_09,-86,455,102,111,30,Urvaius,455.8671875,-102.765625,1,4.0,0.5,0.7581778
Rocks,1,WOD_Rocks_Round_Small_01,57,445,73,6,23,Urvaius,445.046875,-73.8203125,1,4.0,0.5,0.8651636
Rocks,1,WOD_Rocks_Round_Small_04,151,411,113,64,5,Urvaius,411.5,-113.9609375,1,4.0,0.5,0.7814833
Rocks,1,WOD_Rocks_Round_Small_03,-84,486,100,8,75,Urvaius,486.0625,-100.4140625,1,4.0,0.5,0.9641842
Rocks,1,WOD_Rocks_Round_Small_08,-6,428,112,82,1,Urvaius,428.640625,-112.9921875,1,4.0,0.5,0.9944365
Rocks,1,WOD_Rocks_Round_Small_05,117,435,109,31,94,Urvaius,435.2421875,-109.265625,1,4.0,0.5,0.8850739
Rocks,1,WOD_Rocks_Round_Small_01,69,447,77,105,64,Urvaius,447.8203125,-77.5,1,4.0,0.5,0.7862288
Rocks,1,WOD_Rocks_Round_Small_04,164,486,79,52,66,Urvaius,486.40625,-79.484375,1,4.0,0.5,0.9690996
Rocks,1,WOD_Rocks_Round_Small_05,-174,458,101,20,45,Urvaius,458.15625,-101.6484375,1,4.0,0.5,0.9431201
Rocks,1,WOD_Rocks_Round_Small_04,20,477,130,52,36,Urvaius,477.40625,-130.71875,1,4.0,0.5,0.8248798
Rocks,1,WOD_Rocks_Round_Small_03,-106,425,75,64,31,Urvaius,425.5,-75.7578125,1,4.0,0.5,0.8177687
Rocks,1,WOD_Rocks_Round_Small_03,141,470,59,87,56,Urvaius,470.6796875,-59.5625,1,4.0,0.5,0.7597771
Rocks,1,WOD_Rocks_Round_Small_04,161,476,55,47,7,Urvaius,476.3671875,-55.9453125,1,4.0,0.5,0.9005023
Rocks,1,WOD_Rocks_Round_Small_08,-75,429,76,124,10,Urvaius,429.96875,-76.921875,1,4.0,0.5,0.9084163
Rocks,1,WOD_Rocks_Round_Small_10,-46,453,98,33,18,Urvaius,453.2578125,-98.859375,1,4.0,0.5,0.9794135
Rocks,1,WOD_Rocks_Round_Small_08,-108,452,100,116,1,Urvaius,452.90625,-100.9921875,1,4.0,0.5,0.8471711
Rocks,1,WOD_Rocks_Round_Small_06,-48,427,101,102,47,Urvaius,427.796875,-101.6328125,1,4.0,0.5,0.7871224
Rocks,1,WOD_Rocks_Round_Small_06,-147,459,53,119,88,Urvaius,459.9296875,-53.3125,1,4.0,0.5,0.7924513
Rocks,1,WOD_Rocks_Round_Small_07,-25,470,60,64,67,Urvaius,470.5,-60.4765625,1,4.0,0.5,0.9290459
Rocks,1,WOD_Rocks_Round_Small_02,146,469,79,19,85,Urvaius,469.1484375,-79.3359375,1,4.0,0.5,0.8266728
Rocks,1,WOD_Rocks_Round_Small_07,-8,435,99,18,59,Urvaius,435.140625,-99.5390625,1,4.0,0.5,0.7913042
Rocks,1,WOD_Rocks_Round_Small_08,115,433,79,122,26,Urvaius,433.953125,-79.796875,1,4.0,0.5,0.9769606
Rocks,1,WOD_Rocks_Round_Small_06,171,434,79,76,44,Urvaius,434.59375,-79.65625,1,4.0,0.5,0.8980523
Rocks,1,WOD_Rocks_Round_Small_03,131,456,101,12,27,Urvaius,456.09375,-101.7890625,1,4.0,0.5,0.8577901
Rocks,1,WOD_Rocks_Round_Small_04,-178,467,95,104,122,Urvaius,467.8125,-95.046875,1,4.0,0.5,0.8112532
Rocks,1,WOD_Rocks_Round_Small_03,170,486,100,101,61,Urvaius,486.7890625,-100.5234375,1,4.0,0.5,0.760001
Rocks,1,WOD_Rocks_Round_Small_01,-138,474,94,115,7,Urvaius,474.8984375,-94.9453125,1,4.0,0.5,0.9909042
Rocks,1,WOD_Rocks_Round_Small_05,72,461,54,124,9,Urvaius,461.96875,-54.9296875,1,4.0,0.5,0.9018344
Rocks,1,WOD_Rocks_Round_Small_08,-103,443,48,70,48,Urvaius,443.546875,-48.625,1,4.0,0.5,0.8616186
Rocks,1,WOD_Rocks_Round_Small_04,-14,476,79,116,61,Urvaius,476.90625,-79.5234375,1,4.0,0.5,0.9084604
Rocks,1,WOD_Rocks_Round_Small_10,40,427,116,91,57,Urvaius,427.7109375,-116.5546875,1,4.0,0.5,0.9236171
Rocks,1,WOD_Rocks_Round_Small_02,158,467,119,14,86,Urvaius,467.109375,-119.328125,1,4.0,0.5,0.8767754
Rocks,1,WOD_Rocks_Round_Small_09,166,474,97,67,32,Urvaius,474.5234375,-97.75,1,4.0,0.5,0.8990519
Rocks,1,WOD_Rocks_Round_Small_07,-70,451,105,61,125,Urvaius,451.4765625,-105.0234375,1,4.0,0.5,0.835235
Rocks,1,WOD_Rocks_Round_Small_08,12,483,131,60,53,Urvaius,483.46875,-131.5859375,1,4.0,0.5,0.9759227
Rocks,1,WOD_Rocks_Round_Small_02,-37,461,99,5,41,Urvaius,461.0390625,-99.6796875,1,4.0,0.5,0.982189
Rocks,1,WOD_Rocks_Round_Small_09,-3,438,75,67,113,Urvaius,438.5234375,-75.1171875,1,4.0,0.5,0.9921654
Rocks,1,WOD_Rocks_Round_Small_06,140,461,71,88,72,Urvaius,461.6875,-71.4375,1,4.0,0.5,0.9616472
Rocks,1,WOD_Rocks_Round_Small_02,-130,456,99,38,48,Urvaius,456.296875,-99.625,1,4.0,0.5,0.9877293
Rocks,1,WOD_Rocks_Round_Small_04,68,410,115,22,122,Urvaius,410.171875,-115.046875,1,4.0,0.5,0.9699628
Rocks,1,WOD_Rocks_Round_Small_04,67,472,100,52,27,Urvaius,472.40625,-100.7890625,1,4.0,0.5,0.809571
Rocks,1,WOD_Rocks_Round_Small_02,-29,457,100,42,1,Urvaius,457.328125,-100.9921875,1,4.0,0.5,0.8015015
Rocks,1,WOD_Rocks_Round_Small_07,-4,469,57,76,68,Urvaius,469.59375,-57.46875,1,4.0,0.5,0.7785779
Rocks,1,WOD_Rocks_Round_Small_02,107,440,102,49,103,Urvaius,440.3828125,-102.1953125,1,4.0,0.5,0.8979209
Rocks,1,WOD_Rocks_Round_Small_04,112,452,104,56,44,Urvaius,452.4375,-104.65625,1,4.0,0.5,0.7554266
Rocks,1,WOD_Rocks_Round_Small_06,-71,463,99,1,73,Urvaius,463.0078125,-99.4296875,1,4.0,0.5,0.8675048
Rocks,1,WOD_Rocks_Round_Small_10,57,427,96,97,88,Urvaius,427.7578125,-96.3125,1,4.0,0.5,0.7599523
Rocks,1,WOD_Rocks_Round_Small_02,-65,408,112,60,126,Urvaius,408.46875,-112.015625,1,4.0,0.5,0.7535535
Rocks,1,WOD_Rocks_Round_Small_06,-69,459,100,17,36,Urvaius,459.1328125,-100.71875,1,4.0,0.5,0.8598673
Rocks,1,WOD_Rocks_Round_Small_03,-62,460,54,101,107,Urvaius,460.7890625,-54.1640625,1,4.0,0.5,0.9865314
Rocks,1,WOD_Rocks_Round_Small_08,-62,454,52,96,9,Urvaius,454.75,-52.9296875,1,4.0,0.5,0.9358044
Rocks,1,WOD_Rocks_Round_Small_04,54,470,59,79,52,Urvaius,470.6171875,-59.59375,1,4.0,0.5,0.8913962
Rocks,1,WOD_Rocks_Round_Small_08,-2,437,48,120,122,Urvaius,437.9375,-48.046875,1,4.0,0.5,0.9254785
Rocks,1,WOD_Rocks_Round_Small_09,-48,414,110,109,64,Urvaius,414.8515625,-110.5,1,4.0,0.5,0.9480084
Rocks,1,WOD_Rocks_Round_Small_09,-8,470,96,50,84,Urvaius,470.390625,-96.34375,1,4.0,0.5,0.8969628
Rocks,1,WOD_Rocks_Round_Small_10,-59,424,80,125,98,Urvaius,424.9765625,-80.234375,1,4.0,0.5,0.7646526
Rocks,1,WOD_Rocks_Round_Small_07,15,445,76,114,26,Urvaius,445.890625,-76.796875,1,4.0,0.5,0.9806429
Rocks,1,WOD_Rocks_Round_Small_05,-75,437,111,96,125,Urvaius,437.75,-111.0234375,1,4.0,0.5,0.9335387
Rocks,1,WOD_Rocks_Round_Small_06,0,425,97,64,44,Urvaius,425.5,-97.65625,1,4.0,0.5,0.8108
Rocks,1,WOD_Rocks_Round_Small_07,163,416,105,114,58,Urvaius,416.890625,-105.546875,1,4.0,0.5,0.7839697
Rocks,1,WOD_Rocks_Round_Small_01,67,467,100,82,120,Urvaius,467.640625,-100.0625,1,4.0,0.5,0.808912
Rocks,1,WOD_Rocks_Round_Small_01,-2,439,83,12,121,Urvaius,439.09375,-83.0546875,1,4.0,0.5,0.9574177
Rocks,1,WOD_Rocks_Round_Small_04,178,436,46,76,107,Urvaius,436.59375,-46.1640625,1,4.0,0.5,0.8543014
Rocks,1,WOD_Rocks_Round_Small_05,-54,469,93,35,118,Urvaius,469.2734375,-93.078125,1,4.0,0.5,0.9585397
Rocks,1,WOD_Rocks_Round_Small_10,-170,439,101,20,19,Urvaius,439.15625,-101.8515625,1,4.0,0.5,0.8237754
Rocks,1,WOD_Rocks_Round_Small_03,-80,446,79,119,121,Urvaius,446.9296875,-79.0546875,1,4.0,0.5,0.815008
Rocks,1,WOD_Rocks_Round_Small_07,-148,427,97,114,76,Urvaius,427.890625,-97.40625,1,4.0,0.5,0.9776673
Rocks,1,WOD_Rocks_Round_Small_09,35,468,97,120,70,Urvaius,468.9375,-97.453125,1,4.0,0.5,0.8559657
Rocks,1,WOD_Rocks_Round_Small_02,87,484,101,63,72,Urvaius,484.4921875,-101.4375,1,4.0,0.5,0.7703313
Rocks,1,WOD_Rocks_Round_Small_09,19,485,78,74,62,Urvaius,485.578125,-78.515625,1,4.0,0.5,0.8824561
Rocks,1,WOD_Rocks_Round_Small_08,-137,447,76,60,37,Urvaius,447.46875,-76.7109375,1,4.0,0.5,0.7939948
Rocks,1,WOD_Rocks_Round_Small_06,142,427,115,76,52,Urvaius,427.59375,-115.59375,1,4.0,0.5,0.7717616
Rocks,1,WOD_Rocks_Round_Small_02,68,433,95,81,49,Urvaius,433.6328125,-95.6171875,1,4.0,0.5,0.7667552
Rocks,1,WOD_Rocks_Round_Small_06,160,453,73,64,91,Urvaius,453.5,-73.2890625,1,4.0,0.5,0.9042923
Rocks,1,WOD_Rocks_Round_Small_02,139,449,131,70,30,Urvaius,449.546875,-131.765625,1,4.0,0.5,0.8780252
Rocks,1,WOD_Rocks_Round_Small_10,-31,479,56,88,48,Urvaius,479.6875,-56.625,1,4.0,0.5,0.9878982
Rocks,1,WOD_Rocks_Round_Small_10,76,435,78,45,96,Urvaius,435.3515625,-78.25,1,4.0,0.5,0.9980851
Rocks,1,WOD_Rocks_Round_Small_03,13,445,99,47,61,Urvaius,445.3671875,-99.5234375,1,4.0,0.5,0.8359413
Rocks,1,WOD_Rocks_Round_Small_07,-21,461,52,27,37,Urvaius,461.2109375,-52.7109375,1,4.0,0.5,0.8229776
Rocks,1,WOD_Rocks_Round_Small_03,53,465,95,101,25,Urvaius,465.7890625,-95.8046875,1,4.0,0.5,0.7858785
Rocks,1,WOD_Rocks_Round_Small_08,98,416,101,13,111,Urvaius,416.1015625,-101.1328125,1,4.0,0.5,0.75403
Rocks,1,WOD_Rocks_Round_Small_05,123,462,53,76,41,Urvaius,462.59375,-53.6796875,1,4.0,0.5,0.806435
Rocks,1,WOD_Rocks_Round_Small_05,2,436,107,109,121,Urvaius,436.8515625,-107.0546875,1,4.0,0.5,0.7620141
Rocks,1,WOD_Rocks_Round_Small_02,-10,485,58,20,17,Urvaius,485.15625,-58.8671875,1,4.0,0.5,0.9028917
Rocks,1,WOD_Rocks_Round_Small_10,74,435,96,22,118,Urvaius,435.171875,-96.078125,1,4.0,0.5,0.8139995
Rocks,1,WOD_Rocks_Round_Small_09,153,423,112,24,89,Urvaius,423.1875,-112.3046875,1,4.0,0.5,0.9083147
Rocks,1,WOD_Rocks_Round_Small_05,104,437,97,64,117,Urvaius,437.5,-97.0859375,1,4.0,0.5,0.8713894
Rocks,1,WOD_Rocks_Round_Small_08,133,415,115,123,125,Urvaius,415.9609375,-115.0234375,1,4.0,0.5,0.9970989
Rocks,1,WOD_Rocks_Round_Small_09,-100,424,109,54,41,Urvaius,424.421875,-109.6796875,1,4.0,0.5,0.779206
Rocks,1,WOD_Rocks_Round_Small_01,-8,458,56,14,19,Urvaius,458.109375,-56.8515625,1,4.0,0.5,0.8392398
Rocks,1,WOD_Rocks_Round_Small_02,157,444,98,1,56,Urvaius,444.0078125,-98.5625,1,4.0,0.5,0.757991
Rocks,1,WOD_Rocks_Round_Small_10,65,461,95,109,7,Urvaius,461.8515625,-95.9453125,1,4.0,0.5,0.8118429
Rocks,1,WOD_Rocks_Round_Small_02,106,425,109,109,13,Urvaius,425.8515625,-109.8984375,1,4.0,0.5,0.7707952
Rocks,1,WOD_Rocks_Round_Small_05,-62,421,109,110,14,Urvaius,421.859375,-109.890625,1,4.0,0.5,0.8229775
Rocks,1,WOD_Rocks_Round_Small_03,93,469,116,92,25,Urvaius,469.71875,-116.8046875,1,4.0,0.5,0.7931894
Rocks,1,WOD_Rocks_Round_Small_09,-73,447,108,106,16,Urvaius,447.828125,-108.875,1,4.0,0.5,0.8504826
Rocks,1,WOD_Rocks_Round_Small_08,20,439,106,23,30,Urvaius,439.1796875,-106.765625,1,4.0,0.5,0.9020993
Rocks,1,WOD_Rocks_Round_Small_06,-46,460,73,0,3,Urvaius,460.0,-73.9765625,1,4.0,0.5,0.8517907
Rocks,1,WOD_Rocks_Round_Small_04,-121,431,110,15,44,Urvaius,431.1171875,-110.65625,1,4.0,0.5,0.7792283
Rocks,1,WOD_Rocks_Round_Small_02,-5,432,80,24,116,Urvaius,432.1875,-80.09375,1,4.0,0.5,0.8461661
Rocks,1,WOD_Rocks_Round_Small_09,-92,470,93,8,100,Urvaius,470.0625,-93.21875,1,4.0,0.5,0.9760205
Rocks,1,WOD_Rocks_Round_Small_08,122,473,95,87,121,Urvaius,473.6796875,-95.0546875,1,4.0,0.5,0.9376459
Rocks,1,WOD_Rocks_Round_Small_01,-32,440,42,56,33,Urvaius,440.4375,-42.7421875,1,4.0,0.5,0.9852216
Rocks,1,WOD_Rocks_Round_Small_08,-117,465,95,38,62,Urvaius,465.296875,-95.515625,1,4.0,0.5,0.8930873
Rocks,1,WOD_Rocks_Round_Small_03,131,424,80,73,50,Urvaius,424.5703125,-80.609375,1,4.0,0.5,0.994532
Rocks,1,WOD_Rocks_Round_Small_08,-23,424,79,74,103,Urvaius,424.578125,-79.1953125,1,4.0,0.5,0.9574233
Rocks,1,WOD_Rocks_Round_Small_10,27,437,79,102,16,Urvaius,437.796875,-79.875,1,4.0,0.5,0.9412156
Rocks,1,WOD_Rocks_Round_Small_04,-39,419,102,20,107,Urvaius,419.15625,-102.1640625,1,4.0,0.5,0.8869728
Rocks,1,WOD_Rocks_Round_Small_06,56,440,46,46,39,Urvaius,440.359375,-46.6953125,1,4.0,0.5,0.9679039
Rocks,1,WOD_Rocks_Round_Small_09,96,425,94,68,42,Urvaius,425.53125,-94.671875,1,4.0,0.5,0.9015779
Rocks,1,WOD_Rocks_Round_Small_10,37,472,100,83,59,Urvaius,472.6484375,-100.5390625,1,4.0,0.5,0.9877051
Rocks,1,WOD_Rocks_Round_Small_05,179,428,102,59,114,Urvaius,428.4609375,-102.109375,1,4.0,0.5,0.9713666
Rocks,1,WOD_Rocks_Round_Small_10,-19,460,99,35,37,Urvaius,460.2734375,-99.7109375,1,4.0,0.5,0.7668862
Rocks,1,WOD_Rocks_Round_Small_01,-49,411,111,72,114,Urvaius,411.5625,-111.109375,1,4.0,0.5,0.940015
Rocks,1,WOD_Rocks_Round_Small_06,-9,443,75,29,73,Urvaius,443.2265625,-75.4296875,1,4.0,0.5,0.8134649
Rocks,1,WOD_Rocks_Round_Small_02,172,429,116,108,3,Urvaius,429.84375,-116.9765625,1,4.0,0.5,0.9714281
Rocks,1,WOD_Rocks_Round_Small_03,-15,486,59,35,42,Urvaius,486.2734375,-59.671875,1,4.0,0.5,0.8425301
Rocks,1,WOD_Rocks_Round_Small_10,153,467,77,6,84,Urvaius,467.046875,-77.34375,1,4.0,0.5,0.9238952
Rocks,1,WOD_Rocks_Round_Small_04,142,459,52,1,27,Urvaius,459.0078125,-52.7890625,1,4.0,0.5,0.7641926
Rocks,1,WOD_Rocks_Round_Small_02,-103,425,73,111,54,Urvaius,425.8671875,-73.578125,1,4.0,0.5,0.8354532
Rocks,1,WOD_Rocks_Round_Small_08,-1,407,110,100,21,Urvaius,407.78125,-110.8359375,1,4.0,0.5,0.8878539
Rocks,1,WOD_Rocks_Round_Small_10,-55,485,134,5,18,Urvaius,485.0390625,-134.859375,1,4.0,0.5,0.9191374
Rocks,1,WOD_Rocks_Round_Small_02,-170,438,113,32,31,Urvaius,438.25,-113.7578125,1,4.0,0.5,0.7503459
Rocks,1,WOD_Rocks_Round_Small_05,76,413,117,42,118,Urvaius,413.328125,-117.078125,1,4.0,0.5,0.9576893
Rocks,1,WOD_Rocks_Round_Small_01,-96,418,107,56,4,Urvaius,418.4375,-107.96875,1,4.0,0.5,0.8508474
Rocks,1,WOD_Rocks_Round_Small_01,-70,452,73,54,41,Urvaius,452.421875,-73.6796875,1,4.0,0.5,0.7840773
Rocks,1,WOD_Rocks_Round_Small_02,34,423,105,123,123,Urvaius,423.9609375,-105.0390625,1,4.0,0.5,0.9879642
Rocks,1,WOD_Rocks_Round_Small_03,137,414,109,114,28,Urvaius,414.890625,-109.78125,1,4.0,0.5,0.9103132
Rocks,1,WOD_Rocks_Round_Small_02,33,459,52,79,40,Urvaius,459.6171875,-52.6875,1,4.0,0.5,0.8770635
Rocks,1,WOD_Rocks_Round_Small_04,1,455,53,6,37,Urvaius,455.046875,-53.7109375,1,4.0,0.5,0.8215298
Rocks,1,WOD_Rocks_Round_Small_06,122,484,100,54,91,Urvaius,484.421875,-100.2890625,1,4.0,0.5,0.8605667
Rocks,1,WOD_Rocks_Round_Small_06,55,424,80,105,56,Urvaius,424.8203125,-80.5625,1,4.0,0.5,0.7573689
Rocks,1,WOD_Rocks_Round_Small_09,103,440,107,124,22,Urvaius,440.96875,-107.828125,1,4.0,0.5,0.7897124
Rocks,1,WOD_Rocks_Round_Small_08,13,429,78,15,71,Urvaius,429.1171875,-78.4453125,1,4.0,0.5,0.8029357
Rocks,1,WOD_Rocks_Round_Small_04,39,417,102,13,100,Urvaius,417.1015625,-102.21875,1,4.0,0.5,0.7745092
Rocks,1,WOD_Rocks_Round_Small_03,29,435,112,77,111,Urvaius,435.6015625,-112.1328125,1,4.0,0.5,0.787734
Rocks,1,WOD_Rocks_Round_Small_03,-59,432,108,124,16,Urvaius,432.96875,-108.875,1,4.0,0.5,0.9418966
Rocks,1,WOD_Rocks_Round_Small_05,-128,473,76,109,30,Urvaius,473.8515625,-76.765625,1,4.0,0.5,0.9317069
Rocks,1,WOD_Rocks_Round_Small_04,-174,442,99,56,102,Urvaius,442.4375,-99.203125,1,4.0,0.5,0.8034264
Rocks,1,WOD_Rocks_Round_Small_06,-162,429,97,17,64,Urvaius,429.1328125,-97.5,1,4.0,0.5,0.8271574
Rocks,1,WOD_Rocks_Round_Small_06,-114,424,108,92,56,Urvaius,424.71875,-108.5625,1,4.0,0.5,0.8775471
Rocks,1,WOD_Rocks_Round_Small_08,114,468,58,64,30,Urvaius,468.5,-58.765625,1,4.0,0.5,0.8713284
Rocks,1,WOD_Rocks_Round_Small_10,-76,426,104,104,88,Urvaius,426.8125,-104.3125,1,4.0,0.5,0.8234207
Rocks,1,WOD_Rocks_Round_Small_05,119,434,95,18,45,Urvaius,434.140625,-95.6484375,1,4.0,0.5,0.9094649
Rocks,1,WOD_Rocks_Round_Small_02,103,483,131,83,25,Urvaius,483.6484375,-131.8046875,1,4.0,0.5,0.8813688
Rocks,1,WOD_Rocks_Round_Small_03,97,420,76,6,118,Urvaius,420.046875,-76.078125,1,4.0,0.5,0.9436375
Rocks,1,WOD_Rocks_Round_Small_06,108,484,101,109,99,Urvaius,484.8515625,-101.2265625,1,4.0,0.5,0.8819421
Rocks,1,WOD_Rocks_Round_Small_03,94,421,75,118,1,Urvaius,421.921875,-75.9921875,1,4.0,0.5,0.7710323
Rocks,1,WOD_Rocks_Round_Small_08,39,453,106,52,105,Urvaius,453.40625,-106.1796875,1,4.0,0.5,0.9814575
Rocks,1,WOD_Rocks_Round_Small_09,-106,422,78,19,35,Urvaius,422.1484375,-78.7265625,1,4.0,0.5,0.8135302
Rocks,1,WOD_Rocks_Round_Small_07,96,436,112,9,48,Urvaius,436.0703125,-112.625,1,4.0,0.5,0.9285847
Rocks,1,WOD_Rocks_Round_Small_04,38,462,100,63,8,Urvaius,462.4921875,-100.9375,1,4.0,0.5,0.9683565
Rocks,1,WOD_Rocks_Round_Small_09,-117,440,50,47,68,Urvaius,440.3671875,-50.46875,1,4.0,0.5,0.7752579
Rocks,1,WOD_Rocks_Round_Small_09,27,441,112,82,82,Urvaius,441.640625,-112.359375,1,4.0,0.5,0.7806932
Rocks,1,WOD_Rocks_Round_Small_05,62,411,117,44,109,Urvaius,411.34375,-117.1484375,1,4.0,0.5,0.9668574
Rocks,1,WOD_Rocks_Round_Small_02,26,417,105,49,75,Urvaius,417.3828125,-105.4140625,1,4.0,0.5,0.8103251
Rocks,1,WOD_Rocks_Round_Small_10,-173,430,110,118,104,Urvaius,430.921875,-110.1875,1,4.0,0.5,0.9808323
Rocks,1,WOD_Rocks_Round_Small_04,-159,467,97,20,10,Urvaius,467.15625,-97.921875,1,4.0,0.5,0.9612762
Rocks,1,WOD_Rocks_Round_Small_05,-61,464,98,54,44,Urvaius,464.421875,-98.65625,1,4.0,0.5,0.8139384
Rocks,1,WOD_Rocks_Round_Small_08,168,428,115,77,67,Urvaius,428.6015625,-115.4765625,1,4.0,0.5,0.8179532
Rocks,1,WOD_Rocks_Round_Small_07,-78,453,75,99,94,Urvaius,453.7734375,-75.265625,1,4.0,0.5,0.8822219
Rocks,1,WOD_Rocks_Round_Small_04,93,458,52,74,1,Urvaius,458.578125,-52.9921875,1,4.0,0.5,0.8619192
Rocks,1,WOD_Rocks_Round_Small_09,-158,442,103,73,114,Urvaius,442.5703125,-103.109375,1,4.0,0.5,0.8072475
Rocks,1,WOD_Rocks_Round_Small_05,27,428,75,58,109,Urvaius,428.453125,-75.1484375,1,4.0,0.5,0.855051
Rocks,1,WOD_Rocks_Round_Small_04,127,424,109,17,63,Urvaius,424.1328125,-109.5078125,1,4.0,0.5,0.8408797
Rocks,1,WOD_Rocks_Round_Small_01,-157,477,79,70,103,Urvaius,477.546875,-79.1953125,1,4.0,0.5,0.9845898
Rocks,1,WOD_Rocks_Round_Small_09,-29,425,82,73,104,Urvaius,425.5703125,-82.1875,1,4.0,0.5,0.9418495
Rocks,1,WOD_Rocks_Round_Small_06,-91,443,47,51,13,Urvaius,443.3984375,-47.8984375,1,4.0,0.5,0.9428032
Rocks,1,WOD_Rocks_Round_Small_01,-39,449,105,68,45,Urvaius,449.53125,-105.6484375,1,4.0,0.5,0.8825275
Rocks,1,WOD_Rocks_Round_Small_01,154,445,108,18,4,Urvaius,445.140625,-108.96875,1,4.0,0.5,0.7581072
Rocks,1,WOD_Rocks_Round_Small_09,-154,429,76,93,12,Urvaius,429.7265625,-76.90625,1,4.0,0.5,0.909216
Rocks,1,WOD_Rocks_Round_Small_08,75,427,105,22,25,Urvaius,427.171875,-105.8046875,1,4.0,0.5,0.8766133
Rocks,1,WOD_Rocks_Round_Small_02,135,462,71,13,66,Urvaius,462.1015625,-71.484375,1,4.0,0.5,0.8447058
Rocks,1,WOD_Rocks_Round_Small_07,-5,444,109,27,22,Urvaius,444.2109375,-109.828125,1,4.0,0.5,0.7508062
Rocks,1,WOD_Rocks_Round_Small_05,34,462,76,67,28,Urvaius,462.5234375,-76.78125,1,4.0,0.5,0.9303978
Rocks,1,WOD_Rocks_Round_Small_03,74,481,56,128,5,Urvaius,482.0,-56.9609375,1,4.0,0.5,0.7829315
Rocks,1,WOD_Rocks_Round_Small_09,139,464,78,111,49,Urvaius,464.8671875,-78.6171875,1,4.0,0.5,0.8667284
Rocks,1,WOD_Rocks_Round_Small_04,-53,456,72,46,42,Urvaius,456.359375,-72.671875,1,4.0,0.5,0.9366551
Rocks,1,WOD_Rocks_Round_Small_01,-68,440,50,59,5,Urvaius,440.4609375,-50.9609375,1,4.0,0.5,0.8053228
Rocks,1,WOD_Rocks_Round_Small_08,28,475,98,97,22,Urvaius,475.7578125,-98.828125,1,4.0,0.5,0.8404701
Rocks,1,WOD_Rocks_Round_Small_01,44,462,56,69,27,Urvaius,462.5390625,-56.7890625,1,4.0,0.5,0.8159809
Rocks,1,WOD_Rocks_Round_Small_09,-146,441,109,114,12,Urvaius,441.890625,-109.90625,1,4.0,0.5,0.9974067
Rocks,1,WOD_Rocks_Round_Small_10,77,430,102,72,73,Urvaius,430.5625,-102.4296875,1,4.0,0.5,0.7651049
Rocks,1,WOD_Rocks_Round_Small_03,-123,484,135,19,125,Urvaius,484.1484375,-135.0234375,1,4.0,0.5,0.9707615
Rocks,1,WOD_Rocks_Round_Small_07,-93,438,119,4,48,Urvaius,438.03125,-119.625,1,4.0,0.5,0.9456627
Rocks,1,WOD_Rocks_Round_Small_08,89,424,108,9,32,Urvaius,424.0703125,-108.75,1,4.0,0.5,0.8913891
Rocks,1,WOD_Rocks_Round_Small_04,-80,469,61,108,32,Urvaius,469.84375,-61.75,1,4.0,0.5,0.8564324
Rocks,1,WOD_Rocks_Round_Small_06,-6,408,104,70,96,Urvaius,408.546875,-104.25,1,4.0,0.5,0.8635405
Rocks,1,WOD_Rocks_Round_Small_10,71,459,55,100,54,Urvaius,459.78125,-55.578125,1,4.0,0.5,0.9526001
Rocks,1,WOD_Rocks_Round_Small_05,-166,424,80,123,37,Urvaius,424.9609375,-80.7109375,1,4.0,0.5,0.9501775
Rocks,1,WOD_Rocks_Round_Small_02,15,431,114,58,109,Urvaius,431.453125,-114.1484375,1,4.0,0.5,0.8544874
Rocks,1,WOD_Rocks_Round_Small_06,-14,473,96,110,45,Urvaius,473.859375,-96.6484375,1,4.0,0.5,0.8174282
Rocks,1,WOD_Rocks_Round_Small_02,43,464,57,1,85,Urvaius,464.0078125,-57.3359375,1,4.0,0.5,0.93774
Rocks,1,WOD_Rocks_Round_Small_01,54,449,53,42,107,Urvaius,449.328125,-53.1640625,1,4.0,0.5,0.7586988
Rocks,1,WOD_Rocks_Round_Small_02,-43,409,106,56,33,Urvaius,409.4375,-106.7421875,1,4.0,0.5,0.865177
Rocks,1,WOD_Rocks_Round_Small_06,40,442,47,35,47,Urvaius,442.2734375,-47.6328125,1,4.0,0.5,0.8850214
Rocks,1,WOD_Rocks_Round_Small_07,-11,436,109,47,50,Urvaius,436.3671875,-109.609375,1,4.0,0.5,0.9788721
Rocks,1,WOD_Rocks_Round_Small_06,39,468,52,33,72,Urvaius,468.2578125,-52.4375,1,4.0,0.5,0.814516
Rocks,1,WOD_Rocks_Round_Small_04,-146,448,52,88,79,Urvaius,448.6875,-52.3828125,1,4.0,0.5,0.7942681
Rocks,1,WOD_Rocks_Round_Small_09,-161,437,48,105,89,Urvaius,437.8203125,-48.3046875,1,4.0,0.5,0.8426935
Rocks,1,WOD_Rocks_Round_Small_09,-1,413,112,4,58,Urvaius,413.03125,-112.546875,1,4.0,0.5,0.8485871
Rocks,1,WOD_Rocks_Round_Small_04,-108,442,48,40,19,Urvaius,442.3125,-48.8515625,1,4.0,0.5,0.8210033
Rocks,1,WOD_Rocks_Round_Small_03,-5,449,78,78,84,Urvaius,449.609375,-78.34375,1,4.0,0.5,0.8243739
Rocks,1,WOD_Rocks_Round_Small_06,118,470,93,22,73,Urvaius,470.171875,-93.4296875,1,4.0,0.5,0.8898577
Rocks,1,WOD_Rocks_Round_Small_08,-23,429,110,33,70,Urvaius,429.2578125,-110.453125,1,4.0,0.5,0.938714
Rocks,1,WOD_Rocks_Round_Small_05,-112,423,110,120,105,Urvaius,423.9375,-110.1796875,1,4.0,0.5,0.7540475
Rocks,1,WOD_Rocks_Round_Small_02,-64,443,75,101,107,Urvaius,443.7890625,-75.1640625,1,4.0,0.5,0.8841824
Rocks,1,WOD_Rocks_Round_Small_07,-170,475,100,81,82,Urvaius,475.6328125,-100.359375,1,4.0,0.5,0.7831209
Rocks,1,WOD_Rocks_Round_Small_01,20,429,114,29,30,Urvaius,429.2265625,-114.765625,1,4.0,0.5,0.8257196
Rocks,1,WOD_Rocks_Round_Small_09,-88,460,55,88,95,Urvaius,460.6875,-55.2578125,1,4.0,0.5,0.9519424
Rocks,1,WOD_Rocks_Round_Small_07,-76,458,68,108,0,Urvaius,458.84375,-69.0,1,4.0,0.5,0.7810453
Rocks,1,WOD_Rocks_Round_Small_07,3,453,105,65,72,Urvaius,453.5078125,-105.4375,1,4.0,0.5,0.9959359
Rocks,1,WOD_Rocks_Round_Small_06,100,423,115,56,3,Urvaius,423.4375,-115.9765625,1,4.0,0.5,0.9441321
Rocks,1,WOD_Rocks_Round_Small_03,-88,418,110,46,96,Urvaius,418.359375,-110.25,1,4.0,0.5,0.8298778
Rocks,1,WOD_Rocks_Round_Small_07,-65,459,100,27,70,Urvaius,459.2109375,-100.453125,1,4.0,0.5,0.7553611
Rocks,1,WOD_Rocks_Round_Small_08,-139,483,57,68,71,Urvaius,483.53125,-57.4453125,1,4.0,0.5,0.751112
Rocks,1,WOD_Rocks_Round_Small_01,44,415,101,13,30,Urvaius,415.1015625,-101.765625,1,4.0,0.5,0.8287073
Rocks,1,WOD_Rocks_Round_Small_05,6,430,113,58,28,Urvaius,430.453125,-113.78125,1,4.0,0.5,0.8922256
Rocks,1,WOD_Rocks_Round_Small_05,140,413,111,99,35,Urvaius,413.7734375,-111.7265625,1,4.0,0.5,0.9053149
Rocks,1,WOD_Rocks_Round_Small_06,-138,450,102,90,27,Urvaius,450.703125,-102.7890625,1,4.0,0.5,0.9586349
Rocks,1,WOD_Rocks_Round_Small_06,-58,487,75,68,22,Urvaius,487.53125,-75.828125,1,4.0,0.5,0.7593595
Rocks,1,WOD_Rocks_Round_Small_07,52,423,110,96,17,Urvaius,423.75,-110.8671875,1,4.0,0.5,0.8325867
Rocks,1,WOD_Rocks_Round_Small_04,-170,437,106,90,50,Urvaius,437.703125,-106.609375,1,4.0,0.5,0.7827662
Rocks,1,WOD_Rocks_Round_Small_07,-178,462,99,54,9,Urvaius,462.421875,-99.9296875,1,4.0,0.5,0.9055751
Rocks,1,WOD_Rocks_Round_Small_05,-50,442,107,18,5,Urvaius,442.140625,-107.9609375,1,4.0,0.5,0.8849977
Rocks,1,WOD_Rocks_Round_Small_03,138,467,77,90,121,Urvaius,467.703125,-77.0546875,1,4.0,0.5,0.9264168
Rocks,1,WOD_Rocks_Round_Small_06,-141,474,100,3,93,Urvaius,474.0234375,-100.2734375,1,4.0,0.5,0.909894
Rocks,1,WOD_Rocks_Round_Small_07,-73,468,93,52,22,Urvaius,468.40625,-93.828125,1,4.0,0.5,0.8062079
Rocks,1,WOD_Rocks_Round_Small_06,54,435,115,59,82,Urvaius,435.4609375,-115.359375,1,4.0,0.5,0.9707647
Rocks,1,WOD_Rocks_Round_Small_01,-49,477,97,122,47,Urvaius,477.953125,-97.6328125,1,4.0,0.5,0.8295998
Rocks,1,WOD_Rocks_Round_Small_09,-111,453,100,19,49,Urvaius,453.1484375,-100.6171875,1,4.0,0.5,0.9298255
Rocks,1,WOD_Rocks_Round_Small_02,132,483,59,105,114,Urvaius,483.8203125,-59.109375,1,4.0,0.5,0.9976239
Rocks,1,WOD_Rocks_Round_Small_10,-87,486,79,41,30,Urvaius,486.3203125,-79.765625,1,4.0,0.5,0.8614767
Rocks,1,WOD_Rocks_Round_Small_01,66,468,98,29,57,Urvaius,468.2265625,-98.5546875,1,4.0,0.5,0.7720507
Rocks,1,WOD_Rocks_Round_Small_06,-132,441,107,83,32,Urvaius,441.6484375,-107.75,1,4.0,0.5,0.765998
Rocks,1,WOD_Rocks_Round_Small_10,-135,432,104,82,64,Urvaius,432.640625,-104.5,1,4.0,0.5,0.8946112
Rocks,1,WOD_Rocks_Round_Small_07,-31,462,78,102,105,Urvaius,462.796875,-78.1796875,1,4.0,0.5,0.8443441
Rocks,1,WOD_Rocks_Round_Small_08,-16,439,100,79,40,Urvaius,439.6171875,-100.6875,1,4.0,0.5,0.9614111
Rocks,1,WOD_Rocks_Round_Small_08,-101,453,78,54,54,Urvaius,453.421875,-78.578125,1,4.0,0.5,0.8526047
Rocks,1,WOD_Rocks_Round_Small_10,156,437,98,28,13,Urvaius,437.21875,-98.8984375,1,4.0,0.5,0.7676055
Rocks,1,WOD_Rocks_Round_Small_09,160,459,103,12,125,Urvaius,459.09375,-103.0234375,1,4.0,0.5,0.8147705
Rocks,1,WOD_Rocks_Round_Small_04,47,415,105,88,105,Urvaius,415.6875,-105.1796875,1,4.0,0.5,0.87042
Rocks,1,WOD_Rocks_Round_Small_07,45,443,110,10,54,Urvaius,443.078125,-110.578125,1,4.0,0.5,0.9663026
Rocks,1,WOD_Rocks_Round_Small_01,-21,479,57,50,64,Urvaius,479.390625,-57.5,1,4.0,0.5,0.8480436
Rocks,1,WOD_Rocks_Round_Small_10,0,438,48,91,108,Urvaius,438.7109375,-48.15625,1,4.0,0.5,0.8049479
Rocks,1,WOD_Rocks_Round_Small_06,-19,432,93,69,5,Urvaius,432.5390625,-93.9609375,1,4.0,0.5,0.807868
Rocks,1,WOD_Rocks_Round_Small_02,-122,469,116,29,72,Urvaius,469.2265625,-116.4375,1,4.0,0.5,0.8950346
Rocks,1,WOD_Rocks_Round_Small_10,-47,434,96,116,5,Urvaius,434.90625,-96.9609375,1,4.0,0.5,0.8254116
Rocks,1,WOD_Rocks_Round_Small_10,161,423,78,29,31,Urvaius,423.2265625,-78.7578125,1,4.0,0.5,0.9504105
Rocks,1,WOD_Rocks_Round_Small_06,-14,464,72,3,113,Urvaius,464.0234375,-72.1171875,1,4.0,0.5,0.7538743
Rocks,1,WOD_Rocks_Round_Small_09,78,416,111,76,96,Urvaius,416.59375,-111.25,1,4.0,0.5,0.8053558
Rocks,1,WOD_Rocks_Round_Small_08,77,467,101,59,71,Urvaius,467.4609375,-101.4453125,1,4.0,0.5,0.8360423
Rocks,1,WOD_Rocks_Round_Small_10,147,440,103,17,12,Urvaius,440.1328125,-103.90625,1,4.0,0.5,0.9652781
Rocks,1,WOD_Rocks_Round_Small_07,136,465,72,115,19,Urvaius,465.8984375,-72.8515625,1,4.0,0.5,0.9643381
Rocks,1,WOD_Rocks_Round_Small_04,67,442,50,12,62,Urvaius,442.09375,-50.515625,1,4.0,0.5,0.9660636
Rocks,1,WOD_Rocks_Round_Small_04,170,440,46,45,39,Urvaius,440.3515625,-46.6953125,1,4.0,0.5,0.8441469
Rocks,1,WOD_Rocks_Round_Small_03,142,417,100,70,26,Urvaius,417.546875,-100.796875,1,4.0,0.5,0.9027272
Rocks,1,WOD_Rocks_Round_Small_05,99,441,75,82,28,Urvaius,441.640625,-75.78125,1,4.0,0.5,0.9352973
Rocks,1,WOD_Rocks_Round_Small_02,-62,477,129,27,125,Urvaius,477.2109375,-129.0234375,1,4.0,0.5,0.7561245
Rocks,1,WOD_Rocks_Round_Small_06,-99,432,112,40,39,Urvaius,432.3125,-112.6953125,1,4.0,0.5,0.9038047
Rocks,1,WOD_Rocks_Round_Small_02,96,422,76,86,10,Urvaius,422.671875,-76.921875,1,4.0,0.5,0.9908397
Rocks,1,WOD_Rocks_Round_Small_01,152,480,57,95,44,Urvaius,480.7421875,-57.65625,1,4.0,0.5,0.8979867
Rocks,1,WOD_Rocks_Round_Small_06,72,439,43,46,90,Urvaius,439.359375,-43.296875,1,4.0,0.5,0.8065175
Rocks,1,WOD_Rocks_Round_Small_09,123,436,110,61,118,Urvaius,436.4765625,-110.078125,1,4.0,0.5,0.8485744
Rocks,1,WOD_Rocks_Round_Small_09,-124,471,58,88,91,Urvaius,471.6875,-58.2890625,1,4.0,0.5,0.9808568
Rocks,1,WOD_Rocks_Round_Small_09,-43,471,51,116,7,Urvaius,471.90625,-51.9453125,1,4.0,0.5,0.8600224
Rocks,1,WOD_Rocks_Round_Small_06,118,486,79,19,100,Urvaius,486.1484375,-79.21875,1,4.0,0.5,0.7964042
Rocks,1,WOD_Rocks_Round_Small_09,89,425,111,60,122,Urvaius,425.46875,-111.046875,1,4.0,0.5,0.8406006
Rocks,1,WOD_Rocks_Round_Small_05,-98,424,78,68,112,Urvaius,424.53125,-78.125,1,4.0,0.5,0.7832113
Rocks,1,WOD_Rocks_Round_Small_08,-78,436,108,101,66,Urvaius,436.7890625,-108.484375,1,4.0,0.5,0.9617807
Rocks,1,WOD_Rocks_Round_Small_07,-128,422,104,26,23,Urvaius,422.203125,-104.8203125,1,4.0,0.5,0.9922028
Rocks,1,WOD_Rocks_Round_Small_06,-82,477,130,72,23,Urvaius,477.5625,-130.8203125,1,4.0,0.5,0.7539229
Rocks,1,WOD_Rocks_Round_Small_04,-86,447,77,29,90,Urvaius,447.2265625,-77.296875,1,4.0,0.5,0.8362415
Rocks,1,WOD_Rocks_Round_Small_04,-88,425,114,73,16,Urvaius,425.5703125,-114.875,1,4.0,0.5,0.9517654
Rocks,1,WOD_Rocks_Round_Small_04,78,456,72,127,88,Urvaius,456.9921875,-72.3125,1,4.0,0.5,0.9938954
Rocks,1,WOD_Rocks_Round_Small_06,-3,438,109,73,120,Urvaius,438.5703125,-109.0625,1,4.0,0.5,0.9976262
Rocks,1,WOD_Rocks_Round_Small_07,-18,421,109,105,36,Urvaius,421.8203125,-109.71875,1,4.0,0.5,0.9503731
Rocks,1,WOD_Rocks_Round_Small_02,-32,420,75,12,102,Urvaius,420.09375,-75.203125,1,4.0,0.5,0.8760229
Rocks,1,WOD_Rocks_Round_Small_01,51,426,107,119,89,Urvaius,426.9296875,-107.3046875,1,4.0,0.5,0.9162238
Rocks,1,WOD_Rocks_Round_Small_03,-176,466,119,55,96,Urvaius,466.4296875,-119.25,1,4.0,0.5,0.7504876
Rocks,1,WOD_Rocks_Round_Small_04,-13,424,114,108,4,Urvaius,424.84375,-114.96875,1,4.0,0.5,0.7987492
Rocks,1,WOD_Rocks_Round_Small_02,159,440,82,120,117,Urvaius,440.9375,-82.0859375,1,4.0,0.5,0.8197402
Rocks,1,WOD_Rocks_Round_Small_09,121,420,74,92,98,Urvaius,420.71875,-74.234375,1,4.0,0.5,0.7635275
Rocks,1,WOD_Rocks_Round_Small_02,-153,467,54,90,50,Urvaius,467.703125,-54.609375,1,4.0,0.5,0.7879745
Rocks,1,WOD_Rocks_Round_Small_10,114,460,76,120,54,Urvaius,460.9375,-76.578125,1,4.0,0.5,0.9886041
Rocks,1,WOD_Rocks_Round_Small_06,-172,436,103,91,44,Urvaius,436.7109375,-103.65625,1,4.0,0.5,0.9204924
Rocks,1,WOD_Rocks_Round_Small_07,136,467,58,78,42,Urvaius,467.609375,-58.671875,1,4.0,0.5,0.7790322
Rocks,1,WOD_Rocks_Round_Small_05,45,483,78,46,0,Urvaius,483.359375,-79.0,1,4.0,0.5,0.9300242
Rocks,1,WOD_Rocks_Round_Small_01,-51,407,111,67,56,Urvaius,407.5234375,-111.5625,1,4.0,0.5,0.9760004
Rocks,1,WOD_Rocks_Round_Small_06,-53,466,56,69,27,Urvaius,466.5390625,-56.7890625,1,4.0,0.5,0.8497451
Rocks,1,WOD_Rocks_Round_Small_05,137,415,108,127,66,Urvaius,415.9921875,-108.484375,1,4.0,0.5,0.9420814
Rocks,1,WOD_Rocks_Round_Small_02,-15,442,103,127,93,Urvaius,442.9921875,-103.2734375,1,4.0,0.5,0.7871102
Rocks,1,WOD_Rocks_Round_Small_10,-2,409,106,118,53,Urvaius,409.921875,-106.5859375,1,4.0,0.5,0.9146554
Rocks,1,WOD_Rocks_Round_Small_04,-159,425,115,35,81,Urvaius,425.2734375,-115.3671875,1,4.0,0.5,0.9132329
Rocks,1,WOD_Rocks_Round_Small_06,84,418,101,116,72,Urvaius,418.90625,-101.4375,1,4.0,0.5,0.7567413
Rocks,1,WOD_Rocks_Round_Small_09,71,422,75,69,4,Urvaius,422.5390625,-75.96875,1,4.0,0.5,0.8522118
Rocks,1,WOD_Rocks_Round_Small_06,-104,458,99,96,71,Urvaius,458.75,-99.4453125,1,4.0,0.5,0.7826281
Rocks,1,WOD_Rocks_Round_Small_10,128,430,97,63,35,Urvaius,430.4921875,-97.7265625,1,4.0,0.5,0.9224285
Rocks,1,WOD_Rocks_Round_Small_03,59,465,53,79,112,Urvaius,465.6171875,-53.125,1,4.0,0.5,0.7911047
Rocks,1,WOD_Rocks_Round_Small_09,-8,472,57,40,104,Urvaius,472.3125,-57.1875,1,4.0,0.5,0.8741117
Rocks,1,WOD_Rocks_Round_Small_03,75,419,100,102,118,Urvaius,419.796875,-100.078125,1,4.0,0.5,0.9422045
Rocks,1,WOD_Rocks_Round_Small_06,103,462,95,127,104,Urvaius,462.9921875,-95.1875,1,4.0,0.5,0.9086599
Rocks,1,WOD_Rocks_Round_Small_07,-164,412,115,127,109,Urvaius,412.9921875,-115.1484375,1,4.0,0.5,0.8503147
Rocks,1,WOD_Rocks_Round_Small_01,-65,468,99,59,99,Urvaius,468.4609375,-99.2265625,1,4.0,0.5,0.8910701
Rocks,1,WOD_Rocks_Round_Small_08,19,443,75,37,84,Urvaius,443.2890625,-75.34375,1,4.0,0.5,0.7712714
Rocks,1,WOD_Rocks_Round_Small_09,-129,483,134,5,10,Urvaius,483.0390625,-134.921875,1,4.0,0.5,0.8812147
Rocks,1,WOD_Rocks_Round_Small_03,-133,439,82,12,44,Urvaius,439.09375,-82.65625,1,4.0,0.5,0.9436661
Rocks,1,WOD_Rocks_Round_Small_09,175,443,101,105,27,Urvaius,443.8203125,-101.7890625,1,4.0,0.5,0.9347191
Rocks,1,WOD_Rocks_Round_Small_01,-27,433,94,106,35,Urvaius,433.828125,-94.7265625,1,4.0,0.5,0.7682589
Rocks,1,WOD_Rocks_Round_Small_02,-84,436,82,45,96,Urvaius,436.3515625,-82.25,1,4.0,0.5,0.7747513
Rocks,1,WOD_Rocks_Round_Small_03,66,424,101,10,17,Urvaius,424.078125,-101.8671875,1,4.0,0.5,0.833167
Rocks,1,WOD_Rocks_Round_Small_08,16,448,76,50,32,Urvaius,448.390625,-76.75,1,4.0,0.5,0.7577529
Rocks,1,WOD_Rocks_Round_Small_01,-21,482,100,49,126,Urvaius,482.3828125,-100.015625,1,4.0,0.5,0.8413548
Rocks,1,WOD_Rocks_Round_Small_05,64,454,71,41,94,Urvaius,454.3203125,-71.265625,1,4.0,0.5,0.8047336
Rocks,1,WOD_Rocks_Round_Small_08,-118,451,76,110,66,Urvaius,451.859375,-76.484375,1,4.0,0.5,0.7521388
Rocks,1,WOD_Rocks_Round_Small_01,-42,465,72,70,96,Urvaius,465.546875,-72.25,1,4.0,0.5,0.8377657
Rocks,1,WOD_Rocks_Round_Small_08,-172,423,101,114,121,Urvaius,423.890625,-101.0546875,1,4.0,0.5,0.8521618
Rocks,1,WOD_Rocks_Round_Small_10,18,426,79,87,67,Urvaius,426.6796875,-79.4765625,1,4.0,0.5,0.8060174
Rocks,1,WOD_Rocks_Round_Small_03,-55,431,112,123,53,Urvaius,431.9609375,-112.5859375,1,4.0,0.5,0.8853909
Rocks,1,WOD_Rocks_Round_Small_09,160,430,81,28,80,Urvaius,430.21875,-81.375,1,4.0,0.5,0.8171199
Rocks,1,WOD_Rocks_Round_Small_09,-35,483,79,52,66,Urvaius,483.40625,-79.484375,1,4.0,0.5,0.8357769
Rocks,1,WOD_Rocks_Round_Small_07,-7,423,116,8,13,Urvaius,423.0625,-116.8984375,1,4.0,0.5,0.8314738
Rocks,1,WOD_Rocks_Round_Small_09,132,421,107,40,53,Urvaius,421.3125,-107.5859375,1,5.0,0.5,0.8957455
Rocks,1,WOD_Rocks_Round_Small_03,-27,429,102,56,68,Urvaius,429.4375,-102.46875,1,5.0,0.5,0.866944
Rocks,1,WOD_Rocks_Round_Small_01,-148,436,100,125,28,Urvaius,436.9765625,-100.78125,1,5.0,0.5,0.8671879
Rocks,1,WOD_Rocks_Round_Small_07,138,443,76,106,52,Urvaius,443.828125,-76.59375,1,5.0,0.5,0.8735391
Rocks,1,WOD_Rocks_Round_Small_07,-171,435,100,6,88,Urvaius,435.046875,-100.3125,1,5.0,0.5,0.9602676
Rocks,1,WOD_Rocks_Round_Small_09,-48,414,110,12,31,Urvaius,414.09375,-110.7578125,1,5.0,0.5,0.9989605
Rocks,1,WOD_Rocks_Round_Small_01,-31,474,77,24,14,Urvaius,474.1875,-77.890625,1,5.0,0.5,0.8988892
Rocks,1,WOD_Rocks_Round_Small_02,29,469,57,127,80,Urvaius,469.9921875,-57.375,1,5.0,0.5,0.8536037
Rocks,1,WOD_Rocks_Round_Small_02,45,435,77,83,62,Urvaius,435.6484375,-77.515625,1,5.0,0.5,0.8154904
Rocks,1,WOD_Rocks_Round_Small_02,108,462,53,78,25,Urvaius,462.609375,-53.8046875,1,5.0,0.5,0.9056845
Rocks,1,WOD_Rocks_Round_Small_01,134,436,100,52,72,Urvaius,436.40625,-100.4375,1,5.0,0.5,0.9296056
Rocks,1,WOD_Rocks_Round_Small_06,-45,474,78,63,114,Urvaius,474.4921875,-78.109375,1,5.0,0.5,0.8185052
Rocks,1,WOD_Rocks_Round_Small_07,146,474,78,5,107,Urvaius,474.0390625,-78.1640625,1,5.0,0.5,0.9586806
Rocks,1,WOD_Rocks_Round_Small_08,-23,436,98,119,122,Urvaius,436.9296875,-98.046875,1,5.0,0.5,0.8206366
Rocks,1,WOD_Rocks_Round_Small_03,81,446,78,115,53,Urvaius,446.8984375,-78.5859375,1,5.0,0.5,0.7673234
Rocks,1,WOD_Rocks_Round_Small_05,55,428,102,105,4,Urvaius,428.8203125,-102.96875,1,5.0,0.5,0.764075
Rocks,1,WOD_Rocks_Round_Small_03,-34,462,74,35,33,Urvaius,462.2734375,-74.7421875,1,5.0,0.5,0.8858435
Rocks,1,WOD_Rocks_Round_Small_08,164,461,75,20,89,Urvaius,461.15625,-75.3046875,1,5.0,0.5,0.8655909
Rocks,1,WOD_Rocks_Round_Small_04,-106,443,76,88,98,Urvaius,443.6875,-76.234375,1,5.0,0.5,0.8418878
Rocks,1,WOD_Rocks_Round_Small_04,168,421,106,38,94,Urvaius,421.296875,-106.265625,1,5.0,0.5,0.8721467
Rocks,1,WOD_Rocks_Round_Small_04,87,456,51,4,90,Urvaius,456.03125,-51.296875,1,5.0,0.5,0.8826396
Rocks,1,WOD_Rocks_Round_Small_03,-175,435,102,108,121,Urvaius,435.84375,-102.0546875,1,5.0,0.5,0.9271572
Rocks,1,WOD_Rocks_Round_Small_04,146,462,75,24,84,Urvaius,462.1875,-75.34375,1,5.0,0.5,0.8350827
Rocks,1,WOD_Rocks_Round_Small_07,94,454,53,56,63,Urvaius,454.4375,-53.5078125,1,5.0,0.5,0.8819107
Rocks,1,WOD_Rocks_Round_Small_08,111,433,99,124,100,Urvaius,433.96875,-99.21875,1,5.0,0.5,0.9796797
Rocks,1,WOD_Rocks_Round_Small_03,76,461,76,92,31,Urvaius,461.71875,-76.7578125,1,5.0,0.5,0.9012405
Rocks,1,WOD_Rocks_Round_Small_04,14,430,98,12,35,Urvaius,430.09375,-98.7265625,1,5.0,0.5,0.9479712
Rocks,1,WOD_Rocks_Round_Small_03,84,443,77,99,91,Urvaius,443.7734375,-77.2890625,1,5.0,0.5,0.7607116
Rocks,1,WOD_Rocks_Round_Small_10,-3,426,100,65,105,Urvaius,426.5078125,-100.1796875,1,5.0,0.5,0.9264513
Rocks,1,WOD_Rocks_Round_Small_05,-139,453,74,45,94,Urvaius,453.3515625,-74.265625,1,5.0,0.5,0.7566197
Rocks,1,WOD_Rocks_Round_Small_06,116,442,76,65,81,Urvaius,442.5078125,-76.3671875,1,5.0,0.5,0.795981
Rocks,1,WOD_Rocks_Round_Small_04,-14,433,99,74,96,Urvaius,433.578125,-99.25,1,5.0,0.5,0.8990625
Rocks,1,WOD_Rocks_Round_Small_04,118,421,107,22,116,Urvaius,421.171875,-107.09375,1,5.0,0.5,0.9474952
Rocks,1,WOD_Rocks_Round_Small_09,-69,446,78,116,66,Urvaius,446.90625,-78.484375,1,5.0,0.5,0.9327829
Rocks,1,WOD_Rocks_Round_Small_08,122,440,76,19,85,Urvaius,440.1484375,-76.3359375,1,5.0,0.5,0.8452765
Rocks,1,WOD_Rocks_Round_Small_06,24,462,96,54,22,Urvaius,462.421875,-96.828125,1,5.0,0.5,0.7747344
Rocks,1,WOD_Rocks_Round_Small_01,52,430,103,123,14,Urvaius,430.9609375,-103.890625,1,5.0,0.5,0.9609986
Rocks,1,WOD_Rocks_Round_Small_04,-12,462,96,104,42,Urvaius,462.8125,-96.671875,1,5.0,0.5,0.9219419
Rocks,1,WOD_Rocks_Round_Small_01,81,417,109,106,81,Urvaius,417.828125,-109.3671875,1,5.0,0.5,0.8952574
Rocks,1,WOD_Rocks_Round_Small_05,-10,437,100,54,57,Urvaius,437.421875,-100.5546875,1,5.0,0.5,0.9238183
Rocks,1,WOD_Rocks_Round_Small_04,72,430,98,100,89,Urvaius,430.78125,-98.3046875,1,5.0,0.5,0.7931871
Rocks,1,WOD_Rocks_Round_Small_08,115,484,58,6,84,Urvaius,484.046875,-58.34375,1,5.0,0.5,0.8955727
Rocks,1,WOD_Rocks_Round_Small_09,-104,427,100,105,72,Urvaius,427.8203125,-100.4375,1,5.0,0.5,0.8752845
Rocks,1,WOD_Rocks_Round_Small_02,87,461,98,108,85,Urvaius,461.84375,-98.3359375,1,5.0,0.5,0.9370691
Rocks,1,WOD_Rocks_Round_Small_07,-10,444,75,99,41,Urvaius,444.7734375,-75.6796875,1,5.0,0.5,0.8754324
Rocks,1,WOD_Rocks_Round_Small_10,-10,452,77,99,105,Urvaius,452.7734375,-77.1796875,1,5.0,0.5,0.8311148
Rocks,1,WOD_Rocks_Round_Small_09,176,443,77,19,73,Urvaius,443.1484375,-77.4296875,1,5.0,0.5,0.9778482
Rocks,1,WOD_Rocks_Round_Small_06,-21,442,76,114,54,Urvaius,442.890625,-76.578125,1,5.0,0.5,0.7799239
Rocks,1,WOD_Rocks_Round_Small_02,26,468,55,86,48,Urvaius,468.671875,-55.625,1,5.0,0.5,0.769223
Rocks,1,WOD_Rocks_Round_Small_07,23,430,101,78,112,Urvaius,430.609375,-101.125,1,5.0,0.5,0.7554981
Rocks,1,WOD_Rocks_Round_Small_07,-143,428,101,84,118,Urvaius,428.65625,-101.078125,1,5.0,0.5,0.7838345
Rocks,1,WOD_Rocks_Round_Small_03,18,416,110,42,3,Urvaius,416.328125,-110.9765625,1,5.0,0.5,0.9056761
Rocks,1,WOD_Rocks_Round_Small_07,-68,432,100,40,84,Urvaius,432.3125,-100.34375,1,5.0,0.5,0.8858261
Rocks,1,WOD_Rocks_Round_Small_09,2,425,102,77,37,Urvaius,425.6015625,-102.7109375,1,5.0,0.5,0.8675519
Rocks,1,WOD_Rocks_Round_Small_09,-63,427,76,9,17,Urvaius,427.0703125,-76.8671875,1,5.0,0.5,0.783404
Rocks,1,WOD_Rocks_Round_Small_04,-155,434,95,114,12,Urvaius,434.890625,-95.90625,1,5.0,0.5,0.8808599
Rocks,1,WOD_Rocks_Round_Small_04,-114,464,97,12,27,Urvaius,464.09375,-97.7890625,1,5.0,0.5,0.9170785
Rocks,1,WOD_Rocks_Round_Small_04,-177,427,103,69,66,Urvaius,427.5390625,-103.484375,1,5.0,0.5,0.7904812
Rocks,1,WOD_Rocks_Round_Small_04,13,415,110,95,77,Urvaius,415.7421875,-110.3984375,1,5.0,0.5,0.7545303
Rocks,1,WOD_Rocks_Round_Small_05,-139,454,51,111,104,Urvaius,454.8671875,-51.1875,1,5.0,0.5,0.9205876
Rocks,1,WOD_Rocks_Round_Small_04,-23,436,76,124,50,Urvaius,436.96875,-76.609375,1,5.0,0.5,0.962008
Rocks,1,WOD_Rocks_Round_Small_02,108,453,51,67,81,Urvaius,453.5234375,-51.3671875,1,5.0,0.5,0.8354791
Rocks,1,WOD_Rocks_Round_Small_01,-55,435,45,74,76,Urvaius,435.578125,-45.40625,1,5.0,0.5,0.8218911
Rocks,1,WOD_Rocks_Round_Small_07,116,454,52,4,45,Urvaius,454.03125,-52.6484375,1,5.0,0.5,0.7840266
Rocks,1,WOD_Rocks_Round_Small_04,85,445,75,67,79,Urvaius,445.5234375,-75.3828125,1,5.0,0.5,0.8402532
Rocks,1,WOD_Rocks_Round_Small_05,167,435,102,26,105,Urvaius,435.203125,-102.1796875,1,5.0,0.5,0.9960364
Rocks,1,WOD_Rocks_Round_Small_10,-78,417,108,110,23,Urvaius,417.859375,-108.8203125,1,5.0,0.5,0.7604166
Rocks,1,WOD_Rocks_Round_Small_06,-80,430,79,38,117,Urvaius,430.296875,-79.0859375,1,5.0,0.5,0.819519
Rocks,1,WOD_Rocks_Round_Small_02,-90,467,56,116,89,Urvaius,467.90625,-56.3046875,1,5.0,0.5,0.8160163
Rocks,1,WOD_Rocks_Round_Small_03,-145,428,78,81,77,Urvaius,428.6328125,-78.3984375,1,5.0,0.5,0.7564874
Rocks,1,WOD_Rocks_Round_Small_10,-8,469,60,124,9,Urvaius,469.96875,-60.9296875,1,5.0,0.5,0.9916189
Rocks,1,WOD_Rocks_Round_Small_01,-19,445,77,33,45,Urvaius,445.2578125,-77.6484375,1,5.0,0.5,0.8813715
Rocks,1,WOD_Rocks_Round_Small_02,31,431,99,99,30,Urvaius,431.7734375,-99.765625,1,5.0,0.5,0.9462109
Rocks,1,WOD_Rocks_Round_Small_02,-109,422,106,14,98,Urvaius,422.109375,-106.234375,1,5.0,0.5,0.9124351
Rocks,1,WOD_Rocks_Round_Small_01,-164,471,55,68,91,Urvaius,471.53125,-55.2890625,1,5.0,0.5,0.894505
Rocks,1,WOD_Rocks_Round_Small_10,-138,430,99,35,35,Urvaius,430.2734375,-99.7265625,1,5.0,0.5,0.9468279
Rocks,1,WOD_Rocks_Round_Small_06,-100,484,58,102,35,Urvaius,484.796875,-58.7265625,1,5.0,0.5,0.8606306
Rocks,1,WOD_Rocks_Round_Small_05,-154,453,74,55,13,Urvaius,453.4296875,-74.8984375,1,5.0,0.5,0.7672183
Rocks,1,WOD_Rocks_Round_Small_10,127,425,102,51,116,Urvaius,425.3984375,-102.09375,1,5.0,0.5,0.9021217
Rocks,1,WOD_Rocks_Round_Small_01,-130,439,79,68,112,Urvaius,439.53125,-79.125,1,5.0,0.5,0.8135552
Rocks,1,WOD_Rocks_Round_Small_06,-133,428,102,128,21,Urvaius,429.0,-102.8359375,1,5.0,0.5,0.7682011
Rocks,1,WOD_Rocks_Round_Small_09,-157,451,75,1,12,Urvaius,451.0078125,-75.90625,1,5.0,0.5,0.9475538
Rocks,1,WOD_Rocks_Round_Small_02,-158,436,78,60,18,Urvaius,436.46875,-78.859375,1,5.0,0.5,0.9260057
Rocks,1,WOD_Rocks_Round_Small_09,114,412,111,35,100,Urvaius,412.2734375,-111.21875,1,5.0,0.5,0.9647231
Rocks,1,WOD_Rocks_Round_Small_08,56,467,58,17,58,Urvaius,467.1328125,-58.546875,1,5.0,0.5,0.8282137
Rocks,1,WOD_Rocks_Round_Small_09,63,430,78,87,107,Urvaius,430.6796875,-78.1640625,1,5.0,0.5,0.8576484
Rocks,1,WOD_Rocks_Round_Small_05,111,435,99,110,49,Urvaius,435.859375,-99.6171875,1,5.0,0.5,0.8065852
Rocks,1,WOD_Rocks_Round_Small_06,-69,446,77,8,66,Urvaius,446.0625,-77.484375,1,5.0,0.5,0.9552062
Rocks,1,WOD_Rocks_Round_Small_03,-88,463,76,127,72,Urvaius,463.9921875,-76.4375,1,5.0,0.5,0.8240981
Rocks,1,WOD_Rocks_Round_Small_04,150,454,54,84,76,Urvaius,454.65625,-54.40625,1,5.0,0.5,0.9600143
Rocks,1,WOD_Rocks_Round_Small_07,91,465,56,86,56,Urvaius,465.671875,-56.5625,1,5.0,0.5,0.9172907
Rocks,1,WOD_Rocks_Round_Small_06,144,461,54,93,52,Urvaius,461.7265625,-54.59375,1,5.0,0.5,0.9291373
Rocks,1,WOD_Rocks_Round_Small_07,-65,457,51,26,96,Urvaius,457.203125,-51.25,1,5.0,0.5,0.9009843
Rocks,1,WOD_Rocks_Round_Small_06,170,428,78,81,79,Urvaius,428.6328125,-78.3828125,1,5.0,0.5,0.8808166
Rocks,1,WOD_Rocks_Round_Small_03,27,456,51,91,125,Urvaius,456.7109375,-51.0234375,1,5.0,0.5,0.8292755
Rocks,1,WOD_Rocks_Round_Small_06,174,433,103,40,85,Urvaius,433.3125,-103.3359375,1,5.0,0.5,0.8615849
Rocks,1,WOD_Rocks_Round_Small_08,-126,434,100,41,52,Urvaius,434.3203125,-100.59375,1,5.0,0.5,0.7640497
Rocks,1,WOD_Rocks_Round_Small_01,-158,437,100,35,100,Urvaius,437.2734375,-100.21875,1,5.0,0.5,0.7814621
Rocks,1,WOD_Rocks_Round_Small_03,-64,445,75,37,100,Urvaius,445.2890625,-75.21875,1,5.0,0.5,0.9702011
Rocks,1,WOD_Rocks_Round_Small_05,19,467,57,90,37,Urvaius,467.703125,-57.7109375,1,5.0,0.5,0.8674313
Rocks,1,WOD_Rocks_Round_Small_06,75,464,97,4,8,Urvaius,464.03125,-97.9375,1,5.0,0.5,0.7829322
Rocks,1,WOD_Rocks_Round_Small_03,-148,443,79,74,94,Urvaius,443.578125,-79.265625,1,5.0,0.5,0.7682343
Rocks,1,WOD_Rocks_Round_Small_06,-169,465,75,65,54,Urvaius,465.5078125,-75.578125,1,5.0,0.5,0.8108364
Rocks,1,WOD_Rocks_Round_Small_09,-146,457,50,13,25,Urvaius,457.1015625,-50.8046875,1,5.0,0.5,0.9257724
Rocks,1,WOD_Rocks_Round_Small_03,-88,418,108,20,56,Urvaius,418.15625,-108.5625,1,5.0,0.5,0.9747201
Rocks,1,WOD_Rocks_Round_Small_03,73,434,100,95,37,Urvaius,434.7421875,-100.7109375,1,5.0,0.5,0.93652
Rocks,1,WOD_Rocks_Round_Small_02,68,433,100,124,5,Urvaius,433.96875,-100.9609375,1,5.0,0.5,0.8823558
Rocks,1,WOD_Rocks_Round_Small_10,139,455,53,109,112,Urvaius,455.8515625,-53.125,1,5.0,0.5,0.8045143
Rocks,1,WOD_Rocks_Round_Small_09,-152,442,76,95,19,Urvaius,442.7421875,-76.8515625,1,5.0,0.5,0.9066397
Rocks,1,WOD_Rocks_Round_Small_10,-119,441,77,102,84,Urvaius,441.796875,-77.34375,1,5.0,0.5,0.9256306
Rocks,1,WOD_Rocks_Round_Small_02,-137,426,100,67,76,Urvaius,426.5234375,-100.40625,1,5.0,0.5,0.76368
Rocks,1,WOD_Rocks_Round_Small_04,-138,428,104,88,89,Urvaius,428.6875,-104.3046875,1,5.0,0.5,0.913267
Rocks,1,WOD_Rocks_Round_Small_07,12,453,52,79,62,Urvaius,453.6171875,-52.515625,1,5.0,0.5,0.9734486
Rocks,1,WOD_Rocks_Round_Small_08,90,432,78,27,1,Urvaius,432.2109375,-78.9921875,1,5.0,0.5,0.9487742
Rocks,1,WOD_Rocks_Round_Small_06,155,460,75,124,105,Urvaius,460.96875,-75.1796875,1,5.0,0.5,0.7886984
Rocks,1,WOD_Rocks_Round_Small_04,-54,416,108,111,35,Urvaius,416.8671875,-108.7265625,1,5.0,0.5,0.9937999
Rocks,1,WOD_Rocks_Round_Small_10,-83,430,101,72,70,Urvaius,430.5625,-101.453125,1,5.0,0.5,0.9611481
Rocks,1,WOD_Rocks_Round_Small_01,-58,430,100,45,30,Urvaius,430.3515625,-100.765625,1,5.0,0.5,0.8702753
Rocks,1,WOD_Rocks_Round_Small_03,119,465,76,42,50,Urvaius,465.328125,-76.609375,1,5.0,0.5,0.9377249
Rocks,1,WOD_Rocks_Round_Small_09,-127,431,99,51,117,Urvaius,431.3984375,-99.0859375,1,5.0,0.5,0.9371676
Rocks,1,WOD_Rocks_Round_Small_02,59,452,73,99,44,Urvaius,452.7734375,-73.65625,1,5.0,0.5,0.9988678
Rocks,1,WOD_Rocks_Round_Small_10,33,436,97,113,7,Urvaius,436.8828125,-97.9453125,1,5.0,0.5,0.8078455
Rocks,1,WOD_Rocks_Round_Small_06,146,429,100,8,57,Urvaius,429.0625,-100.5546875,1,5.0,0.5,0.7767881
Rocks,1,WOD_Rocks_Round_Small_06,-159,437,100,61,107,Urvaius,437.4765625,-100.1640625,1,5.0,0.5,0.9618097
Rocks,1,WOD_Rocks_Round_Small_06,-76,435,77,120,103,Urvaius,435.9375,-77.1953125,1,5.0,0.5,0.8987023
Rocks,1,WOD_Rocks_Round_Small_05,40,462,98,46,99,Urvaius,462.359375,-98.2265625,1,5.0,0.5,0.8948062
Rocks,1,WOD_Rocks_Round_Small_03,-138,433,79,3,73,Urvaius,433.0234375,-79.4296875,1,5.0,0.5,0.8905133
Rocks,1,WOD_Rocks_Round_Small_06,-82,451,77,99,71,Urvaius,451.7734375,-77.4453125,1,5.0,0.5,0.9024644
Rocks,1,WOD_Rocks_Round_Small_06,172,446,77,91,91,Urvaius,446.7109375,-77.2890625,1,5.0,0.5,0.7600161
Rocks,1,WOD_Rocks_Round_Small_05,-178,458,52,59,111,Urvaius,458.4609375,-52.1328125,1,5.0,0.5,0.8000942
Rocks,1,WOD_Rocks_Round_Small_02,5,456,53,38,23,Urvaius,456.296875,-53.8203125,1,5.0,0.5,0.9733902
Rocks,1,WOD_Rocks_Round_Small_10,-120,432,98,27,82,Urvaius,432.2109375,-98.359375,1,5.0,0.5,0.7721939
Rocks,1,WOD_Rocks_Round_Small_08,177,458,53,28,117,Urvaius,458.21875,-53.0859375,1,5.0,0.5,0.9071171
Rocks,1,WOD_Rocks_Round_Small_03,33,462,73,77,47,Urvaius,462.6015625,-73.6328125,1,5.0,0.5,0.997328
Rocks,1,WOD_Rocks_Round_Small_01,-60,464,76,115,108,Urvaius,464.8984375,-76.15625,1,5.0,0.5,0.8398392
Rocks,1,WOD_Rocks_Round_Small_06,-60,461,53,84,14,Urvaius,461.65625,-53.890625,1,5.0,0.5,0.9606829
Rocks,1,WOD_Rocks_Round_Small_01,-96,416,109,64,88,Urvaius,416.5,-109.3125,1,5.0,0.5,0.7992943
Rocks,1,WOD_Rocks_Round_Small_07,-54,470,56,86,107,Urvaius,470.671875,-56.1640625,1,5.0,0.5,0.9214103
Rocks,1,WOD_Rocks_Round_Small_10,158,433,102,82,41,Urvaius,433.640625,-102.6796875,1,5.0,0.5,0.7918472
Rocks,1,WOD_Rocks_Round_Small_07,145,449,53,8,109,Urvaius,449.0625,-53.1484375,1,5.0,0.5,0.8073593
Rocks,1,WOD_Rocks_Round_Small_01,-37,430,104,70,54,Urvaius,430.546875,-104.578125,1,5.0,0.5,0.9823552
Rocks,1,WOD_Rocks_Round_Small_07,52,469,59,86,81,Urvaius,469.671875,-59.3671875,1,5.0,0.5,0.9272156
Rocks,1,WOD_Rocks_Round_Small_07,96,432,99,61,88,Urvaius,432.4765625,-99.3125,1,5.0,0.5,0.7915218
Rocks,1,WOD_Rocks_Round_Small_01,116,465,76,5,123,Urvaius,465.0390625,-76.0390625,1,5.0,0.5,0.8670354
Rocks,1,WOD_Rocks_Round_Small_09,-113,426,78,22,18,Urvaius,426.171875,-78.859375,1,5.0,0.5,0.872565
Rocks,1,WOD_Rocks_Round_Small_03,-120,433,99,14,52,Urvaius,433.109375,-99.59375,1,,0.5,0.7677217
Rocks,1,WOD_Rocks_Round_Small_03,-86,428,100,35,44,Urvaius,428.2734375,-100.65625,1,,0.5,0.9736869
Rocks,1,WOD_Rocks_Round_Small_04,11,464,75,109,47,Urvaius,464.8515625,-75.6328125,1,5.0,0.5,0.8311301
Rocks,1,WOD_Rocks_Round_Small_05,-75,444,75,46,90,Urvaius,444.359375,-75.296875,1,5.0,0.5,0.8844507
Rocks,1,WOD_Rocks_Round_Small_04,85,429,100,13,106,Urvaius,429.1015625,-100.171875,1,5.0,0.5,0.924141
Rocks,1,WOD_Rocks_Round_Small_09,15,439,48,87,92,Urvaius,439.6796875,-48.28125,1,5.0,0.5,0.8439004
Rocks,1,WOD_Rocks_Round_Small_01,10,472,78,73,54,Urvaius,472.5703125,-78.578125,1,5.0,0.5,0.7591775
Rocks,1,WOD_Rocks_Round_Small_06,44,443,76,44,115,Urvaius,443.34375,-76.1015625,1,5.0,0.5,0.9130833
Rocks,1,WOD_Rocks_Round_Small_10,125,436,101,35,115,Urvaius,436.2734375,-101.1015625,1,5.0,0.5,0.9819595
Rocks,1,WOD_Rocks_Round_Small_10,122,445,75,119,22,Urvaius,445.9296875,-75.828125,1,5.0,0.5,0.8511422
Rocks,1,WOD_Rocks_Round_Small_07,72,464,97,73,88,Urvaius,464.5703125,-97.3125,1,5.0,0.5,0.9103922
Rocks,1,WOD_Rocks_Round_Small_06,-36,444,78,72,67,Urvaius,444.5625,-78.4765625,1,5.0,0.5,0.8032357
Rocks,1,WOD_Rocks_Round_Small_02,162,436,100,0,114,Urvaius,436.0,-100.109375,1,5.0,0.5,0.8579505
Rocks,1,WOD_Rocks_Round_Small_08,-167,481,78,67,68,Urvaius,481.5234375,-78.46875,1,5.0,0.5,0.8276988
Rocks,1,WOD_Rocks_Round_Small_02,-99,449,75,45,72,Urvaius,449.3515625,-75.4375,1,5.0,0.5,0.884929
Rocks,1,WOD_Rocks_Round_Small_06,147,465,56,14,58,Urvaius,465.109375,-56.546875,1,5.0,0.5,0.8416995
Rocks,1,WOD_Rocks_Round_Small_08,18,433,99,44,97,Urvaius,433.34375,-99.2421875,1,5.0,0.5,0.9427348
Rocks,1,WOD_Rocks_Round_Small_08,85,469,59,27,70,Urvaius,469.2109375,-59.453125,1,5.0,0.5,0.9326285
Rocks,1,WOD_Rocks_Round_Small_03,99,437,101,31,31,Urvaius,437.2421875,-101.7578125,1,5.0,0.5,0.9774368
Rocks,1,WOD_Rocks_Round_Small_09,72,484,58,50,73,Urvaius,484.390625,-58.4296875,1,5.0,0.5,0.7873793
Rocks,1,WOD_Rocks_Round_Small_04,-90,417,110,101,67,Urvaius,417.7890625,-110.4765625,1,5.0,0.5,0.8339601
Rocks,1,WOD_Rocks_Round_Small_05,172,463,54,13,56,Urvaius,463.1015625,-54.5625,1,5.0,0.5,0.9674078
Rocks,1,WOD_Rocks_Round_Small_09,28,436,77,120,23,Urvaius,436.9375,-77.8203125,1,5.0,0.5,0.9481584
Rocks,1,WOD_Rocks_Round_Small_05,172,455,52,82,97,Urvaius,455.640625,-52.2421875,1,5.0,0.5,0.9012937
Rocks,1,WOD_Rocks_Round_Small_07,-60,470,59,3,14,Urvaius,470.0234375,-59.890625,1,5.0,0.5,0.8713806
Rocks,1,WOD_Rocks_Round_Small_07,126,425,79,65,109,Urvaius,425.5078125,-79.1484375,1,5.0,0.5,0.9977059
Rocks,1,WOD_Rocks_Round_Small_02,-81,437,76,110,61,Urvaius,437.859375,-76.5234375,1,5.0,0.5,0.7620345
Rocks,1,WOD_Rocks_Round_Small_04,-175,471,55,73,100,Urvaius,471.5703125,-55.21875,1,5.0,0.5,0.8466093
Rocks,1,WOD_Rocks_Round_Small_02,-26,444,78,61,79,Urvaius,444.4765625,-78.3828125,1,5.0,0.5,0.7799191
Rocks,1,WOD_Rocks_Round_Small_05,-63,414,110,91,111,Urvaius,414.7109375,-110.1328125,1,5.0,0.5,0.9379515
Rocks,1,WOD_Rocks_Round_Small_02,123,432,101,125,0,Urvaius,432.9765625,-102.0,1,5.0,0.5,0.8744302
Rocks,1,WOD_Rocks_Round_Small_02,155,472,55,18,74,Urvaius,472.140625,-55.421875,1,5.0,0.5,0.8567286
Rocks,1,WOD_Rocks_Round_Small_06,-169,433,102,74,14,Urvaius,433.578125,-102.890625,1,5.0,0.5,0.981195
Rocks,1,WOD_Rocks_Round_Small_10,-126,414,112,40,23,Urvaius,414.3125,-112.8203125,1,5.0,0.5,0.812341
Rocks,1,WOD_Rocks_Round_Small_06,86,432,102,55,45,Urvaius,432.4296875,-102.6484375,1,5.0,0.5,0.8896042
Rocks,1,WOD_Rocks_Round_Small_08,-163,463,97,64,70,Urvaius,463.5,-97.453125,1,5.0,0.5,0.8283455
Rocks,1,WOD_Rocks_Round_Small_10,-6,468,56,36,111,Urvaius,468.28125,-56.1328125,1,5.0,0.5,0.8616737
Rocks,1,WOD_Rocks_Round_Small_06,-40,429,100,14,78,Urvaius,429.109375,-100.390625,1,5.0,0.5,0.8846199
Rocks,1,WOD_Rocks_Round_Small_04,-36,434,102,59,28,Urvaius,434.4609375,-102.78125,1,5.0,0.5,0.8588258
Rocks,1,WOD_Rocks_Round_Small_09,43,435,77,58,93,Urvaius,435.453125,-77.2734375,1,5.0,0.5,0.8172138
Rocks,1,WOD_Rocks_Round_Small_07,-96,438,49,24,125,Urvaius,438.1875,-49.0234375,1,5.0,0.5,0.9144719
Rocks,1,WOD_Rocks_Round_Small_07,-85,412,111,109,88,Urvaius,412.8515625,-111.3125,1,5.0,0.5,0.8786539
Rocks,1,WOD_Rocks_Round_Small_05,123,442,49,50,17,Urvaius,442.390625,-49.8671875,1,5.0,0.5,0.9504496
Rocks,1,WOD_Rocks_Round_Small_09,-5,487,59,45,4,Urvaius,487.3515625,-59.96875,1,5.0,0.5,0.9127423
Rocks,1,WOD_Rocks_Round_Small_07,-109,445,75,26,87,Urvaius,445.203125,-75.3203125,1,5.0,0.5,0.7917682
Rocks,1,WOD_Rocks_Round_Small_01,-47,446,76,108,47,Urvaius,446.84375,-76.6328125,1,5.0,0.5,0.9550728
Rocks,1,WOD_Rocks_Round_Small_09,-61,432,101,114,10,Urvaius,432.890625,-101.921875,1,5.0,0.5,0.8022178
Rocks,1,WOD_Rocks_Round_Small_08,33,482,79,22,91,Urvaius,482.171875,-79.2890625,1,5.0,0.5,0.7969914
Rocks,1,WOD_Rocks_Round_Small_07,43,433,101,40,6,Urvaius,433.3125,-101.953125,1,5.0,0.5,0.879355
Rocks,1,WOD_Rocks_Round_Small_05,167,469,55,10,32,Urvaius,469.078125,-55.75,1,5.0,0.5,0.7868034
Rocks,1,WOD_Rocks_Round_Small_10,24,419,109,19,102,Urvaius,419.1484375,-109.203125,1,5.0,0.5,0.8262088
Rocks,1,WOD_Rocks_Round_Small_07,-83,433,103,106,79,Urvaius,433.828125,-103.3828125,1,5.0,0.5,0.8821945
Rocks,1,WOD_Rocks_Round_Small_09,80,434,102,38,78,Urvaius,434.296875,-102.390625,1,5.0,0.5,0.887802
Rocks,1,WOD_Rocks_Round_Small_07,35,432,100,64,69,Urvaius,432.5,-100.4609375,1,5.0,0.5,0.8851701
Rocks,1,WOD_Rocks_Round_Small_07,35,431,98,68,50,Urvaius,431.53125,-98.609375,1,5.0,0.5,0.8610185
Rocks,1,WOD_Rocks_Round_Small_01,-27,463,75,95,79,Urvaius,463.7421875,-75.3828125,1,5.0,0.5,0.9545112
Rocks,1,WOD_Rocks_Round_Small_10,-94,413,109,9,105,Urvaius,413.0703125,-109.1796875,1,5.0,0.5,0.9310777
Rocks,1,WOD_Rocks_Round_Small_08,-30,461,74,125,35,Urvaius,461.9765625,-74.7265625,1,5.0,0.5,0.9192529
Rocks,1,WOD_Rocks_Round_Small_01,147,484,58,74,63,Urvaius,484.578125,-58.5078125,1,5.0,0.5,0.9237226
Rocks,1,WOD_Rocks_Round_Small_05,-11,430,99,67,35,Urvaius,430.5234375,-99.7265625,1,5.0,0.5,0.7817846
Rocks,1,WOD_Rocks_Round_Small_05,-109,426,99,96,3,Urvaius,426.75,-99.9765625,1,5.0,0.5,0.9333489
Rocks,1,WOD_Rocks_Round_Small_04,-174,430,101,99,12,Urvaius,430.7734375,-101.90625,1,5.0,0.5,0.7561269
Rocks,1,WOD_Rocks_Round_Small_08,114,435,99,119,109,Urvaius,435.9296875,-99.1484375,1,5.0,0.5,0.7839648
Rocks,1,WOD_Rocks_Round_Small_03,-37,427,77,41,124,Urvaius,427.3203125,-77.03125,1,5.0,0.5,0.9130341
Rocks,1,WOD_Rocks_Round_Small_10,10,448,75,99,42,Urvaius,448.7734375,-75.671875,1,5.0,0.5,0.7777604
Rocks,1,WOD_Rocks_Round_Small_10,-88,429,103,119,35,Urvaius,429.9296875,-103.7265625,1,5.0,0.5,0.8356725
Rocks,1,WOD_Rocks_Round_Small_07,-23,430,103,13,125,Urvaius,430.1015625,-103.0234375,1,5.0,0.5,0.8488586
Rocks,1,WOD_Rocks_Round_Small_02,-93,452,76,97,97,Urvaius,452.7578125,-76.2421875,1,5.0,0.5,0.7717286
Rocks,1,WOD_Rocks_Round_Small_05,-157,429,99,115,52,Urvaius,429.8984375,-99.59375,1,5.0,0.5,0.9407026
Rocks,1,WOD_Rocks_Round_Small_10,-57,429,100,4,6,Urvaius,429.03125,-100.953125,1,5.0,0.5,0.9781711
Rocks,1,WOD_Rocks_Round_Small_09,-41,439,48,26,60,Urvaius,439.203125,-48.53125,1,5.0,0.5,0.8128269
Rocks,1,WOD_Rocks_Round_Small_03,-161,427,101,1,14,Urvaius,427.0078125,-101.890625,1,5.0,0.5,0.8819563
Rocks,1,WOD_Rocks_Round_Small_01,138,428,104,113,100,Urvaius,428.8828125,-104.21875,1,5.0,0.5,0.8822353
Rocks,1,WOD_Rocks_Round_Small_05,52,431,99,60,111,Urvaius,431.46875,-99.1328125,1,5.0,0.5,0.882781
Rocks,1,WOD_Rocks_Round_Small_08,31,485,58,100,84,Urvaius,485.78125,-58.34375,1,5.0,0.5,0.8583879
Rocks,1,WOD_Rocks_Round_Small_05,25,447,75,4,44,Urvaius,447.03125,-75.65625,1,5.0,0.5,0.7520826
Rocks,1,WOD_Rocks_Round_Small_04,-58,416,110,115,24,Urvaius,416.8984375,-110.8125,1,5.0,0.5,0.9347047
Rocks,1,WOD_Rocks_Round_Small_08,-94,416,110,41,70,Urvaius,416.3203125,-110.453125,1,5.0,0.5,0.7763481
Rocks,1,WOD_Rocks_Round_Small_10,45,452,76,19,15,Urvaius,452.1484375,-76.8828125,1,5.0,0.5,0.9878439
Rocks,1,WOD_Rocks_Round_Small_01,-112,414,109,61,127,Urvaius,414.4765625,-109.0078125,1,5.0,0.5,0.7553177
Rocks,1,WOD_Rocks_Round_Small_10,-63,464,54,59,13,Urvaius,464.4609375,-54.8984375,1,5.0,0.5,0.780393
Rocks,1,WOD_Rocks_Round_Small_09,138,429,98,119,73,Urvaius,429.9296875,-98.4296875,1,5.0,0.5,0.7534833
Rocks,1,WOD_Rocks_Round_Small_04,-63,433,78,116,102,Urvaius,433.90625,-78.203125,1,5.0,0.5,0.7904212
Rocks,1,WOD_Rocks_Round_Small_10,164,443,77,73,106,Urvaius,443.5703125,-77.171875,1,5.0,0.5,0.9211125
Rocks,1,WOD_Rocks_Round_Small_01,-171,464,98,33,104,Urvaius,464.2578125,-98.1875,1,5.0,0.5,0.905426
Rocks,1,WOD_Rocks_Round_Small_01,173,421,106,29,40,Urvaius,421.2265625,-106.6875,1,5.0,0.5,0.7954233
Rocks,1,WOD_Rocks_Round_Small_02,84,462,74,81,122,Urvaius,462.6328125,-74.046875,1,5.0,0.5,0.7583856
Rocks,1,WOD_Rocks_Round_Small_06,-143,469,60,45,83,Urvaius,469.3515625,-60.3515625,1,5.0,0.5,0.9423413
Rocks,1,WOD_Rocks_Round_Small_05,-98,417,110,4,8,Urvaius,417.03125,-110.9375,1,5.0,0.5,0.8280913
Rocks,1,WOD_Rocks_Round_Small_03,-94,434,97,109,101,Urvaius,434.8515625,-97.2109375,1,5.0,0.5,0.7667583
Rocks,1,WOD_Rocks_Round_Small_02,66,414,110,76,118,Urvaius,414.59375,-110.078125,1,5.0,0.5,0.9989864
Rocks,1,WOD_Rocks_Round_Small_10,10,481,78,65,61,Urvaius,481.5078125,-78.5234375,1,5.0,0.5,0.8678259
Rocks,1,WOD_Rocks_Round_Small_03,-171,430,102,40,37,Urvaius,430.3125,-102.7109375,1,5.0,0.5,0.8905435
Rocks,1,WOD_Rocks_Round_Small_06,-66,481,78,110,74,Urvaius,481.859375,-78.421875,1,5.0,0.5,0.9871883
Rocks,1,WOD_Rocks_Round_Small_10,96,432,100,36,42,Urvaius,432.28125,-100.671875,1,5.0,0.5,0.7805461
Rocks,1,WOD_Rocks_Round_Small_03,32,428,75,41,6,Urvaius,428.3203125,-75.953125,1,5.0,0.5,0.9844901
Rocks,1,WOD_Rocks_Round_Small_01,-175,433,101,18,83,Urvaius,433.140625,-101.3515625,1,5.0,0.5,0.887761
Rocks,1,WOD_Rocks_Round_Small_07,163,464,97,23,20,Urvaius,464.1796875,-97.84375,1,5.0,0.5,0.9351416
Rocks,1,WOD_Rocks_Round_Small_09,-146,431,102,1,74,Urvaius,431.0078125,-102.421875,1,5.0,0.5,0.8171928
Rocks,1,WOD_Rocks_Round_Small_09,-111,470,60,8,110,Urvaius,470.0625,-60.140625,1,5.0,0.5,0.8530087
Rocks,1,WOD_Rocks_Round_Small_10,-112,463,96,47,32,Urvaius,463.3671875,-96.75,1,5.0,0.5,0.8727033
Rocks,1,WOD_Rocks_Round_Small_09,-94,430,104,19,36,Urvaius,430.1484375,-104.71875,1,5.0,0.5,0.8724315
Rocks,1,WOD_Rocks_Round_Small_03,51,481,78,91,86,Urvaius,481.7109375,-78.328125,1,5.0,0.5,0.9282984
Rocks,1,WOD_Rocks_Round_Small_03,6,430,98,74,63,Urvaius,430.578125,-98.5078125,1,5.0,0.5,0.9245682
Rocks,1,WOD_Rocks_Round_Small_07,111,430,102,4,101,Urvaius,430.03125,-102.2109375,1,5.0,0.5,0.8663576
Rocks,1,WOD_Rocks_Round_Small_10,-115,472,55,10,100,Urvaius,472.078125,-55.21875,1,5.0,0.5,0.9184177
Rocks,1,WOD_Rocks_Round_Small_07,66,482,78,49,19,Urvaius,482.3828125,-78.8515625,1,5.0,0.5,0.8358661
Rocks,1,WOD_Rocks_Round_Small_01,19,429,102,58,81,Urvaius,429.453125,-102.3671875,1,5.0,0.5,0.7959569
Rocks,1,WOD_Rocks_Round_Small_01,-53,451,77,86,86,Urvaius,451.671875,-77.328125,1,5.0,0.5,0.8897743
Rocks,1,WOD_Rocks_Round_Small_06,-53,429,102,127,9,Urvaius,429.9921875,-102.9296875,1,5.0,0.5,0.778219
Rocks,1,WOD_Rocks_Round_Small_09,135,447,51,97,52,Urvaius,447.7578125,-51.59375,1,5.0,0.5,0.7712593
Rocks,1,WOD_Rocks_Round_Small_04,-137,421,76,88,17,Urvaius,421.6875,-76.8671875,1,5.0,0.5,0.7968782
Rocks,1,WOD_Rocks_Round_Small_09,110,415,111,14,31,Urvaius,415.109375,-111.7578125,1,5.0,0.5,0.8116255
Rocks,1,WOD_Rocks_Round_Small_05,79,466,77,55,125,Urvaius,466.4296875,-77.0234375,1,5.0,0.5,0.9050672
Rocks,1,WOD_Rocks_Round_Small_10,102,463,98,40,83,Urvaius,463.3125,-98.3515625,1,5.0,0.5,0.9965537
Rocks,1,WOD_Rocks_Round_Small_05,-109,431,99,58,49,Urvaius,431.453125,-99.6171875,1,5.0,0.5,0.8647591
Rocks,1,WOD_Rocks_Round_Small_07,11,427,103,90,124,Urvaius,427.703125,-103.03125,1,5.0,0.5,0.9521074
Rocks,1,WOD_Rocks_Round_Small_04,-149,435,99,84,88,Urvaius,435.65625,-99.3125,1,5.0,0.5,0.8557869
Rocks,1,WOD_Rocks_Round_Small_02,-52,434,97,114,116,Urvaius,434.890625,-97.09375,1,5.0,0.5,0.9066429
Rocks,1,WOD_Rocks_Round_Small_06,-175,462,97,127,97,Urvaius,462.9921875,-97.2421875,1,5.0,0.5,0.9343395
Rocks,1,WOD_Rocks_Round_Small_06,-39,455,54,127,82,Urvaius,455.9921875,-54.359375,1,5.0,0.5,0.9069713
Rocks,1,WOD_Rocks_Round_Small_09,-127,429,98,78,42,Urvaius,429.609375,-98.671875,1,5.0,0.5,0.8204303
Rocks,1,WOD_Rocks_Round_Small_07,96,463,54,31,82,Urvaius,463.2421875,-54.359375,1,5.0,0.5,0.7865324
Rocks,1,WOD_Rocks_Round_Small_01,-5,462,75,1,15,Urvaius,462.0078125,-75.8828125,1,5.0,0.5,0.9591021
Rocks,1,WOD_Rocks_Round_Small_07,-76,436,44,95,38,Urvaius,436.7421875,-44.703125,1,5.0,0.5,0.8400998
Rocks,1,WOD_Rocks_Round_Small_06,164,426,101,40,124,Urvaius,426.3125,-101.03125,1,5.0,0.5,0.7585994
Rocks,1,WOD_Rocks_Round_Small_06,178,441,47,44,67,Urvaius,441.34375,-47.4765625,1,5.0,0.5,0.9436183
Rocks,1,WOD_Rocks_Round_Small_10,62,429,104,128,68,Urvaius,430.0,-104.46875,1,5.0,0.5,0.9440327
Rocks,1,WOD_Rocks_Round_Small_05,119,462,77,58,52,Urvaius,462.453125,-77.59375,1,5.0,0.5,0.9009247
Rocks,1,WOD_Rocks_Round_Small_01,17,462,96,113,35,Urvaius,462.8828125,-96.7265625,1,5.0,0.5,0.8060258
Rocks,1,WOD_Rocks_Round_Small_09,-148,462,98,58,81,Urvaius,462.453125,-98.3671875,1,5.0,0.5,0.8711379
Rocks,1,WOD_Rocks_Round_Small_02,20,418,109,83,97,Urvaius,418.6484375,-109.2421875,1,5.0,0.5,0.955234
Rocks,1,WOD_Rocks_Round_Small_04,120,461,75,97,31,Urvaius,461.7578125,-75.7578125,1,5.0,0.5,0.9375906
Rocks,1,WOD_Rocks_Round_Small_07,158,429,100,8,93,Urvaius,429.0625,-100.2734375,1,5.0,0.5,0.8184649
Rocks,1,WOD_Rocks_Round_Small_07,-28,464,77,27,81,Urvaius,464.2109375,-77.3671875,1,5.0,0.5,0.8352168
Rocks,1,WOD_Rocks_Round_Small_09,44,440,48,124,104,Urvaius,440.96875,-48.1875,1,5.0,0.5,0.7976503
Rocks,1,WOD_Rocks_Round_Small_07,80,469,55,20,44,Urvaius,469.15625,-55.65625,1,5.0,0.5,0.9992556
Rocks,1,WOD_Rocks_Round_Small_09,76,484,79,54,55,Urvaius,484.421875,-79.5703125,1,5.0,0.5,0.9150975
Rocks,1,WOD_Rocks_Round_Small_08,74,452,73,119,79,Urvaius,452.9296875,-73.3828125,1,5.0,0.5,0.8471855
Rocks,1,WOD_Rocks_Round_Small_07,25,446,52,24,109,Urvaius,446.1875,-52.1484375,1,5.0,0.5,0.8739514
Rocks,1,WOD_Rocks_Round_Small_01,121,432,100,93,19,Urvaius,432.7265625,-100.8515625,1,5.0,0.5,0.8984857
Rocks,1,WOD_Rocks_Round_Small_03,-171,425,78,29,72,Urvaius,425.2265625,-78.4375,1,5.0,0.5,0.8472902
Rocks,1,WOD_Rocks_Round_Small_01,-50,462,98,13,88,Urvaius,462.1015625,-98.3125,1,5.0,0.5,0.7589583
Rocks,1,WOD_Rocks_Round_Small_09,24,471,55,41,68,Urvaius,471.3203125,-55.46875,1,5.0,0.5,0.8297344
Rocks,1,WOD_Rocks_Round_Small_01,73,450,75,1,9,Urvaius,450.0078125,-75.9296875,1,5.0,0.5,0.7898592
Rocks,1,WOD_Rocks_Round_Small_06,-103,464,54,70,15,Urvaius,464.546875,-54.8828125,1,5.0,0.5,0.9112418
Rocks,1,WOD_Rocks_Round_Small_07,101,472,79,61,111,Urvaius,472.4765625,-79.1328125,1,5.0,0.5,0.812911
Rocks,1,WOD_Rocks_Round_Small_10,124,440,76,28,81,Urvaius,440.21875,-76.3671875,1,5.0,0.5,0.8885137
Rocks,1,WOD_Rocks_Round_Small_01,-89,434,103,42,93,Urvaius,434.328125,-103.2734375,1,5.0,0.5,0.8217945
Rocks,1,WOD_Rocks_Round_Small_08,7,463,76,97,22,Urvaius,463.7578125,-76.828125,1,5.0,0.5,0.8589433
Rocks,1,WOD_Rocks_Round_Small_02,117,465,76,97,74,Urvaius,465.7578125,-76.421875,1,5.0,0.5,0.9147738
Rocks,1,WOD_Rocks_Round_Small_09,130,433,45,91,92,Urvaius,433.7109375,-45.28125,1,5.0,0.5,0.7856773
Rocks,1,WOD_Rocks_Round_Small_02,98,457,53,33,83,Urvaius,457.2578125,-53.3515625,1,5.0,0.5,0.9369157
Rocks,1,WOD_Rocks_Round_Small_01,45,435,96,92,72,Urvaius,435.71875,-96.4375,1,5.0,0.5,0.9877316
Rocks,1,WOD_Rocks_Round_Small_03,-125,451,76,49,58,Urvaius,451.3828125,-76.546875,1,5.0,0.5,0.8277484
Rocks,1,WOD_Rocks_Round_Small_07,-176,452,73,33,86,Urvaius,452.2578125,-73.328125,1,5.0,0.5,0.9088119
Rocks,1,WOD_Rocks_Round_Small_10,-107,426,100,15,101,Urvaius,426.1171875,-100.2109375,1,5.0,0.5,0.8727891
Rocks,1,WOD_Rocks_Round_Small_06,65,453,74,105,79,Urvaius,453.8203125,-74.3828125,1,5.0,0.5,0.8614801
Rocks,1,WOD_Rocks_Round_Small_02,26,457,49,50,17,Urvaius,457.390625,-49.8671875,1,5.0,0.5,0.790608
Rocks,1,WOD_Rocks_Round_Small_09,49,470,96,12,72,Urvaius,470.09375,-96.4375,1,5.0,0.5,0.8466723
Rocks,1,WOD_Rocks_Round_Small_05,91,428,101,6,118,Urvaius,428.046875,-101.078125,1,5.0,0.5,0.7732686
Rocks,1,WOD_Rocks_Round_Small_07,-121,445,78,106,116,Urvaius,445.828125,-78.09375,1,5.0,0.5,0.9449617
Rocks,1,WOD_Rocks_Round_Small_07,0,444,75,23,1,Urvaius,444.1796875,-75.9921875,1,5.0,0.5,0.7699261
Rocks,1,WOD_Rocks_Round_Small_02,137,436,76,61,56,Urvaius,436.4765625,-76.5625,1,5.0,0.5,0.8542609
Rocks,1,WOD_Rocks_Round_Small_05,161,431,102,83,92,Urvaius,431.6484375,-102.28125,1,5.0,0.5,0.8622988
Rocks,1,WOD_Rocks_Round_Small_03,-113,464,97,38,38,Urvaius,464.296875,-97.703125,1,5.0,0.5,0.7503716
Rocks,1,WOD_Rocks_Round_Small_07,-157,430,99,125,108,Urvaius,430.9765625,-99.15625,1,5.0,0.5,0.9464901
Rocks,1,WOD_Rocks_Round_Small_10,-123,429,77,65,61,Urvaius,429.5078125,-77.5234375,1,5.0,0.5,0.7814711
Rocks,1,WOD_Rocks_Round_Small_05,-139,459,99,96,120,Urvaius,459.75,-99.0625,1,5.0,0.5,0.9756091
Rocks,1,WOD_Rocks_Round_Small_01,-31,474,79,23,119,Urvaius,474.1796875,-79.0703125,1,5.0,0.5,0.8580657
