name,type,prefab,worldX,worldY,locationID,terrainX,terrainY,rotYaxis,region
Rocks,2,WOD_Rocks_Large_05r1,85,137,85109137104,109,104,-12,Tulune
Rocks,2,WOD_Rocks_Large_05r1,89,137,894913767,49,67,102,Tulune
Rocks,2,WOD_Rocks_Large_05r1,97,155,976115579,61,79,94,Tulune
Rocks,2,WOD_Rocks_Large_05r1,115,120,1153212064,32,64,20,Tulune
Rocks,2,WOD_Rocks_Large_05r1,98,143,98106143119,106,119,-38,Tulune
Rocks,2,WOD_Rocks_Large_05r1,114,119,1145911912,59,12,-36,Tulune
Rocks,2,WOD_Rocks_Large_05r1,83,123,833512378,35,78,-97,Tulune
Rocks,2,WOD_Rocks_Large_05r1,91,153,914215329,42,29,144,Tulune
Rocks,2,WOD_Rocks_Large_05r1,105,139,10554139104,54,104,143,Tulune
Rocks,2,WOD_Rocks_Large_05r1,93,122,931712292,17,92,157,Tulune
Rocks,2,WOD_Rocks_Large_05r1,97,144,970614431,6,31,82,Tulune
Rocks,2,WOD_Rocks_Large_05r1,110,144,1108314444,83,44,-3,Tulune
Rocks,2,WOD_Rocks_Large_05r1,123,121,1234712146,47,46,-49,Tulune
Rocks,2,WOD_Rocks_Large_05r1,106,110,1060311074,3,74,170,Tulune
Rocks,2,WOD_Rocks_Large_05r1,76,133,7613133108,13,108,92,Tulune
Rocks,2,WOD_Rocks_Large_05r1,74,126,748312628,83,28,-110,Tulune
Rocks,2,WOD_Rocks_Large_05r1,96,132,965213288,52,88,59,Tulune
Rocks,2,WOD_Rocks_Large_05r1,85,156,8540156113,40,113,78,Tulune
Rocks,2,WOD_Rocks_Large_05r1,102,141,10296141110,96,110,154,Tulune
Rocks,2,WOD_Rocks_Large_05r1,114,113,11441113123,41,123,108,Tulune
Rocks,2,WOD_Rocks_Large_05r1,127,107,1270810747,8,47,-157,Tulune
Rocks,2,WOD_Rocks_Large_05r1,120,130,1206113054,61,54,-43,Tulune
Rocks,2,WOD_Rocks_Large_05r1,87,105,876810528,68,28,-57,Tulune
Rocks,2,WOD_Rocks_Large_05r1,97,144,976914460,69,60,50,Tulune
Rocks,2,WOD_Rocks_Large_05r1,102,153,1026515350,65,50,-48,Tulune
Rocks,2,WOD_Rocks_Large_05r1,91,112,9163112111,63,111,156,Tulune
Rocks,2,WOD_Rocks_Large_05r1,65,113,6512511303,125,3,-35,Tulune
Rocks,2,WOD_Rocks_Large_05r1,123,146,1233114697,31,97,-54,Tulune
Rocks,2,WOD_Rocks_Large_05r1,74,118,745811897,58,97,-165,Tulune
Rocks,2,WOD_Rocks_Large_05r1,91,154,917715460,77,60,-81,Tulune
Rocks,2,WOD_Rocks_Large_05r1,101,126,10186126108,86,108,-72,Tulune
Rocks,2,WOD_Rocks_Large_05r1,112,119,1124511949,45,49,-178,Tulune
Rocks,2,WOD_Rocks_Large_05r1,70,105,700410559,4,59,69,Tulune
Rocks,2,WOD_Rocks_Large_05r1,116,108,1160010842,0,42,-5,Tulune
Rocks,2,WOD_Rocks_Large_05r1,96,135,965813536,58,36,110,Tulune
Rocks,2,WOD_Rocks_Large_05r1,98,126,988812695,88,95,-111,Tulune
Rocks,2,WOD_Rocks_Large_05r1,74,127,7481127109,81,109,9,Tulune
Rocks,2,WOD_Rocks_Large_05r1,70,129,7012812967,128,67,132,Tulune
Rocks,2,WOD_Rocks_Large_05r1,125,149,12536149104,36,104,144,Tulune
Rocks,2,WOD_Rocks_Large_05r1,89,144,897614417,76,17,-79,Tulune
Rocks,2,WOD_Rocks_Large_05r1,116,130,1164413045,44,45,89,Tulune
Rocks,2,WOD_Rocks_Large_05r1,114,141,1146314195,63,95,-38,Tulune
Rocks,2,WOD_Rocks_Large_05r1,98,105,9886105127,86,127,168,Tulune
Rocks,2,WOD_Rocks_Large_05r1,98,140,980614056,6,56,8,Tulune
Rocks,2,WOD_Rocks_Large_05r1,98,140,987014090,70,90,-169,Tulune
Rocks,2,WOD_Rocks_Large_05r1,102,133,1025413374,54,74,-172,Tulune
Rocks,2,WOD_Rocks_Large_05r1,91,137,914213700,42,0,-104,Tulune
Rocks,2,WOD_Rocks_Large_05r1,106,125,1069112564,91,64,24,Tulune
Rocks,2,WOD_Rocks_Large_05r1,76,116,7681116120,81,120,-98,Tulune
Rocks,2,WOD_Rocks_Large_05r1,125,150,1257915061,79,61,-174,Tulune
Rocks,2,WOD_Rocks_Large_05r1,129,106,1298410664,84,64,-105,Tulune
Rocks,2,WOD_Rocks_Large_05r1,105,118,10551118113,51,113,-27,Tulune
Rocks,2,WOD_Rocks_Large_05r1,115,120,1153312036,33,36,-16,Tulune
Rocks,2,WOD_Rocks_Large_05r1,76,114,7674114125,74,125,-50,Tulune
Rocks,2,WOD_Rocks_Large_05r1,120,131,1204913152,49,52,42,Tulune
Rocks,2,WOD_Rocks_Large_05r1,84,108,848110854,81,54,-119,Tulune
Rocks,2,WOD_Rocks_Large_05r1,126,109,12604109115,4,115,-172,Tulune
Rocks,2,WOD_Rocks_Large_05r1,71,105,711510577,15,77,94,Tulune
Rocks,2,WOD_Rocks_Large_05r1,91,112,9117112104,17,104,24,Tulune
Rocks,2,WOD_Rocks_Large_05r1,94,114,944011459,40,59,-172,Tulune
Rocks,2,WOD_Rocks_Large_05r1,72,129,721212960,12,60,9,Tulune
Rocks,2,WOD_Rocks_Large_05r1,72,110,720511092,5,92,-71,Tulune
Rocks,2,WOD_Rocks_Large_05r1,97,154,9711315424,113,24,172,Tulune
Rocks,2,WOD_Rocks_Large_05r1,102,132,1028613295,86,95,-18,Tulune
Rocks,2,WOD_Rocks_Large_05r1,104,153,1.04E+11,114,101,-33,Tulune
Rocks,2,WOD_Rocks_Large_05r1,96,128,964912860,49,60,48,Tulune
Rocks,2,WOD_Rocks_Large_05r1,69,116,693611668,36,68,-74,Tulune
Rocks,2,WOD_Rocks_Large_05r1,116,141,1167414182,74,82,-55,Tulune
Rocks,2,WOD_Rocks_Large_05r1,113,119,1137611937,76,37,50,Tulune
Rocks,2,WOD_Rocks_Large_05r1,77,141,775014154,50,54,69,Tulune
Rocks,2,WOD_Rocks_Large_05r1,123,118,12313118127,13,127,-177,Tulune
Rocks,2,WOD_Rocks_Large_05r1,108,118,1085511860,55,60,160,Tulune
Rocks,2,WOD_Rocks_Large_05r1,99,118,993811851,38,51,150,Tulune
Rocks,2,WOD_Rocks_Large_05r1,88,146,88114146104,114,104,80,Tulune
Rocks,2,WOD_Rocks_Large_05r1,87,100,8704100108,4,108,-97,Tulune
Rocks,2,WOD_Rocks_Large_05r1,101,107,1010510742,5,42,7,Tulune
Rocks,2,WOD_Rocks_Large_05r1,78,135,784913579,49,79,98,Tulune
Rocks,2,WOD_Rocks_Large_05r1,88,109,887010958,70,58,-70,Tulune
Rocks,2,WOD_Rocks_Large_05r1,71,118,717211842,72,42,-45,Tulune
Rocks,2,WOD_Rocks_Large_05r1,86,122,862812268,28,68,-19,Tulune
Rocks,2,WOD_Rocks_Large_05r1,120,108,1201510840,15,40,-79,Tulune
Rocks,2,WOD_Rocks_Large_05r1,103,116,1038411642,84,42,-144,Tulune
Rocks,2,WOD_Rocks_Large_05r1,73,124,733512442,35,42,-22,Tulune
Rocks,2,WOD_Rocks_Large_05r1,96,131,9638131122,38,122,87,Tulune
Rocks,2,WOD_Rocks_Large_05r1,121,143,1.21E+11,106,106,4,Tulune
Rocks,2,WOD_Rocks_Large_05r1,91,152,918815274,88,74,180,Tulune
Rocks,2,WOD_Rocks_Large_05r1,90,122,9035122106,35,106,62,Tulune
Rocks,2,WOD_Rocks_Large_05r1,118,124,1183112419,31,19,-6,Tulune
Rocks,2,WOD_Rocks_Large_05r1,102,128,10226128115,26,115,-61,Tulune
Rocks,2,WOD_Rocks_Large_05r1,104,118,10461118106,61,106,167,Tulune
Rocks,2,WOD_Rocks_Large_05r1,120,108,1207910846,79,46,126,Tulune
Rocks,2,WOD_Rocks_Large_05r1,85,143,856514333,65,33,-56,Tulune
Rocks,2,WOD_Rocks_Large_05r1,114,131,1140813149,8,49,47,Tulune
Rocks,2,WOD_Rocks_Large_05r1,64,111,640911179,9,79,-11,Tulune
Rocks,2,WOD_Rocks_Large_05r1,97,119,9710111936,101,36,37,Tulune
Rocks,2,WOD_Rocks_Large_05r1,124,114,12482114124,82,124,86,Tulune
Rocks,2,WOD_Rocks_Large_05r1,91,123,912012370,20,70,-124,Tulune
Rocks,2,WOD_Rocks_Large_05r1,91,124,914012474,40,74,122,Tulune
Rocks,2,WOD_Rocks_Large_05r1,122,116,1222011691,20,91,-4,Tulune
Rocks,2,WOD_Rocks_Large_05r1,77,159,775815990,58,90,-114,Tulune
Rocks,2,WOD_Rocks_Large_05r1,103,119,10310011938,100,38,-121,Tulune
Rocks,2,WOD_Rocks_Large_05r1,65,114,655911424,59,24,112,Tulune
Rocks,2,WOD_Rocks_Large_05r1,64,111,6411811136,118,36,12,Tulune
Rocks,2,WOD_Rocks_Large_05r1,100,150,1006515024,65,24,-160,Tulune
Rocks,2,WOD_Rocks_Large_05r1,110,112,1105011247,50,47,-177,Tulune
Rocks,2,WOD_Rocks_Large_05r1,112,131,1129913150,99,50,-22,Tulune
Rocks,2,WOD_Rocks_Large_05r1,75,117,753311759,33,59,26,Tulune
Rocks,2,WOD_Rocks_Large_05r1,119,117,1199911712,99,12,7,Tulune
Rocks,2,WOD_Rocks_Large_05r1,96,155,9679155110,79,110,-98,Tulune
Rocks,2,WOD_Rocks_Large_05r1,76,142,768314250,83,50,33,Tulune
Rocks,2,WOD_Rocks_Large_05r1,93,156,9311515652,115,52,72,Tulune
Rocks,2,WOD_Rocks_Large_05r1,129,106,1294610665,46,65,-28,Tulune
Rocks,2,WOD_Rocks_Large_05r1,94,137,941913792,19,92,-113,Tulune
Rocks,2,WOD_Rocks_Large_05r1,115,121,1154512103,45,3,111,Tulune
Rocks,2,WOD_Rocks_Large_05r1,92,122,924612258,46,58,-60,Tulune
Rocks,2,WOD_Rocks_Large_05r1,81,133,816113392,61,92,65,Tulune
Rocks,2,WOD_Rocks_Large_05r1,123,124,12350124118,50,118,-78,Tulune
Rocks,2,WOD_Rocks_Large_05r1,104,104,1043810433,38,33,-7,Tulune
Rocks,2,WOD_Rocks_Large_05r1,92,147,923114731,31,31,-143,Tulune
Rocks,2,WOD_Rocks_Large_05r1,89,122,8912312242,123,42,-136,Tulune
Rocks,2,WOD_Rocks_Large_05r1,104,111,1048111122,81,22,126,Tulune
Rocks,2,WOD_Rocks_Large_05r1,110,108,1101410847,14,47,-43,Tulune
Rocks,2,WOD_Rocks_Large_05r1,103,137,10349137104,49,104,81,Tulune
Rocks,2,WOD_Rocks_Large_05r1,120,127,1204612742,46,42,119,Tulune
Rocks,2,WOD_Rocks_Large_05r1,108,123,1087812365,78,65,-110,Tulune
Rocks,2,WOD_Rocks_Large_05r1,116,129,11612412931,124,31,-104,Tulune
Rocks,2,WOD_Rocks_Large_05r1,101,121,10112512105,125,5,-156,Tulune
Rocks,2,WOD_Rocks_Large_05r1,122,118,1220911867,9,67,-2,Tulune
Rocks,2,WOD_Rocks_Large_05r1,116,130,1.16E+11,122,125,-51,Tulune
Rocks,2,WOD_Rocks_Large_05r1,78,158,783215842,32,42,80,Tulune
Rocks,2,WOD_Rocks_Large_05r1,75,111,752611137,26,37,90,Tulune
Rocks,2,WOD_Rocks_Large_05r1,102,136,10241136109,41,109,-115,Tulune
Rocks,2,WOD_Rocks_Large_05r1,104,118,10411911876,119,76,123,Tulune
Rocks,2,WOD_Rocks_Large_05r1,121,109,12193109113,93,113,11,Tulune
Rocks,2,WOD_Rocks_Large_05r1,103,103,1037810303,78,3,49,Tulune
Rocks,2,WOD_Rocks_Large_05r1,71,110,71115110102,115,102,-85,Tulune
Rocks,2,WOD_Rocks_Large_05r1,77,158,777815820,78,20,-118,Tulune
Rocks,2,WOD_Rocks_Large_05r1,108,121,1085412174,54,74,140,Tulune
Rocks,2,WOD_Rocks_Large_05r1,119,127,11987127113,87,113,104,Tulune
Rocks,2,WOD_Rocks_Large_05r1,122,109,12212510976,125,76,-38,Tulune
Rocks,2,WOD_Rocks_Large_05r1,115,114,1155611458,56,58,69,Tulune
Rocks,2,WOD_Rocks_Large_05r1,72,132,722413228,24,28,141,Tulune
Rocks,2,WOD_Rocks_Large_05r1,111,145,1117214528,72,28,152,Tulune
Rocks,2,WOD_Rocks_Large_05r1,75,117,758311773,83,73,57,Tulune
Rocks,2,WOD_Rocks_Large_05r1,77,159,777715968,77,68,-157,Tulune
Rocks,2,WOD_Rocks_Large_05r1,91,152,9155152120,55,120,-149,Tulune
Rocks,2,WOD_Rocks_Large_05r1,121,133,1210113324,1,24,53,Tulune
Rocks,2,WOD_Rocks_Large_05r1,103,141,1039514187,95,87,43,Tulune
Rocks,2,WOD_Rocks_Large_05r1,73,119,7392119114,92,114,90,Tulune
Rocks,2,WOD_Rocks_Large_05r1,94,121,949712142,97,42,51,Tulune
Rocks,2,WOD_Rocks_Large_05r1,114,141,1.14E+11,120,105,-159,Tulune
Rocks,2,WOD_Rocks_Large_05r1,125,116,12549116105,49,105,-154,Tulune
Rocks,2,WOD_Rocks_Large_05r1,102,120,1028212024,82,24,-169,Tulune
Rocks,2,WOD_Rocks_Large_05r1,107,110,1071311065,13,65,-83,Tulune
Rocks,2,WOD_Rocks_Large_05r1,105,139,1056513937,65,37,96,Tulune
Rocks,2,WOD_Rocks_Large_05r1,123,141,1235514108,55,8,-42,Tulune
Rocks,2,WOD_Rocks_Large_05r1,104,114,1042411481,24,81,-41,Tulune
Rocks,2,WOD_Rocks_Large_05r1,114,141,11418141115,18,115,-1,Tulune
Rocks,2,WOD_Rocks_Large_05r1,96,144,964914412,49,12,163,Tulune
Rocks,2,WOD_Rocks_Large_05r1,126,116,12611011661,110,61,-150,Tulune
Rocks,2,WOD_Rocks_Large_05r1,83,134,832213417,22,17,-93,Tulune
Rocks,2,WOD_Rocks_Large_05r1,80,133,802013386,20,86,-25,Tulune
Rocks,2,WOD_Rocks_Large_05r1,94,137,94111137125,111,125,98,Tulune
Rocks,2,WOD_Rocks_Large_05r1,77,133,778313392,83,92,55,Tulune
Rocks,2,WOD_Rocks_Large_05r1,111,140,1114414028,44,28,66,Tulune
Rocks,2,WOD_Rocks_Large_05r1,116,115,11652115109,52,109,-93,Tulune
Rocks,2,WOD_Rocks_Large_05r1,83,157,8314157128,14,128,-1,Tulune
Rocks,2,WOD_Rocks_Large_05r1,76,123,76109123104,109,104,77,Tulune
Rocks,2,WOD_Rocks_Large_05r1,105,118,10511011846,110,46,37,Tulune
Rocks,2,WOD_Rocks_Large_05r1,120,130,1202013037,20,37,-175,Tulune
Rocks,2,WOD_Rocks_Large_05r1,102,130,1025213088,52,88,53,Tulune
Rocks,2,WOD_Rocks_Large_05r1,87,122,873112296,31,96,-66,Tulune
Rocks,2,WOD_Rocks_Large_05r1,101,118,1010911870,9,70,135,Tulune
Rocks,2,WOD_Rocks_Large_05r1,115,114,1155511441,55,41,137,Tulune
Rocks,2,WOD_Rocks_Large_05r1,75,127,757712751,77,51,-8,Tulune
Rocks,2,WOD_Rocks_Large_05r1,121,126,1213612623,36,23,-98,Tulune
Rocks,2,WOD_Rocks_Large_05r1,86,100,862910079,29,79,54,Tulune
Rocks,2,WOD_Rocks_Large_05r1,124,115,1244911579,49,79,173,Tulune
Rocks,2,WOD_Rocks_Large_05r1,71,118,710611877,6,77,-152,Tulune
Rocks,2,WOD_Rocks_Large_05r1,93,138,9374138113,74,113,-106,Tulune
Rocks,2,WOD_Rocks_Large_05r1,72,160,723116073,31,73,-174,Tulune
Rocks,2,WOD_Rocks_Large_05r1,105,138,1055813837,58,37,-6,Tulune
Rocks,2,WOD_Rocks_Large_05r1,98,141,9811914179,119,79,87,Tulune
Rocks,2,WOD_Rocks_Large_05r1,90,142,9027142102,27,102,180,Tulune
Rocks,2,WOD_Rocks_Large_05r1,91,148,9169148120,69,120,94,Tulune
Rocks,2,WOD_Rocks_Large_05r1,73,164,739916499,99,99,-141,Tulune
Rocks,2,WOD_Rocks_Large_05r1,103,117,10310211784,102,84,64,Tulune
Rocks,2,WOD_Rocks_Large_05r1,88,137,884013792,40,92,-42,Tulune
Rocks,2,WOD_Rocks_Large_05r1,78,114,782611472,26,72,158,Tulune
Rocks,2,WOD_Rocks_Large_05r1,111,145,1116714544,67,44,48,Tulune
Rocks,2,WOD_Rocks_Large_05r1,86,128,864612883,46,83,118,Tulune
Rocks,2,WOD_Rocks_Large_05r1,90,128,901212855,12,55,71,Tulune
Rocks,2,WOD_Rocks_Large_05r1,96,139,966713928,67,28,40,Tulune
Rocks,2,WOD_Rocks_Large_05r1,105,139,1053113942,31,42,-9,Tulune
Rocks,2,WOD_Rocks_Large_05r1,82,123,82122123109,122,109,49,Tulune
Rocks,2,WOD_Rocks_Large_05r1,94,121,946512123,65,23,-180,Tulune
Rocks,2,WOD_Rocks_Large_05r1,109,112,1092911265,29,65,-163,Tulune
Rocks,2,WOD_Rocks_Large_05r1,100,150,1005915087,59,87,-89,Tulune
Rocks,2,WOD_Rocks_Large_05r1,103,153,10311615381,116,81,112,Tulune
Rocks,2,WOD_Rocks_Large_05r1,125,150,1257615032,76,32,-36,Tulune
Rocks,2,WOD_Rocks_Large_05r1,72,119,721911947,19,47,-24,Tulune
Rocks,2,WOD_Rocks_Large_05r1,122,142,1.22E+11,119,105,-156,Tulune
Rocks,2,WOD_Rocks_Large_05r1,102,117,1026311792,63,92,-107,Tulune
Rocks,2,WOD_Rocks_Large_05r1,102,135,10254135118,54,118,-84,Tulune
Rocks,2,WOD_Rocks_Large_05r1,106,125,1063112597,31,97,-128,Tulune
Rocks,2,WOD_Rocks_Large_05r1,63,103,635510373,55,73,54,Tulune
Rocks,2,WOD_Rocks_Large_05r1,83,109,833810926,38,26,-58,Tulune
Rocks,2,WOD_Rocks_Large_05r1,123,104,1239610459,96,59,-136,Tulune
Rocks,2,WOD_Rocks_Large_05r1,91,128,911512878,15,78,-40,Tulune
Rocks,2,WOD_Rocks_Large_05r1,113,112,11303112115,3,115,165,Tulune
Rocks,2,WOD_Rocks_Large_05r1,99,118,997611864,76,64,-124,Tulune
Rocks,2,WOD_Rocks_Large_05r1,83,123,830412397,4,97,-91,Tulune
Rocks,2,WOD_Rocks_Large_05r1,94,105,942610570,26,70,-130,Tulune
Rocks,2,WOD_Rocks_Large_05r1,87,107,875610772,56,72,44,Tulune
Rocks,2,WOD_Rocks_Large_05r1,124,116,1240111632,1,32,-107,Tulune
Rocks,2,WOD_Rocks_Large_05r1,106,136,10660136123,60,123,72,Tulune
Rocks,2,WOD_Rocks_Large_05r1,102,116,1029211649,92,49,23,Tulune
Rocks,2,WOD_Rocks_Large_05r1,80,158,809515888,95,88,-129,Tulune
Rocks,2,WOD_Rocks_Large_05r1,78,140,788114067,81,67,-113,Tulune
Rocks,2,WOD_Rocks_Large_05r1,63,103,631410315,14,15,45,Tulune
Rocks,2,WOD_Rocks_Large_05r1,98,143,982714303,27,3,-83,Tulune
Rocks,2,WOD_Rocks_Large_05r1,119,116,1190411624,4,24,-2,Tulune
Rocks,2,WOD_Rocks_Large_05r1,116,115,1168111576,81,76,-51,Tulune
Rocks,2,WOD_Rocks_Large_05r1,73,110,73111110114,111,114,-175,Tulune
Rocks,2,WOD_Rocks_Large_05r1,102,120,1028712009,87,9,-96,Tulune
Rocks,2,WOD_Rocks_Large_05r1,108,134,1085113487,51,87,100,Tulune
Rocks,2,WOD_Rocks_Large_05r1,103,153,10335153101,35,101,-107,Tulune
Rocks,2,WOD_Rocks_Large_05r1,113,141,1134414164,44,64,77,Tulune
Rocks,2,WOD_Rocks_Large_05r1,89,147,890414735,4,35,-114,Tulune
Rocks,2,WOD_Rocks_Large_05r1,104,153,1044915370,49,70,176,Tulune
Rocks,2,WOD_Rocks_Large_05r1,122,120,1224512013,45,13,-110,Tulune
Rocks,2,WOD_Rocks_Large_05r1,114,119,1140611933,6,33,125,Tulune
Rocks,2,WOD_Rocks_Large_05r1,79,138,7954138122,54,122,-36,Tulune
Rocks,2,WOD_Rocks_Large_05r1,95,114,951411423,14,23,-36,Tulune
Rocks,2,WOD_Rocks_Large_05r1,104,119,1.04E+11,102,106,-128,Tulune
Rocks,2,WOD_Rocks_Large_05r1,106,107,1068210767,82,67,134,Tulune
Rocks,2,WOD_Rocks_Large_05r1,104,118,1043711817,37,17,140,Tulune
Rocks,2,WOD_Rocks_Large_05r1,88,155,88124155104,124,104,62,Tulune
Rocks,2,WOD_Rocks_Large_05r1,80,133,806513391,65,91,-20,Tulune
Rocks,2,WOD_Rocks_Large_05r1,70,107,7067107110,67,110,-54,Tulune
Rocks,2,WOD_Rocks_Large_05r1,116,120,11611512088,115,88,180,Tulune
Rocks,2,WOD_Rocks_Large_05r1,113,149,1133214952,32,52,107,Tulune
Rocks,2,WOD_Rocks_Large_05r1,90,142,902814265,28,65,127,Tulune
Rocks,2,WOD_Rocks_Large_05r1,80,133,80102133111,102,111,173,Tulune
Rocks,2,WOD_Rocks_Large_05r1,98,118,989611838,96,38,-77,Tulune
Rocks,2,WOD_Rocks_Large_05r1,76,116,7610011682,100,82,-147,Tulune
Rocks,2,WOD_Rocks_Large_05r1,83,140,833814037,38,37,-114,Tulune
Rocks,2,WOD_Rocks_Large_05r1,102,135,1022913579,29,79,-22,Tulune
Rocks,2,WOD_Rocks_Large_05r1,103,137,1036313714,63,14,79,Tulune
Rocks,2,WOD_Rocks_Large_05r1,80,140,803514038,35,38,-82,Tulune
Rocks,2,WOD_Rocks_Large_05r1,73,121,734112186,41,86,50,Tulune
Rocks,2,WOD_Rocks_Large_05r1,76,123,769912377,99,77,-76,Tulune
Rocks,2,WOD_Rocks_Large_05r1,90,155,9010015595,100,95,111,Tulune
Rocks,2,WOD_Rocks_Large_05r1,88,122,882612279,26,79,31,Tulune
Rocks,2,WOD_Rocks_Large_05r1,130,107,1308810784,88,84,-16,Tulune
Rocks,2,WOD_Rocks_Large_05r1,102,127,1023712782,37,82,-21,Tulune
Rocks,2,WOD_Rocks_Large_05r1,91,128,911912819,19,19,-12,Tulune
Rocks,2,WOD_Rocks_Large_05r1,76,149,769014993,90,93,-81,Tulune
Rocks,2,WOD_Rocks_Large_05r1,113,141,1136414161,64,61,-1,Tulune
Rocks,2,WOD_Rocks_Large_05r1,104,114,1047411437,74,37,-19,Tulune
Rocks,2,WOD_Rocks_Large_05r1,102,127,1026012735,60,35,83,Tulune
Rocks,2,WOD_Rocks_Large_05r1,114,113,11447113101,47,101,-5,Tulune
Rocks,2,WOD_Rocks_Large_05r1,90,137,908813742,88,42,51,Tulune
Rocks,2,WOD_Rocks_Large_05r1,88,109,885410968,54,68,36,Tulune
Rocks,2,WOD_Rocks_Large_05r1,118,125,1181512561,15,61,53,Tulune
Rocks,2,WOD_Rocks_Large_05r1,117,108,11769108113,69,113,-110,Tulune
Rocks,2,WOD_Rocks_Large_05r1,129,105,12951105119,51,119,95,Tulune
Rocks,2,WOD_Rocks_Large_05r1,114,151,11412715174,127,74,-155,Tulune
Rocks,2,WOD_Rocks_Large_05r1,88,155,8899155113,99,113,165,Tulune
Rocks,2,WOD_Rocks_Large_05r1,92,146,928614601,86,1,31,Tulune
Rocks,2,WOD_Rocks_Large_05r1,123,110,1.23E+11,111,113,15,Tulune
Rocks,2,WOD_Rocks_Large_05r1,94,156,940515682,5,82,-64,Tulune
Rocks,2,WOD_Rocks_Large_05r1,62,108,625010895,50,95,-21,Tulune
Rocks,2,WOD_Rocks_Large_05r1,78,114,7867114109,67,109,-103,Tulune
Rocks,2,WOD_Rocks_Large_05r1,80,123,805412365,54,65,170,Tulune
Rocks,2,WOD_Rocks_Large_05r1,111,108,11111410892,114,92,-40,Tulune
Rocks,2,WOD_Rocks_Large_05r1,106,107,1065510742,55,42,35,Tulune
Rocks,2,WOD_Rocks_Large_05r1,88,109,8884109122,84,122,37,Tulune
Rocks,2,WOD_Rocks_Large_05r1,108,111,10865111120,65,120,-83,Tulune
Rocks,2,WOD_Rocks_Large_05r1,94,139,9411313982,113,82,-100,Tulune
Rocks,2,WOD_Rocks_Large_05r1,98,125,9832125104,32,104,54,Tulune
Rocks,2,WOD_Rocks_Large_05r1,95,115,954211529,42,29,15,Tulune
Rocks,2,WOD_Rocks_Large_05r1,102,131,1022013172,20,72,-5,Tulune
Rocks,2,WOD_Rocks_Large_05r1,93,146,931014619,10,19,-9,Tulune
Rocks,2,WOD_Rocks_Large_05r1,108,153,1088415354,84,54,41,Tulune
Rocks,2,WOD_Rocks_Large_05r1,106,107,1067910709,79,9,-166,Tulune
Rocks,2,WOD_Rocks_Large_05r1,124,113,1243111393,31,93,102,Tulune
Rocks,2,WOD_Rocks_Large_05r1,66,105,668610552,86,52,-54,Tulune
Rocks,2,WOD_Rocks_Large_05r1,103,104,1039310458,93,58,26,Tulune
Rocks,2,WOD_Rocks_Large_05r1,107,119,1077611965,76,65,-108,Tulune
Rocks,2,WOD_Rocks_Large_05r1,81,140,816514079,65,79,-90,Tulune
Rocks,2,WOD_Rocks_Large_05r1,74,110,745011042,50,42,131,Tulune
Rocks,2,WOD_Rocks_Large_05r1,113,150,1.13E+11,105,100,154,Tulune
Rocks,2,WOD_Rocks_Large_05r1,86,155,8611015570,110,70,-140,Tulune
Rocks,2,WOD_Rocks_Large_05r1,123,104,1238110469,81,69,-90,Tulune
Rocks,2,WOD_Rocks_Large_05r1,108,120,10874120115,74,115,-122,Tulune
Rocks,2,WOD_Rocks_Large_05r1,118,142,11877142106,77,106,-79,Tulune
Rocks,2,WOD_Rocks_Large_05r1,86,144,864614456,46,56,2,Tulune
Rocks,2,WOD_Rocks_Large_05r1,90,150,9047150123,47,123,111,Tulune
Rocks,2,WOD_Rocks_Large_05r1,91,152,9120152116,20,116,-55,Tulune
Rocks,2,WOD_Rocks_Large_05r1,69,105,693210540,32,40,1,Tulune
Rocks,2,WOD_Rocks_Large_05r1,77,127,7710012747,100,47,-163,Tulune
Rocks,2,WOD_Rocks_Large_05r1,74,161,7429161110,29,110,-139,Tulune
Rocks,2,WOD_Rocks_Large_05r1,122,142,1220314213,3,13,-133,Tulune
Rocks,2,WOD_Rocks_Large_05r1,94,138,943813823,38,23,1,Tulune
Rocks,2,WOD_Rocks_Large_05r1,78,123,784112369,41,69,141,Tulune
Rocks,2,WOD_Rocks_Large_05r1,91,155,9158155110,58,110,-117,Tulune
Rocks,2,WOD_Rocks_Large_05r1,88,134,8867134111,67,111,-71,Tulune
Rocks,2,WOD_Rocks_Large_05r1,120,108,12010610858,106,58,165,Tulune
Rocks,2,WOD_Rocks_Large_05r1,119,128,1196012845,60,45,-84,Tulune
Rocks,2,WOD_Rocks_Large_05r1,108,122,1082212254,22,54,171,Tulune
Rocks,2,WOD_Rocks_Large_05r1,100,153,1007615350,76,50,-90,Tulune
Rocks,2,WOD_Rocks_Large_05r1,87,105,878410584,84,84,-16,Tulune
Rocks,2,WOD_Rocks_Large_05r1,115,108,1150910851,9,51,173,Tulune
Rocks,2,WOD_Rocks_Large_05r1,122,143,12232143123,32,123,-120,Tulune
Rocks,2,WOD_Rocks_Large_05r1,87,145,879314574,93,74,-139,Tulune
Rocks,2,WOD_Rocks_Large_05r1,98,154,981515403,15,3,-150,Tulune
Rocks,2,WOD_Rocks_Large_05r1,130,107,13012310795,123,95,-118,Tulune
Rocks,2,WOD_Rocks_Large_05r1,124,116,1240811684,8,84,-76,Tulune
Rocks,2,WOD_Rocks_Large_05r1,120,118,1.20E+11,110,127,-18,Tulune
Rocks,2,WOD_Rocks_Large_05r1,78,164,782816419,28,19,-114,Tulune
Rocks,2,WOD_Rocks_Large_05r1,95,121,952612120,26,20,-158,Tulune
Rocks,2,WOD_Rocks_Large_05r1,123,120,1232412026,24,26,79,Tulune
Rocks,2,WOD_Rocks_Large_05r1,100,126,1.00E+11,100,118,-109,Tulune
Rocks,2,WOD_Rocks_Large_05r1,96,133,9674133124,74,124,138,Tulune
Rocks,2,WOD_Rocks_Large_05r1,104,138,10411513818,115,18,28,Tulune
Rocks,2,WOD_Rocks_Large_05r1,110,112,1102011244,20,44,149,Tulune
Rocks,2,WOD_Rocks_Large_05r1,85,100,8588100118,88,118,167,Tulune
Rocks,2,WOD_Rocks_Large_05r1,89,143,897914372,79,72,-144,Tulune
Rocks,2,WOD_Rocks_Large_05r1,114,120,11410512047,105,47,-38,Tulune
Rocks,2,WOD_Rocks_Large_05r1,89,122,894412284,44,84,-5,Tulune
Rocks,2,WOD_Rocks_Large_05r1,101,118,1012611865,26,65,-131,Tulune
Rocks,2,WOD_Rocks_Large_05r1,131,107,13110610784,106,84,-156,Tulune
Rocks,2,WOD_Rocks_Large_05r1,78,136,785913665,59,65,178,Tulune
Rocks,2,WOD_Rocks_Large_05r1,105,119,1055411955,54,55,19,Tulune
Rocks,2,WOD_Rocks_Large_05r1,124,114,1247011408,70,8,-129,Tulune
Rocks,2,WOD_Rocks_Large_05r1,92,146,927314612,73,12,-21,Tulune
Rocks,2,WOD_Rocks_Large_05r1,101,118,1014711860,47,60,-79,Tulune
Rocks,2,WOD_Rocks_Large_05r1,92,138,9212813883,128,83,-138,Tulune
Rocks,2,WOD_Rocks_Large_05r1,123,104,1234510473,45,73,66,Tulune
Rocks,2,WOD_Rocks_Large_05r1,107,135,1079213583,92,83,113,Tulune
Rocks,2,WOD_Rocks_Large_05r1,63,111,6336111115,36,115,35,Tulune
Rocks,2,WOD_Rocks_Large_05r1,108,123,1088212358,82,58,-99,Tulune
Rocks,2,WOD_Rocks_Large_05r1,104,114,10446114115,46,115,-145,Tulune
Rocks,2,WOD_Rocks_Large_05r1,66,113,662011395,20,95,-164,Tulune
Rocks,2,WOD_Rocks_Large_05r1,89,148,8912148106,12,106,130,Tulune
Rocks,2,WOD_Rocks_Large_05r1,123,145,1238814583,88,83,41,Tulune
Rocks,2,WOD_Rocks_Large_05r1,87,122,872712263,27,63,-102,Tulune
Rocks,2,WOD_Rocks_Large_05r1,91,112,913511278,35,78,3,Tulune
Rocks,2,WOD_Rocks_Large_05r1,83,141,834414150,44,50,96,Tulune
Rocks,2,WOD_Rocks_Large_05r1,128,107,12895107106,95,106,58,Tulune
Rocks,2,WOD_Rocks_Large_05r1,92,105,927910549,79,49,56,Tulune
Rocks,2,WOD_Rocks_Large_05r1,102,135,1022213531,22,31,-123,Tulune
Rocks,2,WOD_Rocks_Large_05r1,110,133,11004133119,4,119,109,Tulune
Rocks,2,WOD_Rocks_Large_05r1,114,141,1147614172,76,72,101,Tulune
Rocks,2,WOD_Rocks_Large_05r1,129,106,1291910624,19,24,-35,Tulune
Rocks,2,WOD_Rocks_Large_05r1,83,141,8354141124,54,124,39,Tulune
Rocks,2,WOD_Rocks_Large_05r1,104,153,1.04E+11,105,100,52,Tulune
Rocks,2,WOD_Rocks_Large_05r1,110,138,11011313804,113,4,90,Tulune
Rocks,2,WOD_Rocks_Large_05r1,104,118,1045011869,50,69,153,Tulune
Rocks,2,WOD_Rocks_Large_05r1,73,128,739712859,97,59,161,Tulune
Rocks,2,WOD_Rocks_Large_05r1,75,160,7511916067,119,67,95,Tulune
Rocks,2,WOD_Rocks_Large_05r1,107,119,1079511954,95,54,87,Tulune
Rocks,2,WOD_Rocks_Large_05r1,95,121,956812154,68,54,55,Tulune
Rocks,2,WOD_Rocks_Large_05r1,96,155,962615565,26,65,120,Tulune
Rocks,2,WOD_Rocks_Large_05r1,89,122,892812264,28,64,131,Tulune
Rocks,2,WOD_Rocks_Large_05r1,76,146,763114690,31,90,21,Tulune
Rocks,2,WOD_Rocks_Large_05r1,87,128,8712512883,125,83,-139,Tulune
Rocks,2,WOD_Rocks_Large_05r1,67,105,6712210576,122,76,-136,Tulune
Rocks,2,WOD_Rocks_Large_05r1,101,153,10140153111,40,111,-147,Tulune
Rocks,2,WOD_Rocks_Large_05r1,121,117,1213111727,31,27,44,Tulune
Rocks,2,WOD_Rocks_Large_05r1,107,110,1078811090,88,90,50,Tulune
Rocks,2,WOD_Rocks_Large_05r1,90,131,90127131115,127,115,-63,Tulune
Rocks,2,WOD_Rocks_Large_05r1,109,112,1095611264,56,64,-139,Tulune
Rocks,2,WOD_Rocks_Large_05r1,103,137,1034413754,44,54,-124,Tulune
Rocks,2,WOD_Rocks_Large_05r1,82,140,828814027,88,27,-153,Tulune
Rocks,2,WOD_Rocks_Large_05r1,91,127,916112763,61,63,-122,Tulune
Rocks,2,WOD_Rocks_Large_05r1,102,131,1025213128,52,28,-115,Tulune
Rocks,2,WOD_Rocks_Large_05r1,94,137,94109137104,109,104,-145,Tulune
Rocks,2,WOD_Rocks_Large_05r1,93,157,935015750,50,50,11,Tulune
Rocks,2,WOD_Rocks_Large_05r1,87,108,8712710874,127,74,-119,Tulune
Rocks,2,WOD_Rocks_Large_05r1,107,112,10712311297,123,97,18,Tulune
Rocks,2,WOD_Rocks_Large_05r1,105,107,10583107113,83,113,-173,Tulune
Rocks,2,WOD_Rocks_Large_05r1,123,123,12349123124,49,124,14,Tulune
Rocks,2,WOD_Rocks_Large_05r1,88,122,8806122115,6,115,-70,Tulune
Rocks,2,WOD_Rocks_Large_05r1,87,102,874510288,45,88,64,Tulune
Rocks,2,WOD_Rocks_Large_05r1,105,137,1054513781,45,81,32,Tulune
Rocks,2,WOD_Rocks_Large_05r1,96,106,960810670,8,70,-106,Tulune
Rocks,2,WOD_Rocks_Large_05r1,121,117,1215011773,50,73,102,Tulune
Rocks,2,WOD_Rocks_Large_05r1,114,131,1145813181,58,81,-106,Tulune
Rocks,2,WOD_Rocks_Large_05r1,90,149,908614958,86,58,-43,Tulune
Rocks,2,WOD_Rocks_Large_05r1,79,113,797811365,78,65,-167,Tulune
Rocks,2,WOD_Rocks_Large_05r1,93,157,931715769,17,69,14,Tulune
Rocks,2,WOD_Rocks_Large_05r1,72,131,727813196,78,96,78,Tulune
Rocks,2,WOD_Rocks_Large_05r1,82,134,827813488,78,88,-108,Tulune
Rocks,2,WOD_Rocks_Large_05r1,103,103,1038810309,88,9,152,Tulune
Rocks,2,WOD_Rocks_Large_05r1,86,137,865813746,58,46,79,Tulune
Rocks,2,WOD_Rocks_Large_05r1,69,129,690312968,3,68,-16,Tulune
Rocks,2,WOD_Rocks_Large_05r1,84,156,847215664,72,64,108,Tulune
Rocks,2,WOD_Rocks_Large_05r1,86,100,868110020,81,20,-28,Tulune
Rocks,2,WOD_Rocks_Large_05r1,88,107,889010738,90,38,-30,Tulune
Rocks,2,WOD_Rocks_Large_05r1,68,105,680310593,3,93,-98,Tulune
Rocks,2,WOD_Rocks_Large_05r1,77,159,771215919,12,19,-160,Tulune
Rocks,2,WOD_Rocks_Large_05r1,70,111,702911108,29,8,-53,Tulune
Rocks,2,WOD_Rocks_Large_05r1,72,119,7249119123,49,123,28,Tulune
Rocks,2,WOD_Rocks_Large_05r1,72,119,728811977,88,77,126,Tulune
Rocks,2,WOD_Rocks_Large_05r1,99,116,991811687,18,87,-129,Tulune
Rocks,2,WOD_Rocks_Large_05r1,62,104,624610467,46,67,25,Tulune
Rocks,2,WOD_Rocks_Large_05r1,70,106,704010674,40,74,-73,Tulune
Rocks,2,WOD_Rocks_Large_05r1,107,153,10710515356,105,56,-98,Tulune
Rocks,2,WOD_Rocks_Large_05r1,99,123,9910612364,106,64,147,Tulune
Rocks,2,WOD_Rocks_Large_05r1,77,141,7751141123,51,123,-165,Tulune
Rocks,2,WOD_Rocks_Large_05r1,76,141,766714133,67,33,-68,Tulune
Rocks,2,WOD_Rocks_Large_05r1,128,116,1281311656,13,56,-176,Tulune
Rocks,2,WOD_Rocks_Large_05r1,67,113,6711911376,119,76,136,Tulune
Rocks,2,WOD_Rocks_Large_05r1,99,124,9911612451,116,51,-39,Tulune
Rocks,2,WOD_Rocks_Large_05r1,129,105,1293310529,33,29,132,Tulune
Rocks,2,WOD_Rocks_Large_05r1,70,129,7064129114,64,114,-134,Tulune
Rocks,2,WOD_Rocks_Large_05r1,118,128,11865128100,65,100,118,Tulune
Rocks,2,WOD_Rocks_Large_05r1,108,120,1085412036,54,36,54,Tulune
Rocks,2,WOD_Rocks_Large_05r1,94,156,949115678,91,78,-169,Tulune
Rocks,2,WOD_Rocks_Large_05r1,89,155,895415573,54,73,149,Tulune
Rocks,2,WOD_Rocks_Large_05r1,108,112,10810911282,109,82,72,Tulune
Rocks,2,WOD_Rocks_Large_05r1,91,125,913712587,37,87,104,Tulune
Rocks,2,WOD_Rocks_Large_05r1,100,123,1000812383,8,83,2,Tulune
Rocks,2,WOD_Rocks_Large_05r1,103,103,1034010381,40,81,89,Tulune
Rocks,2,WOD_Rocks_Large_05r1,104,109,1048210942,82,42,-156,Tulune
Rocks,2,WOD_Rocks_Large_05r1,119,117,1194711722,47,22,-37,Tulune
Rocks,2,WOD_Rocks_Large_05r1,74,112,74116112123,116,123,-165,Tulune
Rocks,2,WOD_Rocks_Large_05r1,117,108,1176910847,69,47,-32,Tulune
Rocks,2,WOD_Rocks_Large_05r1,100,125,1003712587,37,87,57,Tulune
Rocks,2,WOD_Rocks_Large_05r1,88,155,8811015559,110,59,-139,Tulune
Rocks,2,WOD_Rocks_Large_05r1,123,123,1231512372,15,72,105,Tulune
Rocks,2,WOD_Rocks_Large_05r1,78,164,786716469,67,69,142,Tulune
Rocks,2,WOD_Rocks_Large_05r1,98,118,9810111845,101,45,113,Tulune
Rocks,2,WOD_Rocks_Large_05r1,120,133,12056133106,56,106,80,Tulune
Rocks,2,WOD_Rocks_Large_05r1,112,146,1123114645,31,45,-110,Tulune
Rocks,2,WOD_Rocks_Large_05r1,105,140,1.05E+11,101,127,67,Tulune
Rocks,2,WOD_Rocks_Large_05r1,124,111,1242211136,22,36,86,Tulune
Rocks,2,WOD_Rocks_Large_05r1,78,163,784616306,46,6,72,Tulune
Rocks,2,WOD_Rocks_Large_05r1,74,163,742216363,22,63,170,Tulune
Rocks,2,WOD_Rocks_Large_05r1,120,120,1208312067,83,67,-106,Tulune
Rocks,2,WOD_Rocks_Large_05r1,108,141,1080914138,9,38,-104,Tulune
Rocks,2,WOD_Rocks_Large_05r1,108,110,1089311063,93,63,42,Tulune
Rocks,2,WOD_Rocks_Large_05r1,133,106,1334210609,42,9,-12,Tulune
Rocks,2,WOD_Rocks_Large_05r1,115,131,1155413161,54,61,45,Tulune
Rocks,2,WOD_Rocks_Large_05r1,115,131,1157613164,76,64,168,Tulune
Rocks,2,WOD_Rocks_Large_05r1,91,154,916015467,60,67,-32,Tulune
Rocks,2,WOD_Rocks_Large_05r1,117,124,11712312427,123,27,-107,Tulune
Rocks,2,WOD_Rocks_Large_05r1,76,148,767414844,74,44,-147,Tulune
Rocks,2,WOD_Rocks_Large_05r1,71,130,719913096,99,96,-134,Tulune
Rocks,2,WOD_Rocks_Large_05r1,68,105,6811310588,113,88,92,Tulune
Rocks,2,WOD_Rocks_Large_05r1,129,116,1290511605,5,5,137,Tulune
Rocks,2,WOD_Rocks_Large_05r1,91,147,918114719,81,19,-80,Tulune
Rocks,2,WOD_Rocks_Large_05r1,104,116,1042811646,28,46,171,Tulune
Rocks,2,WOD_Rocks_Large_05r1,90,111,907211160,72,60,-52,Tulune
Rocks,2,WOD_Rocks_Large_05r1,86,122,866412277,64,77,-41,Tulune
Rocks,2,WOD_Rocks_Large_05r1,100,125,10040125124,40,124,-113,Tulune
Rocks,2,WOD_Rocks_Large_05r1,90,139,907213932,72,32,-19,Tulune
Rocks,2,WOD_Rocks_Large_05r1,117,141,1174414146,44,46,119,Tulune
Rocks,2,WOD_Rocks_Large_05r1,126,109,1265110956,51,56,-130,Tulune
Rocks,2,WOD_Rocks_Large_05r1,92,138,92119138102,119,102,-76,Tulune
Rocks,2,WOD_Rocks_Large_05r1,111,140,1114014065,40,65,-87,Tulune
Rocks,2,WOD_Rocks_Large_05r1,92,147,924114773,41,73,-56,Tulune
Rocks,2,WOD_Rocks_Large_05r1,63,111,630911183,9,83,50,Tulune
Rocks,2,WOD_Rocks_Large_05r1,125,142,1257614267,76,67,-45,Tulune
Rocks,2,WOD_Rocks_Large_05r1,71,110,717311076,73,76,-133,Tulune
Rocks,2,WOD_Rocks_Large_05r1,107,141,10711114179,111,79,-23,Tulune
Rocks,2,WOD_Rocks_Large_05r1,63,110,633711006,37,6,-46,Tulune
Rocks,2,WOD_Rocks_Large_05r1,108,120,1085412064,54,64,-125,Tulune
Rocks,2,WOD_Rocks_Large_05r1,69,114,698311432,83,32,90,Tulune
Rocks,2,WOD_Rocks_Large_05r1,111,118,1119711870,97,70,-161,Tulune
Rocks,2,WOD_Rocks_Large_05r1,85,143,8578143113,78,113,-47,Tulune
Rocks,2,WOD_Rocks_Large_05r1,76,157,767815792,78,92,40,Tulune
Rocks,2,WOD_Rocks_Large_05r1,121,134,1212913492,29,92,-146,Tulune
Rocks,2,WOD_Rocks_Large_05r1,119,128,11917128128,17,128,-54,Tulune
Rocks,2,WOD_Rocks_Large_05r1,129,104,1291810478,18,78,-12,Tulune
Rocks,2,WOD_Rocks_Large_05r1,76,116,763211652,32,52,166,Tulune
Rocks,2,WOD_Rocks_Large_05r1,78,114,7811511499,115,99,-170,Tulune
Rocks,2,WOD_Rocks_Large_05r1,99,107,991310751,13,51,-87,Tulune
Rocks,2,WOD_Rocks_Large_05r1,91,131,9105131116,5,116,18,Tulune
Rocks,2,WOD_Rocks_Large_05r1,79,113,792611360,26,60,-87,Tulune
Rocks,2,WOD_Rocks_Large_05r1,114,114,11411911493,119,93,-79,Tulune
Rocks,2,WOD_Rocks_Large_05r1,84,142,847414255,74,55,68,Tulune
Rocks,2,WOD_Rocks_Large_05r1,76,156,763315631,33,31,-136,Tulune
Rocks,2,WOD_Rocks_Large_05r1,65,105,654010555,40,55,-159,Tulune
Rocks,2,WOD_Rocks_Large_05r1,123,104,12310010420,100,20,-101,Tulune
Rocks,2,WOD_Rocks_Large_05r1,91,156,914115695,41,95,-111,Tulune
Rocks,2,WOD_Rocks_Large_05r1,122,135,1229513579,95,79,-166,Tulune
Rocks,2,WOD_Rocks_Large_05r1,117,141,1176314147,63,47,104,Tulune
Rocks,2,WOD_Rocks_Large_05r1,95,145,954714569,47,69,105,Tulune
Rocks,2,WOD_Rocks_Large_05r1,104,112,1044011231,40,31,-74,Tulune
Rocks,2,WOD_Rocks_Large_05r1,124,111,1241711101,17,1,165,Tulune
Rocks,2,WOD_Rocks_Large_05r1,130,107,1300110755,1,55,124,Tulune
Rocks,2,WOD_Rocks_Large_05r1,94,128,945612891,56,91,73,Tulune
Rocks,2,WOD_Rocks_Large_05r1,116,115,11611911549,119,49,160,Tulune
Rocks,2,WOD_Rocks_Large_05r1,90,106,9010610668,106,68,97,Tulune
Rocks,2,WOD_Rocks_Large_05r1,117,124,11752124101,52,101,26,Tulune
Rocks,2,WOD_Rocks_Large_05r1,75,162,751216263,12,63,137,Tulune
Rocks,2,WOD_Rocks_Large_05r1,102,141,10211314142,113,42,92,Tulune
Rocks,2,WOD_Rocks_Large_05r1,101,104,1019310469,93,69,-106,Tulune
Rocks,2,WOD_Rocks_Large_05r1,119,108,1.19E+11,124,127,118,Tulune
Rocks,2,WOD_Rocks_Large_05r1,54,149,5405149105,5,105,10,Tulune
Rocks,2,WOD_Rocks_Large_05r1,58,146,584714632,47,32,-72,Tulune
Rocks,2,WOD_Rocks_Large_05r1,79,133,7912713327,127,27,-122,Tulune
Rocks,2,WOD_Rocks_Large_05r1,82,151,820615110,6,10,124,Tulune
Rocks,2,WOD_Rocks_Large_05r1,99,151,9912315145,123,45,94,Tulune
Rocks,2,WOD_Rocks_Large_05r1,90,107,902010742,20,42,107,Tulune
Rocks,2,WOD_Rocks_Large_05r1,91,142,915914229,59,29,-19,Tulune
Rocks,2,WOD_Rocks_Large_05r1,81,122,816712299,67,99,-50,Tulune
Rocks,2,WOD_Rocks_Large_05r1,80,125,8012512573,125,73,174,Tulune
Rocks,2,WOD_Rocks_Large_05r1,81,141,8112714165,127,65,22,Tulune
Rocks,2,WOD_Rocks_Large_05r1,97,113,9736113101,36,101,168,Tulune
Rocks,2,WOD_Rocks_Large_05r1,109,131,1092013174,20,74,123,Tulune
Rocks,2,WOD_Rocks_Large_05r1,97,150,979515017,95,17,-144,Tulune
Rocks,2,WOD_Rocks_Large_05r1,109,129,1090612993,6,93,-85,Tulune
Rocks,2,WOD_Rocks_Large_05r1,81,163,811516328,15,28,83,Tulune
Rocks,2,WOD_Rocks_Large_05r1,119,139,11997139106,97,106,31,Tulune
Rocks,2,WOD_Rocks_Large_05r1,115,134,11510913468,109,68,-1,Tulune
Rocks,2,WOD_Rocks_Large_05r1,88,132,883313226,33,26,-92,Tulune
Rocks,2,WOD_Rocks_Large_05r1,78,139,7812413904,124,4,-165,Tulune
Rocks,2,WOD_Rocks_Large_05r1,81,150,819115090,91,90,76,Tulune
Rocks,2,WOD_Rocks_Large_05r1,112,123,11211412300,114,0,180,Tulune
Rocks,2,WOD_Rocks_Large_05r1,117,127,11746127111,46,111,25,Tulune
Rocks,2,WOD_Rocks_Large_05r1,106,111,1064011181,40,81,-65,Tulune
Rocks,2,WOD_Rocks_Large_05r1,76,121,767812142,78,42,-63,Tulune
Rocks,2,WOD_Rocks_Large_05r1,61,114,61124114118,124,118,-117,Tulune
Rocks,2,WOD_Rocks_Large_05r1,83,115,83116115110,116,110,37,Tulune
Rocks,2,WOD_Rocks_Large_05r1,92,120,9210612037,106,37,151,Tulune
Rocks,2,WOD_Rocks_Large_05r1,100,144,1002814456,28,56,-43,Tulune
Rocks,2,WOD_Rocks_Large_05r1,73,118,730311808,3,8,17,Tulune
Rocks,2,WOD_Rocks_Large_05r1,77,122,778212254,82,54,-27,Tulune
Rocks,2,WOD_Rocks_Large_05r1,77,158,7711415896,114,96,-177,Tulune
Rocks,2,WOD_Rocks_Large_05r1,77,115,77122115122,122,122,-15,Tulune
Rocks,2,WOD_Rocks_Large_05r1,122,104,12212510414,125,14,51,Tulune
Rocks,2,WOD_Rocks_Large_05r1,113,129,11310412904,104,4,111,Tulune
Rocks,2,WOD_Rocks_Large_05r1,75,159,75122159116,122,116,96,Tulune
Rocks,2,WOD_Rocks_Large_05r1,110,105,1104110541,41,41,-27,Tulune
Rocks,2,WOD_Rocks_Large_05r1,99,116,998811678,88,78,-44,Tulune
Rocks,2,WOD_Rocks_Large_05r1,119,142,1195914245,59,45,-96,Tulune
Rocks,2,WOD_Rocks_Large_05r1,67,120,6711112056,111,56,77,Tulune
Rocks,2,WOD_Rocks_Large_05r1,115,138,11512513832,125,32,-158,Tulune
Rocks,2,WOD_Rocks_Large_05r1,55,144,550414459,4,59,42,Tulune
Rocks,2,WOD_Rocks_Large_05r1,119,126,1197712697,77,97,-60,Tulune
Rocks,2,WOD_Rocks_Large_05r1,76,137,7652137120,52,120,-138,Tulune
Rocks,2,WOD_Rocks_Large_05r1,88,125,885912564,59,64,-22,Tulune
Rocks,2,WOD_Rocks_Large_05r1,70,116,7011911638,119,38,-151,Tulune
Rocks,2,WOD_Rocks_Large_05r1,105,102,10535102105,35,105,126,Tulune
Rocks,2,WOD_Rocks_Large_05r1,110,135,1106413532,64,32,132,Tulune
Rocks,2,WOD_Rocks_Large_05r1,112,104,1123610415,36,15,169,Tulune
Rocks,2,WOD_Rocks_Large_05r1,124,137,12410113781,101,81,131,Tulune
Rocks,2,WOD_Rocks_Large_05r1,102,136,1025913677,59,77,-82,Tulune
Rocks,2,WOD_Rocks_Large_05r1,59,151,590115133,1,33,-121,Tulune
Rocks,2,WOD_Rocks_Large_05r1,87,120,874512003,45,3,15,Tulune
Rocks,2,WOD_Rocks_Large_05r1,57,151,577015178,70,78,-96,Tulune
Rocks,2,WOD_Rocks_Large_05r1,95,111,95110111127,110,127,105,Tulune
Rocks,2,WOD_Rocks_Large_05r1,65,158,653815803,38,3,11,Tulune
Rocks,2,WOD_Rocks_Large_05r1,93,154,934415449,44,49,-155,Tulune
Rocks,2,WOD_Rocks_Large_05r1,114,130,1144513050,45,50,-159,Tulune
Rocks,2,WOD_Rocks_Large_05r1,71,111,712411147,24,47,-106,Tulune
Rocks,2,WOD_Rocks_Large_05r1,86,147,867914704,79,4,83,Tulune
Rocks,2,WOD_Rocks_Large_05r1,119,121,11983121108,83,108,122,Tulune
Rocks,2,WOD_Rocks_Large_05r1,110,123,1103812367,38,67,177,Tulune
Rocks,2,WOD_Rocks_Large_05r1,76,118,764211859,42,59,88,Tulune
Rocks,2,WOD_Rocks_Large_05r1,86,132,8611013297,110,97,-44,Tulune
Rocks,2,WOD_Rocks_Large_05r1,77,124,777812490,78,90,-108,Tulune
Rocks,2,WOD_Rocks_Large_05r1,105,111,1055511155,55,55,33,Tulune
Rocks,2,WOD_Rocks_Large_05r1,81,151,8111315183,113,83,77,Tulune
Rocks,2,WOD_Rocks_Large_05r1,89,101,8969101104,69,104,-72,Tulune
Rocks,2,WOD_Rocks_Large_05r1,58,148,589514864,95,64,-28,Tulune
Rocks,2,WOD_Rocks_Large_05r1,118,125,1182212552,22,52,-122,Tulune
Rocks,2,WOD_Rocks_Large_05r1,79,124,796912423,69,23,-64,Tulune
Rocks,2,WOD_Rocks_Large_05r1,102,137,10268137108,68,108,-21,Tulune
Rocks,2,WOD_Rocks_Large_05r1,70,123,703612335,36,35,-22,Tulune
Rocks,2,WOD_Rocks_Large_05r1,89,109,895810954,58,54,-71,Tulune
Rocks,2,WOD_Rocks_Large_05r1,72,147,724014726,40,26,-106,Tulune
Rocks,2,WOD_Rocks_Large_05r1,102,135,10211313536,113,36,-96,Tulune
Rocks,2,WOD_Rocks_Large_05r1,80,110,809511035,95,35,-147,Tulune
Rocks,2,WOD_Rocks_Large_05r1,82,135,8210513593,105,93,-68,Tulune
Rocks,2,WOD_Rocks_Large_05r1,123,122,1233312264,33,64,118,Tulune
Rocks,2,WOD_Rocks_Large_05r1,75,130,753813092,38,92,30,Tulune
Rocks,2,WOD_Rocks_Large_05r1,55,153,557015359,70,59,-44,Tulune
Rocks,2,WOD_Rocks_Large_05r1,67,108,678310868,83,68,-12,Tulune
Rocks,2,WOD_Rocks_Large_05r1,67,163,679016336,90,36,174,Tulune
Rocks,2,WOD_Rocks_Large_05r1,126,119,1263711970,37,70,87,Tulune
Rocks,2,WOD_Rocks_Large_05r1,108,147,1080514797,5,97,-9,Tulune
Rocks,2,WOD_Rocks_Large_05r1,91,106,9195106114,95,114,-158,Tulune
Rocks,2,WOD_Rocks_Large_05r1,103,118,10311011878,110,78,88,Tulune
Rocks,2,WOD_Rocks_Large_05r1,77,145,779514514,95,14,-131,Tulune
Rocks,2,WOD_Rocks_Large_05r1,75,130,7573130119,73,119,168,Tulune
Rocks,2,WOD_Rocks_Large_05r1,75,166,758316655,83,55,-133,Tulune
Rocks,2,WOD_Rocks_Large_05r1,87,111,877411117,74,17,-15,Tulune
Rocks,2,WOD_Rocks_Large_05r1,100,121,1008612168,86,68,112,Tulune
Rocks,2,WOD_Rocks_Large_05r1,114,105,1140410504,4,4,154,Tulune
Rocks,2,WOD_Rocks_Large_05r1,93,129,934612984,46,84,47,Tulune
Rocks,2,WOD_Rocks_Large_05r1,104,101,1040310113,3,13,142,Tulune
Rocks,2,WOD_Rocks_Large_05r1,110,133,1108713383,87,83,9,Tulune
Rocks,2,WOD_Rocks_Large_05r1,83,137,8399137119,99,119,-23,Tulune
Rocks,2,WOD_Rocks_Large_05r1,68,105,686410533,64,33,117,Tulune
Rocks,2,WOD_Rocks_Large_05r1,124,149,12428149125,28,125,64,Tulune
Rocks,2,WOD_Rocks_Large_05r1,119,145,1.19E+11,115,123,52,Tulune
Rocks,2,WOD_Rocks_Large_05r1,110,113,1101311312,13,12,123,Tulune
Rocks,2,WOD_Rocks_Large_05r1,93,140,936114015,61,15,128,Tulune
Rocks,2,WOD_Rocks_Large_05r1,114,116,1141211668,12,68,177,Tulune
Rocks,2,WOD_Rocks_Large_05r1,72,113,728211373,82,73,140,Tulune
Rocks,2,WOD_Rocks_Large_05r1,56,154,5652154127,52,127,-79,Tulune
Rocks,2,WOD_Rocks_Large_05r1,93,107,9311510729,115,29,-110,Tulune
Rocks,2,WOD_Rocks_Large_05r1,77,120,776012063,60,63,-91,Tulune
Rocks,2,WOD_Rocks_Large_05r1,125,135,12511313520,113,20,24,Tulune
Rocks,2,WOD_Rocks_Large_05r1,67,163,6712216332,122,32,90,Tulune
Rocks,2,WOD_Rocks_Large_05r1,62,116,627711619,77,19,-108,Tulune
Rocks,2,WOD_Rocks_Large_05r1,87,155,871415568,14,68,152,Tulune
Rocks,2,WOD_Rocks_Large_05r1,90,158,9051158106,51,106,110,Tulune
Rocks,2,WOD_Rocks_Large_05r1,77,142,773614279,36,79,-175,Tulune
Rocks,2,WOD_Rocks_Large_05r1,105,134,1059313406,93,6,-48,Tulune
Rocks,2,WOD_Rocks_Large_05r1,111,117,1116811759,68,59,19,Tulune
Rocks,2,WOD_Rocks_Large_05r1,103,109,10312710924,127,24,-73,Tulune
Rocks,2,WOD_Rocks_Large_05r1,75,161,7511816191,118,91,44,Tulune
Rocks,2,WOD_Rocks_Large_05r1,81,158,818215868,82,68,99,Tulune
Rocks,2,WOD_Rocks_Large_05r1,121,146,1.21E+11,122,109,24,Tulune
Rocks,2,WOD_Rocks_Large_05r1,101,116,1016511632,65,32,-21,Tulune
Rocks,2,WOD_Rocks_Large_05r1,70,163,708416338,84,38,116,Tulune
Rocks,2,WOD_Rocks_Large_05r1,113,117,11310811746,108,46,-96,Tulune
Rocks,2,WOD_Rocks_Large_05r1,82,111,8250111118,50,118,145,Tulune
Rocks,2,WOD_Rocks_Large_05r1,109,130,1092813038,28,38,174,Tulune
Rocks,2,WOD_Rocks_Large_05r1,76,109,763310906,33,6,-162,Tulune
Rocks,2,WOD_Rocks_Large_05r1,58,144,581414469,14,69,35,Tulune
Rocks,2,WOD_Rocks_Large_05r1,90,101,902910187,29,87,-121,Tulune
Rocks,2,WOD_Rocks_Large_05r1,104,112,1042411208,24,8,127,Tulune
Rocks,2,WOD_Rocks_Large_05r1,120,149,1207014915,70,15,77,Tulune
Rocks,2,WOD_Rocks_Large_05r1,123,121,12311612137,116,37,149,Tulune
Rocks,2,WOD_Rocks_Large_05r1,79,135,792013540,20,40,-101,Tulune
Rocks,2,WOD_Rocks_Large_05r1,91,150,91111150106,111,106,168,Tulune
Rocks,2,WOD_Rocks_Large_05r1,98,116,984711641,47,41,-160,Tulune
Rocks,2,WOD_Rocks_Large_05r1,74,122,7401122118,1,118,174,Tulune
Rocks,2,WOD_Rocks_Large_05r1,94,133,948613358,86,58,124,Tulune
Rocks,2,WOD_Rocks_Large_05r1,122,144,12288144123,88,123,137,Tulune
Rocks,2,WOD_Rocks_Large_05r1,99,124,9912512400,125,0,-40,Tulune
Rocks,2,WOD_Rocks_Large_05r1,124,115,1.24E+11,115,105,-121,Tulune
Rocks,2,WOD_Rocks_Large_05r1,116,129,1163512942,35,42,-26,Tulune
Rocks,2,WOD_Rocks_Large_05r1,85,156,851815647,18,47,63,Tulune
Rocks,2,WOD_Rocks_Large_05r1,105,132,1053113231,31,31,-1,Tulune
Rocks,2,WOD_Rocks_Large_05r1,89,114,8910511467,105,67,-39,Tulune
Rocks,2,WOD_Rocks_Large_05r1,101,122,10112512265,125,65,-125,Tulune
Rocks,2,WOD_Rocks_Large_05r1,73,147,733314723,33,23,5,Tulune
Rocks,2,WOD_Rocks_Large_05r1,112,131,1124613124,46,24,123,Tulune
Rocks,2,WOD_Rocks_Large_05r1,101,125,10103125108,3,108,89,Tulune
Rocks,2,WOD_Rocks_Large_05r1,86,149,867914964,79,64,18,Tulune
Rocks,2,WOD_Rocks_Large_05r1,108,129,1080512942,5,42,80,Tulune
Rocks,2,WOD_Rocks_Large_05r1,98,149,9810614900,106,0,-62,Tulune
Rocks,2,WOD_Rocks_Large_05r1,102,120,10211912049,119,49,98,Tulune
Rocks,2,WOD_Rocks_Large_05r1,100,154,1005115436,51,36,112,Tulune
Rocks,2,WOD_Rocks_Large_05r1,111,136,11140136123,40,123,18,Tulune
Rocks,2,WOD_Rocks_Large_05r1,89,124,8911112492,111,92,99,Tulune
Rocks,2,WOD_Rocks_Large_05r1,95,140,957214051,72,51,7,Tulune
Rocks,2,WOD_Rocks_Large_05r1,124,114,1242811408,28,8,90,Tulune
Rocks,2,WOD_Rocks_Large_05r1,77,154,774615499,46,99,-23,Tulune
Rocks,2,WOD_Rocks_Large_05r1,98,115,986511515,65,15,91,Tulune
Rocks,2,WOD_Rocks_Large_05r1,122,130,1222813084,28,84,-65,Tulune
Rocks,2,WOD_Rocks_Large_05r1,74,160,7411016027,110,27,-93,Tulune
Rocks,2,WOD_Rocks_Large_05r1,97,107,975410776,54,76,144,Tulune
Rocks,2,WOD_Rocks_Large_05r1,69,111,691911196,19,96,-81,Tulune
Rocks,2,WOD_Rocks_Large_05r1,87,125,874112519,41,19,137,Tulune
Rocks,2,WOD_Rocks_Large_05r1,74,109,7411910978,119,78,-43,Tulune
Rocks,2,WOD_Rocks_Large_05r1,110,129,1108212924,82,24,161,Tulune
Rocks,2,WOD_Rocks_Large_05r1,72,142,720514231,5,31,-129,Tulune
Rocks,2,WOD_Rocks_Large_05r1,94,156,948115618,81,18,-8,Tulune
Rocks,2,WOD_Rocks_Large_05r1,69,123,6996123109,96,109,-50,Tulune
Rocks,2,WOD_Rocks_Large_05r1,84,120,8410112033,101,33,-6,Tulune
Rocks,2,WOD_Rocks_Large_05r1,52,149,525014935,50,35,123,Tulune
Rocks,2,WOD_Rocks_Large_05r1,112,124,1122012410,20,10,-135,Tulune
Rocks,2,WOD_Rocks_Large_05r1,85,128,857412882,74,82,-159,Tulune
Rocks,2,WOD_Rocks_Large_05r1,66,160,662316097,23,97,-72,Tulune
Rocks,2,WOD_Rocks_Large_05r1,85,136,858813670,88,70,-112,Tulune
Rocks,2,WOD_Rocks_Large_05r1,113,115,11399115110,99,110,48,Tulune
Rocks,2,WOD_Rocks_Large_05r1,82,109,8210110970,101,70,174,Tulune
Rocks,2,WOD_Rocks_Large_05r1,70,157,709915740,99,40,93,Tulune
Rocks,2,WOD_Rocks_Large_05r1,74,112,7412411278,124,78,-161,Tulune
Rocks,2,WOD_Rocks_Large_05r1,131,107,1315610737,56,37,-83,Tulune
Rocks,2,WOD_Rocks_Large_05r1,104,139,1042613904,26,4,-149,Tulune
Rocks,2,WOD_Rocks_Large_05r1,120,148,12050148119,50,119,-127,Tulune
Rocks,2,WOD_Rocks_Large_05r1,95,102,957210226,72,26,-56,Tulune
Rocks,2,WOD_Rocks_Large_05r1,125,136,1255813682,58,82,77,Tulune
Rocks,2,WOD_Rocks_Large_05r1,126,109,1265810970,58,70,144,Tulune
Rocks,2,WOD_Rocks_Large_05r1,76,129,7610012919,100,19,4,Tulune
Rocks,2,WOD_Rocks_Large_05r1,104,120,1044912001,49,1,-178,Tulune
Rocks,2,WOD_Rocks_Large_05r1,93,136,932313606,23,6,-87,Tulune
Rocks,2,WOD_Rocks_Large_05r1,71,126,718212655,82,55,40,Tulune
Rocks,2,WOD_Rocks_Large_05r1,81,118,816911810,69,10,-3,Tulune
Rocks,2,WOD_Rocks_Large_05r1,92,140,929714003,97,3,5,Tulune
Rocks,2,WOD_Rocks_Large_05r1,73,119,7312811912,128,12,51,Tulune
Rocks,2,WOD_Rocks_Large_05r1,90,130,904113019,41,19,-155,Tulune
Rocks,2,WOD_Rocks_Large_05r1,91,140,912914032,29,32,39,Tulune
Rocks,2,WOD_Rocks_Large_05r1,75,125,7511512528,115,28,-26,Tulune
Rocks,2,WOD_Rocks_Large_05r1,106,123,10633123122,33,122,177,Tulune
Rocks,2,WOD_Rocks_Large_05r1,83,118,83128118102,128,102,-59,Tulune
Rocks,2,WOD_Rocks_Large_05r1,95,138,955113803,51,3,-65,Tulune
Rocks,2,WOD_Rocks_Large_05r1,85,158,8588158118,88,118,78,Tulune
Rocks,2,WOD_Rocks_Large_05r1,99,134,9910413493,104,93,15,Tulune
Rocks,2,WOD_Rocks_Large_05r1,80,117,809311745,93,45,-23,Tulune
Rocks,2,WOD_Rocks_Large_05r1,80,160,8040160104,40,104,178,Tulune
Rocks,2,WOD_Rocks_Large_05r1,117,139,1173213924,32,24,105,Tulune
Rocks,2,WOD_Rocks_Large_05r1,75,117,7511011754,110,54,14,Tulune
Rocks,2,WOD_Rocks_Large_05r1,117,131,1171713156,17,56,-154,Tulune
Rocks,2,WOD_Rocks_Large_05r1,124,133,12410613364,106,64,158,Tulune
Rocks,2,WOD_Rocks_Large_05r1,92,119,923711987,37,87,-49,Tulune
Rocks,2,WOD_Rocks_Large_05r1,78,105,78109105114,109,114,-107,Tulune
Rocks,2,WOD_Rocks_Large_05r1,116,141,11611414178,114,78,-133,Tulune
Rocks,2,WOD_Rocks_Large_05r1,121,109,1217610926,76,26,-173,Tulune
Rocks,2,WOD_Rocks_Large_05r1,77,140,774114056,41,56,-13,Tulune
Rocks,2,WOD_Rocks_Large_05r1,99,138,9928138105,28,105,-68,Tulune
Rocks,2,WOD_Rocks_Large_05r1,110,136,11093136115,93,115,135,Tulune
Rocks,2,WOD_Rocks_Large_05r1,118,103,11841103127,41,127,-20,Tulune
Rocks,2,WOD_Rocks_Large_05r1,74,155,7412015596,120,96,126,Tulune
Rocks,2,WOD_Rocks_Large_05r1,127,111,12714111119,14,119,-97,Tulune
Rocks,2,WOD_Rocks_Large_05r1,56,143,5612314372,123,72,-96,Tulune
Rocks,2,WOD_Rocks_Large_05r1,122,139,12278139128,78,128,98,Tulune
Rocks,2,WOD_Rocks_Large_05r1,125,144,1254214454,42,54,83,Tulune
Rocks,2,WOD_Rocks_Large_05r1,78,125,7867125101,67,101,70,Tulune
Rocks,2,WOD_Rocks_Large_05r1,117,107,11701107101,1,101,144,Tulune
Rocks,2,WOD_Rocks_Large_05r1,94,154,947615492,76,92,-88,Tulune
Rocks,2,WOD_Rocks_Large_05r1,119,127,11903127115,3,115,-10,Tulune
Rocks,2,WOD_Rocks_Large_05r1,99,111,9910811192,108,92,-96,Tulune
Rocks,2,WOD_Rocks_Large_05r1,72,105,727210596,72,96,-98,Tulune
Rocks,2,WOD_Rocks_Large_05r1,60,107,6000107123,0,123,-177,Tulune
Rocks,2,WOD_Rocks_Large_05r1,75,117,756811793,68,93,-166,Tulune
Rocks,2,WOD_Rocks_Large_05r1,98,127,9823127106,23,106,64,Tulune
Rocks,2,WOD_Rocks_Large_05r1,86,136,8610413652,104,52,-70,Tulune
Rocks,2,WOD_Rocks_Large_05r1,123,120,12351120127,51,127,-160,Tulune
Rocks,2,WOD_Rocks_Large_05r1,124,131,1240513197,5,97,-148,Tulune
Rocks,2,WOD_Rocks_Large_05r1,112,104,1126810455,68,55,142,Tulune
Rocks,2,WOD_Rocks_Large_05r1,73,113,730611332,6,32,-7,Tulune
Rocks,2,WOD_Rocks_Large_05r1,72,120,7297120122,97,122,88,Tulune
Rocks,2,WOD_Rocks_Large_05r1,69,108,699110809,91,9,104,Tulune
Rocks,2,WOD_Rocks_Large_05r1,71,143,717914379,79,79,-9,Tulune
Rocks,2,WOD_Rocks_Large_05r1,66,105,666510533,65,33,113,Tulune
Rocks,2,WOD_Rocks_Large_05r1,84,132,842913205,29,5,-83,Tulune
Rocks,2,WOD_Rocks_Large_05r1,108,136,1085013660,50,60,-159,Tulune
Rocks,2,WOD_Rocks_Large_05r1,105,103,1.05E+11,122,111,129,Tulune
Rocks,2,WOD_Rocks_Large_05r1,104,120,10410112001,101,1,-48,Tulune
Rocks,2,WOD_Rocks_Large_05r1,119,122,1193812218,38,18,-5,Tulune
Rocks,2,WOD_Rocks_Large_05r1,112,122,11254122100,54,100,40,Tulune
Rocks,2,WOD_Rocks_Large_05r1,118,138,1184613849,46,49,-121,Tulune
Rocks,2,WOD_Rocks_Large_05r1,69,117,699711703,97,3,110,Tulune
Rocks,2,WOD_Rocks_Large_05r1,81,141,8133141114,33,114,106,Tulune
Rocks,2,WOD_Rocks_Large_05r1,90,138,904713829,47,29,-69,Tulune
Rocks,2,WOD_Rocks_Large_05r1,122,145,1228314574,83,74,141,Tulune
Rocks,2,WOD_Rocks_Large_05r1,106,108,1065010828,50,28,-28,Tulune
Rocks,2,WOD_Rocks_Large_05r1,76,146,761714637,17,37,171,Tulune
Rocks,2,WOD_Rocks_Large_05r1,59,150,594015073,40,73,-173,Tulune
Rocks,2,WOD_Rocks_Large_05r1,60,113,600611354,6,54,-145,Tulune
Rocks,2,WOD_Rocks_Large_05r1,85,138,8510613884,106,84,13,Tulune
Rocks,2,WOD_Rocks_Large_05r1,91,111,9110411123,104,23,12,Tulune
Rocks,2,WOD_Rocks_Large_05r1,106,118,1066911846,69,46,-66,Tulune
Rocks,2,WOD_Rocks_Large_05r1,125,143,1255514336,55,36,124,Tulune
Rocks,2,WOD_Rocks_Large_05r1,69,140,695914076,59,76,-68,Tulune
Rocks,2,WOD_Rocks_Large_05r1,110,118,1101311831,13,31,-60,Tulune
Rocks,2,WOD_Rocks_Large_05r1,59,115,590311552,3,52,-82,Tulune
Rocks,2,WOD_Rocks_Large_05r1,97,145,972814563,28,63,-88,Tulune
Rocks,2,WOD_Rocks_Large_05r1,87,125,876112588,61,88,34,Tulune
Rocks,2,WOD_Rocks_Large_05r1,102,103,1029710399,97,99,-6,Tulune
Rocks,2,WOD_Rocks_Large_05r1,101,146,1016414624,64,24,118,Tulune
Rocks,2,WOD_Rocks_Large_05r1,66,107,6610010799,100,99,-8,Tulune
Rocks,2,WOD_Rocks_Large_05r1,128,104,1284110451,41,51,152,Tulune
Rocks,2,WOD_Rocks_Large_05r1,122,128,1.22E+11,115,100,-134,Tulune
Rocks,2,WOD_Rocks_Large_05r1,73,136,7369136123,69,123,-128,Tulune
Rocks,2,WOD_Rocks_Large_05r1,78,154,7810815450,108,50,109,Tulune
Rocks,2,WOD_Rocks_Large_05r1,90,134,901513472,15,72,13,Tulune
Rocks,2,WOD_Rocks_Large_05r1,93,117,9373117122,73,122,135,Tulune
Rocks,2,WOD_Rocks_Large_05r1,114,129,1145012926,50,26,175,Tulune
Rocks,2,WOD_Rocks_Large_05r1,80,162,807316242,73,42,113,Tulune
Rocks,2,WOD_Rocks_Large_05r1,122,112,1223311206,33,6,179,Tulune
Rocks,2,WOD_Rocks_Large_05r1,84,101,847810147,78,47,-128,Tulune
Rocks,2,WOD_Rocks_Large_05r1,75,123,751812397,18,97,101,Tulune
Rocks,2,WOD_Rocks_Large_05r1,96,115,966311508,63,8,63,Tulune
Rocks,2,WOD_Rocks_Large_05r1,92,128,9211812812,118,12,85,Tulune
Rocks,2,WOD_Rocks_Large_05r1,127,118,1272911877,29,77,-117,Tulune
Rocks,2,WOD_Rocks_Large_05r1,105,149,10583149127,83,127,83,Tulune
Rocks,2,WOD_Rocks_Large_05r1,105,137,1056513770,65,70,86,Tulune
Rocks,2,WOD_Rocks_Large_05r1,86,113,8610511346,105,46,-30,Tulune
Rocks,2,WOD_Rocks_Large_05r1,72,158,7264158113,64,113,-34,Tulune
Rocks,2,WOD_Rocks_Large_05r1,124,105,1249110517,91,17,117,Tulune
Rocks,2,WOD_Rocks_Large_05r1,71,114,715411495,54,95,4,Tulune
Rocks,2,WOD_Rocks_Large_05r1,65,160,652616015,26,15,-37,Tulune
Rocks,2,WOD_Rocks_Large_05r1,100,142,10068142125,68,125,-99,Tulune
Rocks,2,WOD_Rocks_Large_05r1,79,112,7911011250,110,50,-20,Tulune
Rocks,2,WOD_Rocks_Large_05r1,80,104,80105104114,105,114,7,Tulune
Rocks,2,WOD_Rocks_Large_05r1,118,145,11812014505,120,5,-127,Tulune
Rocks,2,WOD_Rocks_Large_05r1,113,107,11320107100,20,100,-66,Tulune
Rocks,2,WOD_Rocks_Large_05r1,63,148,6382148127,82,127,72,Tulune
Rocks,2,WOD_Rocks_Large_05r1,67,110,6786110119,86,119,72,Tulune
Rocks,2,WOD_Rocks_Large_05r1,107,129,1072612949,26,49,-109,Tulune
Rocks,2,WOD_Rocks_Large_05r1,93,106,931910636,19,36,-52,Tulune
Rocks,2,WOD_Rocks_Large_05r1,76,164,769316422,93,22,-131,Tulune
Rocks,2,WOD_Rocks_Large_05r1,123,103,1238610326,86,26,-34,Tulune
Rocks,2,WOD_Rocks_Large_05r1,115,114,11510411409,104,9,177,Tulune
Rocks,2,WOD_Rocks_Large_05r1,83,131,839613108,96,8,-45,Tulune
Rocks,2,WOD_Rocks_Large_05r1,128,114,1280311403,3,3,-74,Tulune
Rocks,2,WOD_Rocks_Large_05r1,65,109,650910908,9,8,-51,Tulune
Rocks,2,WOD_Rocks_Large_05r1,62,118,6212411822,124,22,12,Tulune
Rocks,2,WOD_Rocks_Large_05r1,114,108,1146310858,63,58,129,Tulune
Rocks,2,WOD_Rocks_Large_05r1,97,114,976011437,60,37,43,Tulune
Rocks,2,WOD_Rocks_Large_05r1,91,135,913313590,33,90,-164,Tulune
Rocks,2,WOD_Rocks_Large_05r1,58,154,585915414,59,14,24,Tulune
Rocks,2,WOD_Rocks_Large_05r1,109,113,1093311378,33,78,127,Tulune
Rocks,2,WOD_Rocks_Large_05r1,122,152,1223215256,32,56,69,Tulune
Rocks,2,WOD_Rocks_Large_05r1,89,156,896815692,68,92,-128,Tulune
Rocks,2,WOD_Rocks_Large_05r1,75,134,755013438,50,38,178,Tulune
Rocks,2,WOD_Rocks_Large_05r1,116,134,1163713487,37,87,33,Tulune
Rocks,2,WOD_Rocks_Large_05r1,105,130,10511913005,119,5,-153,Tulune
Rocks,2,WOD_Rocks_Large_05r1,98,112,980111229,1,29,15,Tulune
Rocks,2,WOD_Rocks_Large_05r1,88,105,888110533,81,33,143,Tulune
Rocks,2,WOD_Rocks_Large_05r1,84,120,846812079,68,79,151,Tulune
Rocks,2,WOD_Rocks_Large_05r1,75,125,751712570,17,70,-127,Tulune
Rocks,2,WOD_Rocks_Large_05r1,109,133,1.09E+11,115,113,-147,Tulune
Rocks,2,WOD_Rocks_Large_05r1,73,140,736814078,68,78,124,Tulune
Rocks,2,WOD_Rocks_Large_05r1,117,111,1175811181,58,81,-52,Tulune
Rocks,2,WOD_Rocks_Large_05r1,92,107,920110728,1,28,5,Tulune
Rocks,2,WOD_Rocks_Large_05r1,82,133,8211313381,113,81,-104,Tulune
Rocks,2,WOD_Rocks_Large_05r1,118,142,1181914244,19,44,-12,Tulune
Rocks,2,WOD_Rocks_Large_05r1,95,112,951511214,15,14,-91,Tulune
Rocks,2,WOD_Rocks_Large_05r1,93,141,932314118,23,18,-30,Tulune
Rocks,2,WOD_Rocks_Large_05r1,122,142,12272142128,72,128,-114,Tulune
Rocks,2,WOD_Rocks_Large_05r1,114,151,11424151105,24,105,167,Tulune
Rocks,2,WOD_Rocks_Large_05r1,106,152,10644152109,44,109,125,Tulune
Rocks,2,WOD_Rocks_Large_05r1,70,125,7003125100,3,100,-34,Tulune
Rocks,2,WOD_Rocks_Large_05r1,67,118,671511800,15,0,143,Tulune
Rocks,2,WOD_Rocks_Large_05r1,109,118,10942118127,42,127,60,Tulune
Rocks,2,WOD_Rocks_Large_05r1,80,140,8010014095,100,95,149,Tulune
Rocks,2,WOD_Rocks_Large_05r1,52,146,522714655,27,55,-29,Tulune
Rocks,2,WOD_Rocks_Large_05r1,81,138,8111413869,114,69,-117,Tulune
Rocks,2,WOD_Rocks_Large_05r1,117,143,1172714349,27,49,-133,Tulune
Rocks,2,WOD_Rocks_Large_05r1,86,109,861910972,19,72,-168,Tulune
Rocks,2,WOD_Rocks_Large_05r1,98,122,9811912288,119,88,70,Tulune
Rocks,2,WOD_Rocks_Large_05r1,123,115,1233211510,32,10,-111,Tulune
Rocks,2,WOD_Rocks_Large_05r1,76,145,7611114509,111,9,87,Tulune
Rocks,2,WOD_Rocks_Large_05r1,126,146,12615146108,15,108,-167,Tulune
Rocks,2,WOD_Rocks_Large_05r1,56,147,562614738,26,38,155,Tulune
Rocks,2,WOD_Rocks_Large_05r1,113,130,1137613042,76,42,154,Tulune
Rocks,2,WOD_Rocks_Large_05r1,106,110,10611811072,118,72,85,Tulune
Rocks,2,WOD_Rocks_Large_05r1,105,152,1052315223,23,23,-101,Tulune
Rocks,2,WOD_Rocks_Large_05r1,99,118,999011847,90,47,-94,Tulune
Rocks,2,WOD_Rocks_Large_05r1,98,108,9810410852,104,52,-68,Tulune
Rocks,2,WOD_Rocks_Large_05r1,73,137,7363137104,63,104,-110,Tulune
Rocks,2,WOD_Rocks_Large_05r1,105,140,10513140119,13,119,70,Tulune
Rocks,2,WOD_Rocks_Large_05r1,123,141,1237214109,72,9,-50,Tulune
Rocks,2,WOD_Rocks_Large_05r1,123,145,1233114570,31,70,174,Tulune
Rocks,2,WOD_Rocks_Large_05r1,81,127,814012773,40,73,151,Tulune
Rocks,2,WOD_Rocks_Large_05r1,91,156,914215663,42,63,-100,Tulune
Rocks,2,WOD_Rocks_Large_05r1,96,116,961911663,19,63,-89,Tulune
Rocks,2,WOD_Rocks_Large_05r1,103,112,10311011276,110,76,164,Tulune
Rocks,2,WOD_Rocks_Large_05r1,75,145,755914501,59,1,-164,Tulune
Rocks,2,WOD_Rocks_Large_05r1,114,142,1149514279,95,79,149,Tulune
Rocks,2,WOD_Rocks_Large_05r1,65,115,656511533,65,33,58,Tulune
Rocks,2,WOD_Rocks_Large_05r1,97,121,976812169,68,69,-11,Tulune
Rocks,2,WOD_Rocks_Large_05r1,128,111,1281411165,14,65,7,Tulune
Rocks,2,WOD_Rocks_Large_05r1,92,107,922010797,20,97,112,Tulune
Rocks,2,WOD_Rocks_Large_05r1,102,109,10212210909,122,9,121,Tulune
Rocks,2,WOD_Rocks_Large_05r1,64,114,64109114122,109,122,49,Tulune
Rocks,2,WOD_Rocks_Large_05r1,108,105,1084210590,42,90,-123,Tulune
Rocks,2,WOD_Rocks_Large_05r1,76,158,7636158102,36,102,-65,Tulune
Rocks,2,WOD_Rocks_Large_05r1,76,137,762713724,27,24,-149,Tulune
Rocks,2,WOD_Rocks_Large_05r1,79,162,790416273,4,73,115,Tulune
Rocks,2,WOD_Rocks_Large_05r1,62,116,622711652,27,52,-139,Tulune
Rocks,2,WOD_Rocks_Large_05r1,79,127,79108127113,108,113,-38,Tulune
Rocks,2,WOD_Rocks_Large_05r1,77,125,7710412517,104,17,-11,Tulune
Rocks,2,WOD_Rocks_Large_05r1,100,138,10070138119,70,119,-28,Tulune
Rocks,2,WOD_Rocks_Large_05r1,75,134,755113484,51,84,104,Tulune
Rocks,2,WOD_Rocks_Large_05r1,117,125,1178112544,81,44,-18,Tulune
Rocks,2,WOD_Rocks_Large_05r1,66,112,663811214,38,14,134,Tulune
Rocks,2,WOD_Rocks_Large_05r1,128,114,12859114109,59,109,-34,Tulune
Rocks,2,WOD_Rocks_Large_05r1,91,155,9109155111,9,111,-58,Tulune
Rocks,2,WOD_Rocks_Large_05r1,85,104,851910452,19,52,-47,Tulune
Rocks,2,WOD_Rocks_Large_05r1,70,111,700111179,1,79,15,Tulune
Rocks,2,WOD_Rocks_Large_05r1,62,112,624111254,41,54,-132,Tulune
Rocks,2,WOD_Rocks_Large_05r1,107,114,10712811463,128,63,167,Tulune
Rocks,2,WOD_Rocks_Large_05r1,97,131,97119131105,119,105,-167,Tulune
Rocks,2,WOD_Rocks_Large_05r1,111,132,11126132123,26,123,-19,Tulune
Rocks,2,WOD_Rocks_Large_05r1,81,158,813115826,31,26,124,Tulune
Rocks,2,WOD_Rocks_Large_05r1,118,104,11820104120,20,120,169,Tulune
Rocks,2,WOD_Rocks_Large_05r1,97,128,9710912876,109,76,29,Tulune
Rocks,2,WOD_Rocks_Large_05r1,100,131,1001413156,14,56,129,Tulune
Rocks,2,WOD_Rocks_Large_05r1,103,152,1039915279,99,79,144,Tulune
Rocks,2,WOD_Rocks_Large_05r1,58,153,5897153105,97,105,174,Tulune
Rocks,2,WOD_Rocks_Large_05r1,117,150,1176115095,61,95,-123,Tulune
Rocks,2,WOD_Rocks_Large_05r1,126,108,1.26E+11,122,123,-87,Tulune
Rocks,2,WOD_Rocks_Large_05r1,112,117,1121911709,19,9,18,Tulune
Rocks,2,WOD_Rocks_Large_05r1,105,118,1056711801,67,1,-115,Tulune
Rocks,2,WOD_Rocks_Large_05r1,88,150,889915076,99,76,36,Tulune
Rocks,2,WOD_Rocks_Large_05r1,88,134,889613405,96,5,27,Tulune
Rocks,2,WOD_Rocks_Large_05r1,59,105,5912310565,123,65,102,Tulune
Rocks,2,WOD_Rocks_Large_05r1,124,115,1248411505,84,5,50,Tulune
Rocks,2,WOD_Rocks_Large_05r1,115,120,1155112008,51,8,-110,Tulune
Rocks,2,WOD_Rocks_Large_05r1,113,152,1138115247,81,47,-172,Tulune
Rocks,2,WOD_Rocks_Large_05r1,101,150,1018415004,84,4,-58,Tulune
Rocks,2,WOD_Rocks_Large_05r1,73,143,730514314,5,14,-80,Tulune
Rocks,2,WOD_Rocks_Large_05r1,72,126,725412690,54,90,107,Tulune
Rocks,2,WOD_Rocks_Large_05r1,119,114,11912311497,123,97,-26,Tulune
Rocks,2,WOD_Rocks_Large_05r1,129,112,1296511288,65,88,130,Tulune
Rocks,2,WOD_Rocks_Large_05r1,111,143,11111014337,110,37,155,Tulune
Rocks,2,WOD_Rocks_Large_05r1,100,128,1008612858,86,58,160,Tulune
Rocks,2,WOD_Rocks_Large_05r1,88,132,883213265,32,65,-150,Tulune
Rocks,2,WOD_Rocks_Large_05r1,105,125,1050812517,8,17,-93,Tulune
Rocks,2,WOD_Rocks_Large_05r1,69,115,690511533,5,33,-146,Tulune
Rocks,2,WOD_Rocks_Large_05r1,96,113,963111317,31,17,-71,Tulune
Rocks,2,WOD_Rocks_Large_05r1,73,129,73115129106,115,106,-73,Tulune
Rocks,2,WOD_Rocks_Large_05r1,75,164,7510116406,101,6,50,Tulune
Rocks,2,WOD_Rocks_Large_05r1,86,100,8610410073,104,73,-108,Tulune
Rocks,2,WOD_Rocks_Large_05r1,78,109,7882109104,82,104,-29,Tulune
Rocks,2,WOD_Rocks_Large_05r1,109,133,1097313354,73,54,46,Tulune
Rocks,2,WOD_Rocks_Large_05r1,78,132,785613256,56,56,98,Tulune
Rocks,2,WOD_Rocks_Large_05r1,102,122,1023112284,31,84,-85,Tulune
Rocks,2,WOD_Rocks_Large_05r1,67,110,674711036,47,36,-28,Tulune
Rocks,2,WOD_Rocks_Large_05r1,83,141,836714100,67,0,44,Tulune
Rocks,2,WOD_Rocks_Large_05r1,115,115,1.15E+11,104,115,52,Tulune
Rocks,2,WOD_Rocks_Large_05r1,89,150,897415055,74,55,53,Tulune
Rocks,2,WOD_Rocks_Large_05r1,125,108,12593108110,93,110,-100,Tulune
Rocks,2,WOD_Rocks_Large_05r1,63,103,639310393,93,93,-117,Tulune
Rocks,2,WOD_Rocks_Large_05r1,103,103,1039310341,93,41,121,Tulune
Rocks,2,WOD_Rocks_Large_05r1,79,148,791714837,17,37,-121,Tulune
Rocks,2,WOD_Rocks_Large_05r1,81,108,810610846,6,46,27,Tulune
Rocks,2,WOD_Rocks_Large_05r1,78,107,783610772,36,72,5,Tulune
Rocks,2,WOD_Rocks_Large_05r1,87,114,873311455,33,55,2,Tulune
Rocks,2,WOD_Rocks_Large_05r1,79,141,792814117,28,17,-146,Tulune
Rocks,2,WOD_Rocks_Large_05r1,97,125,9712312522,123,22,43,Tulune
Rocks,2,WOD_Rocks_Large_05r1,83,163,837916376,79,76,-168,Tulune
Rocks,2,WOD_Rocks_Large_05r1,116,131,1161813105,18,5,-40,Tulune
Rocks,2,WOD_Rocks_Large_05r1,122,147,12284147118,84,118,165,Tulune
Rocks,2,WOD_Rocks_Large_05r1,75,166,753116646,31,46,110,Tulune
Rocks,2,WOD_Rocks_Large_05r1,107,109,1073110987,31,87,-95,Tulune
Rocks,2,WOD_Rocks_Large_05r1,63,116,639311697,93,97,138,Tulune
Rocks,2,WOD_Rocks_Large_05r1,112,142,1121814276,18,76,13,Tulune
Rocks,2,WOD_Rocks_Large_05r1,78,152,783215272,32,72,19,Tulune
Rocks,2,WOD_Rocks_Large_05r1,106,148,10665148100,65,100,-58,Tulune
Rocks,2,WOD_Rocks_Large_05r1,68,162,68106162111,106,111,-80,Tulune
Rocks,2,WOD_Rocks_Large_05r1,112,116,1128411676,84,76,-174,Tulune
Rocks,2,WOD_Rocks_Large_05r1,119,147,11910814760,108,60,28,Tulune
Rocks,2,WOD_Rocks_Large_05r1,88,126,881512622,15,22,78,Tulune
Rocks,2,WOD_Rocks_Large_05r1,88,133,882313386,23,86,-32,Tulune
Rocks,2,WOD_Rocks_Large_05r1,83,147,83108147102,108,102,-110,Tulune
Rocks,2,WOD_Rocks_Large_05r1,122,139,1224913901,49,1,-75,Tulune
Rocks,2,WOD_Rocks_Large_05r1,96,139,9651139108,51,108,90,Tulune
Rocks,2,WOD_Rocks_Large_05r1,70,159,7011315958,113,58,22,Tulune
Rocks,2,WOD_Rocks_Large_05r1,96,104,965410495,54,95,84,Tulune
Rocks,2,WOD_Rocks_Large_05r1,78,135,7808135104,8,104,165,Tulune
Rocks,2,WOD_Rocks_Large_05r1,97,136,974413645,44,45,-117,Tulune
Rocks,2,WOD_Rocks_Large_05r1,83,154,837915476,79,76,152,Tulune
Rocks,2,WOD_Rocks_Large_05r1,117,106,11745106113,45,113,-11,Tulune
Rocks,2,WOD_Rocks_Large_05r1,101,122,10123122125,23,125,-25,Tulune
Rocks,2,WOD_Rocks_Large_05r1,64,105,6410010595,100,95,-131,Tulune
Rocks,2,WOD_Rocks_Large_05r1,88,117,884711778,47,78,-39,Tulune
Rocks,2,WOD_Rocks_Large_05r1,79,147,791214765,12,65,169,Tulune
Rocks,2,WOD_Rocks_Large_05r1,79,127,7911612787,116,87,109,Tulune
Rocks,2,WOD_Rocks_Large_05r1,74,164,7437164106,37,106,22,Tulune
Rocks,2,WOD_Rocks_Large_05r1,95,120,958412041,84,41,-20,Tulune
Rocks,2,WOD_Rocks_Large_05r1,122,123,1224712319,47,19,47,Tulune
Rocks,2,WOD_Rocks_Large_05r1,105,116,1050411672,4,72,137,Tulune
Rocks,2,WOD_Rocks_Large_05r1,114,112,11411011238,110,38,168,Tulune
Rocks,2,WOD_Rocks_Large_05r1,105,148,1057614812,76,12,78,Tulune
Rocks,2,WOD_Rocks_Large_05r1,112,128,1.12E+11,116,113,-125,Tulune
Rocks,2,WOD_Rocks_Large_05r1,78,135,7811113533,111,33,-49,Tulune
Rocks,2,WOD_Rocks_Large_05r1,94,107,9460107104,60,104,65,Tulune
Rocks,2,WOD_Rocks_Large_05r1,79,145,798814531,88,31,27,Tulune
Rocks,2,WOD_Rocks_Large_05r1,68,162,682616288,26,88,67,Tulune
Rocks,2,WOD_Rocks_Large_05r1,119,131,11912013151,120,51,55,Tulune
Rocks,2,WOD_Rocks_Large_05r1,74,147,746014735,60,35,99,Tulune
Rocks,2,WOD_Rocks_Large_05r1,94,112,940311299,3,99,152,Tulune
Rocks,2,WOD_Rocks_Large_05r1,80,105,805910524,59,24,-115,Tulune
Rocks,2,WOD_Rocks_Large_05r1,52,150,5270150113,70,113,-41,Tulune
Rocks,2,WOD_Rocks_Large_05r1,68,122,68106122115,106,115,-105,Tulune
Rocks,2,WOD_Rocks_Large_05r1,93,134,9308134120,8,120,-69,Tulune
Rocks,2,WOD_Rocks_Large_05r1,84,128,840512878,5,78,18,Tulune
Rocks,2,WOD_Rocks_Large_05r1,71,161,7136161104,36,104,-110,Tulune
Rocks,2,WOD_Rocks_Large_05r1,101,153,1018415305,84,5,-16,Tulune
Rocks,2,WOD_Rocks_Large_05r1,118,134,1.18E+11,108,125,-19,Tulune
Rocks,2,WOD_Rocks_Large_05r1,102,105,10212410509,124,9,107,Tulune
Rocks,2,WOD_Rocks_Large_05r1,81,130,8170130110,70,110,-50,Tulune
Rocks,2,WOD_Rocks_Large_05r1,56,153,566415347,64,47,-66,Tulune
Rocks,2,WOD_Rocks_Large_05r1,120,106,1202010677,20,77,-41,Tulune
Rocks,2,WOD_Rocks_Large_05r1,92,126,9255126106,55,106,-63,Tulune
Rocks,2,WOD_Rocks_Large_05r1,79,113,7912711355,127,55,111,Tulune
Rocks,2,WOD_Rocks_Large_05r1,93,116,9317116128,17,128,-82,Tulune
Rocks,2,WOD_Rocks_Large_05r1,80,126,8011112624,111,24,151,Tulune
Rocks,2,WOD_Rocks_Large_05r1,114,113,1147911300,79,0,-149,Tulune
Rocks,2,WOD_Rocks_Large_05r1,117,145,1179214526,92,26,96,Tulune
Rocks,2,WOD_Rocks_Large_05r1,129,105,12967105105,67,105,-171,Tulune
Rocks,2,WOD_Rocks_Large_05r1,73,158,7340158124,40,124,3,Tulune
Rocks,2,WOD_Rocks_Large_05r1,55,151,5528151128,28,128,-5,Tulune
Rocks,2,WOD_Rocks_Large_05r1,112,145,1123714531,37,31,79,Tulune
Rocks,2,WOD_Rocks_Large_05r1,71,136,7103136125,3,125,67,Tulune
Rocks,2,WOD_Rocks_Large_05r1,84,131,842913164,29,64,-174,Tulune
Rocks,2,WOD_Rocks_Large_05r1,92,156,923815676,38,76,-63,Tulune
Rocks,2,WOD_Rocks_Large_05r1,68,125,689712586,97,86,134,Tulune
Rocks,2,WOD_Rocks_Large_05r1,93,115,936811554,68,54,137,Tulune
Rocks,2,WOD_Rocks_Large_05r1,78,159,785415915,54,15,138,Tulune
Rocks,2,WOD_Rocks_Large_05r1,105,125,1059612596,96,96,-3,Tulune
Rocks,2,WOD_Rocks_Large_05r1,94,153,9497153102,97,102,174,Tulune
Rocks,2,WOD_Rocks_Large_05r1,97,111,970511109,5,9,-32,Tulune
Rocks,2,WOD_Rocks_Large_05r1,76,133,760113351,1,51,72,Tulune
Rocks,2,WOD_Rocks_Large_05r1,92,157,920015737,0,37,-26,Tulune
Rocks,2,WOD_Rocks_Large_05r1,90,122,9010512287,105,87,11,Tulune
Rocks,2,WOD_Rocks_Large_05r1,118,144,1189714440,97,40,70,Tulune
Rocks,2,WOD_Rocks_Large_05r1,99,130,998813068,88,68,26,Tulune
Rocks,2,WOD_Rocks_Large_05r1,97,154,9747154100,47,100,49,Tulune
Rocks,2,WOD_Rocks_Large_05r1,67,110,676011040,60,40,-160,Tulune
Rocks,2,WOD_Rocks_Large_05r1,120,119,1209111959,91,59,-136,Tulune
Rocks,2,WOD_Rocks_Large_05r1,84,111,849511192,95,92,-130,Tulune
Rocks,2,WOD_Rocks_Large_05r1,88,134,8844134124,44,124,-35,Tulune
Rocks,2,WOD_Rocks_Large_05r1,86,140,865414009,54,9,-76,Tulune
Rocks,2,WOD_Rocks_Large_05r1,107,127,1079612761,96,61,-173,Tulune
Rocks,2,WOD_Rocks_Large_05r1,93,132,931013270,10,70,-73,Tulune
Rocks,2,WOD_Rocks_Large_05r1,96,112,960311273,3,73,-125,Tulune
Rocks,2,WOD_Rocks_Large_05r1,104,147,1040614742,6,42,-120,Tulune
Rocks,2,WOD_Rocks_Large_05r1,111,138,1119113842,91,42,127,Tulune
Rocks,2,WOD_Rocks_Large_05r1,120,130,12090130115,90,115,146,Tulune
Rocks,2,WOD_Rocks_Large_05r1,99,131,9912313146,123,46,156,Tulune
Rocks,2,WOD_Rocks_Large_05r1,87,120,877312072,73,72,34,Tulune
Rocks,2,WOD_Rocks_Large_05r1,105,137,1057613736,76,36,115,Tulune
Rocks,2,WOD_Rocks_Large_05r1,115,119,11542119122,42,122,-97,Tulune
Rocks,2,WOD_Rocks_Large_05r1,101,154,10160154111,60,111,-37,Tulune
Rocks,2,WOD_Rocks_Large_05r1,118,145,1185914582,59,82,27,Tulune
Rocks,2,WOD_Rocks_Large_05r1,86,130,8612813045,128,45,-178,Tulune
Rocks,2,WOD_Rocks_Large_05r1,115,144,1152714468,27,68,28,Tulune
Rocks,2,WOD_Rocks_Large_05r1,96,118,967411886,74,86,179,Tulune
Rocks,2,WOD_Rocks_Large_05r1,110,130,1.10E+11,114,116,94,Tulune
Rocks,2,WOD_Rocks_Large_05r1,120,130,1207313093,73,93,-2,Tulune
Rocks,2,WOD_Rocks_Large_05r1,119,119,1194911912,49,12,-85,Tulune
Rocks,2,WOD_Rocks_Large_05r1,93,110,9311511037,115,37,-84,Tulune
Rocks,2,WOD_Rocks_Large_05r1,96,153,9610415387,104,87,-35,Tulune
Rocks,2,WOD_Rocks_Large_05r1,82,141,8212314150,123,50,-95,Tulune
Rocks,2,WOD_Rocks_Large_05r1,101,108,10110610820,106,20,138,Tulune
Rocks,2,WOD_Rocks_Large_05r1,122,118,12212311850,123,50,-178,Tulune
Rocks,2,WOD_Rocks_Large_05r1,78,116,788611676,86,76,133,Tulune
Rocks,2,WOD_Rocks_Large_05r1,115,152,11511915254,119,54,89,Tulune
Rocks,2,WOD_Rocks_Large_05r1,99,148,990414818,4,18,-52,Tulune
Rocks,2,WOD_Rocks_Large_05r1,64,108,6412410819,124,19,31,Tulune
Rocks,2,WOD_Rocks_Large_05r1,84,139,845413954,54,54,164,Tulune
Rocks,2,WOD_Rocks_Large_05r1,134,109,13410010946,100,46,-127,Tulune
Rocks,2,WOD_Rocks_Large_05r1,93,148,937214892,72,92,-97,Tulune
Rocks,2,WOD_Rocks_Large_05r1,134,106,1.34E+11,102,123,168,Tulune
Rocks,2,WOD_Rocks_Large_05r1,77,163,7710016384,100,84,-51,Tulune
Rocks,2,WOD_Rocks_Large_05r1,126,106,12679106104,79,104,-105,Tulune
Rocks,2,WOD_Rocks_Large_05r1,70,165,702916537,29,37,82,Tulune
Rocks,2,WOD_Rocks_Large_05r1,100,146,1003214600,32,0,-147,Tulune
Rocks,2,WOD_Rocks_Large_05r1,112,103,1120410381,4,81,131,Tulune
Rocks,2,WOD_Rocks_Large_05r1,86,144,867214454,72,54,-111,Tulune
Rocks,2,WOD_Rocks_Large_05r1,114,126,11455126104,55,104,150,Tulune
Rocks,2,WOD_Rocks_Large_05r1,69,123,695212358,52,58,-18,Tulune
Rocks,2,WOD_Rocks_Large_05r1,95,116,959911650,99,50,-61,Tulune
Rocks,2,WOD_Rocks_Large_05r1,88,132,8812313267,123,67,-64,Tulune
Rocks,2,WOD_Rocks_Large_05r1,101,153,10190153106,90,106,-32,Tulune
Rocks,2,WOD_Rocks_Large_05r1,105,144,10510514440,105,40,-56,Tulune
Rocks,2,WOD_Rocks_Large_05r1,94,122,948112278,81,78,-92,Tulune
Rocks,2,WOD_Rocks_Large_05r1,106,102,1064110290,41,90,88,Tulune
Rocks,2,WOD_Rocks_Large_05r1,120,149,12010914999,109,99,178,Tulune
Rocks,2,WOD_Rocks_Large_05r1,107,112,1078111237,81,37,108,Tulune
Rocks,2,WOD_Rocks_Large_05r1,116,143,11669143109,69,109,-135,Tulune
Rocks,2,WOD_Rocks_Large_05r1,81,117,81100117115,100,115,-135,Tulune
Rocks,2,WOD_Rocks_Large_05r1,81,104,814710418,47,18,-55,Tulune
Rocks,2,WOD_Rocks_Large_05r1,76,157,769315774,93,74,15,Tulune
Rocks,2,WOD_Rocks_Large_05r1,82,110,824011019,40,19,14,Tulune
Rocks,2,WOD_Rocks_Large_05r1,91,104,9195104128,95,128,-94,Tulune
Rocks,2,WOD_Rocks_Large_05r1,74,155,7435155114,35,114,145,Tulune
Rocks,2,WOD_Rocks_Large_05r1,94,149,940514999,5,99,144,Tulune
Rocks,2,WOD_Rocks_Large_05r1,108,136,10832136106,32,106,-11,Tulune
Rocks,2,WOD_Rocks_Large_05r1,117,147,1170814701,8,1,58,Tulune
Rocks,2,WOD_Rocks_Large_05r1,118,137,11810413782,104,82,-57,Tulune
Rocks,2,WOD_Rocks_Large_05r1,89,119,89119119116,119,116,130,Tulune
Rocks,2,WOD_Rocks_Large_05r1,101,137,1010913751,9,51,-145,Tulune
Rocks,2,WOD_Rocks_Large_05r1,114,121,11411512172,115,72,-125,Tulune
Rocks,2,WOD_Rocks_Large_05r1,116,133,1169113338,91,38,-156,Tulune
Rocks,2,WOD_Rocks_Large_05r1,104,126,1046912619,69,19,153,Tulune
Rocks,2,WOD_Rocks_Large_05r1,128,115,1288311576,83,76,65,Tulune
Rocks,2,WOD_Rocks_Large_05r1,84,147,843514763,35,63,-113,Tulune
Rocks,2,WOD_Rocks_Large_05r1,90,158,906415878,64,78,73,Tulune
Rocks,2,WOD_Rocks_Large_05r1,89,139,899613952,96,52,52,Tulune
Rocks,2,WOD_Rocks_Large_05r1,107,131,1077613155,76,55,112,Tulune
Rocks,2,WOD_Rocks_Large_05r1,64,117,6423117114,23,114,-89,Tulune
Rocks,2,WOD_Rocks_Large_05r1,113,130,1.13E+11,113,128,93,Tulune
Rocks,2,WOD_Rocks_Large_05r1,99,108,990310849,3,49,-63,Tulune
Rocks,2,WOD_Rocks_Large_05r1,119,104,1191310488,13,88,-104,Tulune
Rocks,2,WOD_Rocks_Large_05r1,85,113,8510611303,106,3,81,Tulune
Rocks,2,WOD_Rocks_Large_05r1,81,133,819913391,99,91,87,Tulune
Rocks,2,WOD_Rocks_Large_05r1,85,114,858111419,81,19,-94,Tulune
Rocks,2,WOD_Rocks_Large_05r1,116,152,11623152106,23,106,14,Tulune
Rocks,2,WOD_Rocks_Large_05r1,100,116,10006116109,6,109,-135,Tulune
Rocks,2,WOD_Rocks_Large_05r1,61,105,618710537,87,37,178,Tulune
Rocks,2,WOD_Rocks_Large_05r1,52,146,525214686,52,86,64,Tulune
Rocks,2,WOD_Rocks_Large_05r1,60,153,6010415393,104,93,65,Tulune
Rocks,2,WOD_Rocks_Large_05r1,99,118,999111831,91,31,-157,Tulune
Rocks,2,WOD_Rocks_Large_05r1,117,146,1171714682,17,82,-64,Tulune
Rocks,2,WOD_Rocks_Large_05r1,98,155,982615584,26,84,-37,Tulune
Rocks,2,WOD_Rocks_Large_05r1,92,131,925913172,59,72,-49,Tulune
Rocks,2,WOD_Rocks_Large_05r1,86,141,8629141120,29,120,144,Tulune
Rocks,2,WOD_Rocks_Large_05r1,110,114,11013114113,13,113,60,Tulune
Rocks,2,WOD_Rocks_Large_05r1,56,112,5612711240,127,40,114,Tulune
Rocks,2,WOD_Rocks_Large_05r1,72,143,721514338,15,38,-88,Tulune
Rocks,2,WOD_Rocks_Large_05r1,69,135,698813563,88,63,141,Tulune
Rocks,2,WOD_Rocks_Large_05r1,76,144,768314403,83,3,-132,Tulune
Rocks,2,WOD_Rocks_Large_05r1,128,108,1284010874,40,74,84,Tulune
Rocks,2,WOD_Rocks_Large_05r1,87,149,873714993,37,93,20,Tulune
Rocks,2,WOD_Rocks_Large_05r1,115,108,1156310835,63,35,-61,Tulune
Rocks,2,WOD_Rocks_Large_05r1,83,140,834114001,41,1,171,Tulune
Rocks,2,WOD_Rocks_Large_05r1,101,152,10177152118,77,118,46,Tulune
Rocks,2,WOD_Rocks_Large_05r1,101,142,1016414290,64,90,75,Tulune
Rocks,2,WOD_Rocks_Large_05r1,94,110,9468110114,68,114,-9,Tulune
Rocks,2,WOD_Rocks_Large_05r1,126,117,1268311712,83,12,-53,Tulune
Rocks,2,WOD_Rocks_Large_05r1,71,105,714110568,41,68,-92,Tulune
Rocks,2,WOD_Rocks_Large_05r1,85,132,851513227,15,27,-50,Tulune
Rocks,2,WOD_Rocks_Large_05r1,113,130,1133613065,36,65,-145,Tulune
Rocks,2,WOD_Rocks_Large_05r1,90,153,908715382,87,82,-169,Tulune
Rocks,2,WOD_Rocks_Large_05r1,71,116,7110111615,101,15,108,Tulune
Rocks,2,WOD_Rocks_Large_05r1,93,146,9347146110,47,110,125,Tulune
Rocks,2,WOD_Rocks_Large_05r1,91,101,9111010145,110,45,50,Tulune
Rocks,2,WOD_Rocks_Large_05r1,123,127,1234212705,42,5,-19,Tulune
Rocks,2,WOD_Rocks_Large_05r1,68,108,6810810810,108,10,-83,Tulune
Rocks,2,WOD_Rocks_Large_05r1,79,146,791714651,17,51,43,Tulune
Rocks,2,WOD_Rocks_Large_05r1,75,143,7510614319,106,19,120,Tulune
Rocks,2,WOD_Rocks_Large_05r1,66,160,6610616086,106,86,-82,Tulune
Rocks,2,WOD_Rocks_Large_05r1,88,120,881412019,14,19,-32,Tulune
Rocks,2,WOD_Rocks_Large_05r1,85,125,851712505,17,5,-118,Tulune
Rocks,2,WOD_Rocks_Large_05r1,96,128,968412803,84,3,137,Tulune
Rocks,2,WOD_Rocks_Large_05r1,67,107,677010769,70,69,-26,Tulune
Rocks,2,WOD_Rocks_Large_05r1,76,146,765914629,59,29,124,Tulune
Rocks,2,WOD_Rocks_Large_05r1,100,142,10011414206,114,6,-131,Tulune
Rocks,2,WOD_Rocks_Large_05r1,76,119,761311995,13,95,-44,Tulune
Rocks,2,WOD_Rocks_Large_05r1,116,115,1165811533,58,33,-103,Tulune
Rocks,2,WOD_Rocks_Large_05r1,94,126,945412688,54,88,-57,Tulune
Rocks,2,WOD_Rocks_Large_05r1,118,151,11810115124,101,24,-66,Tulune
Rocks,2,WOD_Rocks_Large_05r1,84,120,843312005,33,5,89,Tulune
Rocks,2,WOD_Rocks_Large_05r1,85,151,8511915120,119,20,14,Tulune
Rocks,2,WOD_Rocks_Large_05r1,80,106,801010627,10,27,-120,Tulune
Rocks,2,WOD_Rocks_Large_05r1,71,135,7111313583,113,83,-141,Tulune
Rocks,2,WOD_Rocks_Large_05r1,68,107,688210709,82,9,44,Tulune
Rocks,2,WOD_Rocks_Large_05r1,94,123,941412351,14,51,53,Tulune
Rocks,2,WOD_Rocks_Large_05r1,98,130,9810913012,109,12,27,Tulune
Rocks,2,WOD_Rocks_Large_05r1,101,121,1016012196,60,96,-147,Tulune
Rocks,2,WOD_Rocks_Large_05r1,121,126,1213512604,35,4,-84,Tulune
Rocks,2,WOD_Rocks_Large_05r1,95,125,9511512510,115,10,160,Tulune
Rocks,2,WOD_Rocks_Large_05r1,118,115,1182411597,24,97,123,Tulune
Rocks,2,WOD_Rocks_Large_05r1,59,151,593315192,33,92,-77,Tulune
Rocks,2,WOD_Rocks_Large_05r1,83,137,8311013744,110,44,126,Tulune
Rocks,2,WOD_Rocks_Large_05r1,74,138,749213870,92,70,-143,Tulune
Rocks,2,WOD_Rocks_Large_05r1,73,115,731411513,14,13,-55,Tulune
Rocks,2,WOD_Rocks_Large_05r1,81,138,8124138122,24,122,-94,Tulune
Rocks,2,WOD_Rocks_Large_05r1,126,114,12611511410,115,10,-138,Tulune
Rocks,2,WOD_Rocks_Large_05r1,108,134,1085213428,52,28,180,Tulune
Rocks,2,WOD_Rocks_Large_05r1,86,128,869112864,91,64,-100,Tulune
Rocks,2,WOD_Rocks_Large_05r1,80,123,802312356,23,56,126,Tulune
Rocks,2,WOD_Rocks_Large_05r1,82,143,8268143105,68,105,175,Tulune
Rocks,2,WOD_Rocks_Large_05r1,100,123,1005612378,56,78,70,Tulune
Rocks,2,WOD_Rocks_Large_05r1,88,127,8810812760,108,60,148,Tulune
Rocks,2,WOD_Rocks_Large_05r1,79,160,799316064,93,64,109,Tulune
Rocks,2,WOD_Rocks_Large_05r1,129,104,12912410406,124,6,-163,Tulune
Rocks,2,WOD_Rocks_Large_05r1,87,107,87128107105,128,105,11,Tulune
Rocks,2,WOD_Rocks_Large_05r1,64,112,6411411267,114,67,-51,Tulune
Rocks,2,WOD_Rocks_Large_05r1,71,108,714210813,42,13,-162,Tulune
Rocks,2,WOD_Rocks_Large_05r1,106,142,1065414241,54,41,53,Tulune
Rocks,2,WOD_Rocks_Large_05r1,134,111,13401111111,1,111,-12,Tulune
Rocks,2,WOD_Rocks_Large_05r1,72,138,724513835,45,35,-109,Tulune
Rocks,2,WOD_Rocks_Large_05r1,112,144,1126314487,63,87,180,Tulune
Rocks,2,WOD_Rocks_Large_05r1,97,151,9793151100,93,100,91,Tulune
Rocks,2,WOD_Rocks_Large_05r1,87,157,876115713,61,13,-64,Tulune
Rocks,2,WOD_Rocks_Large_05r1,76,124,7649124100,49,100,146,Tulune
Rocks,2,WOD_Rocks_Large_05r1,101,114,10173114104,73,104,-164,Tulune
Rocks,2,WOD_Rocks_Large_05r1,124,103,12410510391,105,91,-176,Tulune
Rocks,2,WOD_Rocks_Large_05r1,81,148,815014867,50,67,113,Tulune
Rocks,2,WOD_Rocks_Large_05r1,73,126,7310412692,104,92,-156,Tulune
Rocks,2,WOD_Rocks_Large_05r1,93,105,934410547,44,47,161,Tulune
Rocks,2,WOD_Rocks_Large_05r1,88,110,886811005,68,5,73,Tulune
Rocks,2,WOD_Rocks_Large_05r1,65,129,6512212996,122,96,-86,Tulune
Rocks,2,WOD_Rocks_Large_05r1,104,119,1049511904,95,4,-65,Tulune
Rocks,2,WOD_Rocks_Large_05r1,87,127,872012795,20,95,-62,Tulune
Rocks,2,WOD_Rocks_Large_05r1,126,107,1264910712,49,12,-159,Tulune
Rocks,2,WOD_Rocks_Large_05r1,122,129,1222212946,22,46,-171,Tulune
Rocks,2,WOD_Rocks_Large_05r1,67,162,6711016287,110,87,156,Tulune
Rocks,2,WOD_Rocks_Large_05r1,104,115,1041811587,18,87,10,Tulune
Rocks,2,WOD_Rocks_Large_05r1,60,145,600414531,4,31,-49,Tulune
Rocks,2,WOD_Rocks_Large_05r1,104,137,1042313778,23,78,124,Tulune
Rocks,2,WOD_Rocks_Large_05r1,104,114,10410611491,106,91,-34,Tulune
Rocks,2,WOD_Rocks_Large_05r1,68,121,6832121116,32,116,-168,Tulune
Rocks,2,WOD_Rocks_Large_05r1,101,133,1013113374,31,74,-159,Tulune
Rocks,2,WOD_Rocks_Large_05r1,122,113,12210411392,104,92,-127,Tulune
Rocks,2,WOD_Rocks_Large_05r1,85,146,858114608,81,8,28,Tulune
Rocks,2,WOD_Rocks_Large_05r1,68,157,680815745,8,45,13,Tulune
Rocks,2,WOD_Rocks_Large_05r1,92,145,923214576,32,76,-27,Tulune
Rocks,2,WOD_Rocks_Large_05r1,100,121,1004612156,46,56,-107,Tulune
Rocks,2,WOD_Rocks_Large_05r1,131,108,13120108124,20,124,-36,Tulune
Rocks,2,WOD_Rocks_Large_05r1,76,133,760813376,8,76,-112,Tulune
Rocks,2,WOD_Rocks_Large_05r1,84,143,847314399,73,99,11,Tulune
Rocks,2,WOD_Rocks_Large_05r1,80,124,8092124111,92,111,108,Tulune
Rocks,2,WOD_Rocks_Large_05r1,121,134,1.21E+11,123,104,-31,Tulune
Rocks,2,WOD_Rocks_Large_05r1,92,149,9209149127,9,127,68,Tulune
Rocks,2,WOD_Rocks_Large_05r1,82,117,8210911760,109,60,12,Tulune
Rocks,2,WOD_Rocks_Large_05r1,127,115,1277211531,72,31,39,Tulune
Rocks,2,WOD_Rocks_Large_05r1,55,147,556314726,63,26,104,Tulune
Rocks,2,WOD_Rocks_Large_05r1,89,128,8911312846,113,46,-149,Tulune
Rocks,2,WOD_Rocks_Large_05r1,131,113,13112411382,124,82,-179,Tulune
Rocks,2,WOD_Rocks_Large_05r1,112,118,1125011887,50,87,-49,Tulune
Rocks,2,WOD_Rocks_Large_05r1,84,154,843515483,35,83,84,Tulune
Rocks,2,WOD_Rocks_Large_05r1,119,107,1196510706,65,6,-25,Tulune
Rocks,2,WOD_Rocks_Large_05r1,62,149,6212814963,128,63,-171,Tulune
Rocks,2,WOD_Rocks_Large_05r1,114,115,1146511582,65,82,116,Tulune
Rocks,2,WOD_Rocks_Large_05r1,77,141,772014155,20,55,-120,Tulune
Rocks,2,WOD_Rocks_Large_05r1,95,109,954710972,47,72,142,Tulune
Rocks,2,WOD_Rocks_Large_05r1,83,161,839916183,99,83,-51,Tulune
Rocks,2,WOD_Rocks_Large_05r1,105,153,10546153100,46,100,-117,Tulune
Rocks,2,WOD_Rocks_Large_05r1,106,107,10610510729,105,29,27,Tulune
Rocks,2,WOD_Rocks_Large_05r1,107,133,1073313315,33,15,-57,Tulune
Rocks,2,WOD_Rocks_Large_05r1,91,102,914010217,40,17,-88,Tulune
Rocks,2,WOD_Rocks_Large_05r1,122,104,12211510469,115,69,106,Tulune
Rocks,2,WOD_Rocks_Large_05r1,75,149,754014931,40,31,104,Tulune
Rocks,2,WOD_Rocks_Large_05r1,97,110,978411031,84,31,-75,Tulune
Rocks,2,WOD_Rocks_Large_05r1,68,124,682212420,22,20,-10,Tulune
Rocks,2,WOD_Rocks_Large_05r1,102,110,1.02E+11,116,108,171,Tulune
Rocks,2,WOD_Rocks_Large_05r1,111,132,1115413254,54,54,-1,Tulune
Rocks,2,WOD_Rocks_Large_05r1,111,131,11141131106,41,106,-163,Tulune
Rocks,2,WOD_Rocks_Large_05r1,125,106,1256110628,61,28,6,Tulune
Rocks,2,WOD_Rocks_Large_05r1,125,106,12510810652,108,52,103,Tulune
Rocks,2,WOD_Rocks_Large_05r1,125,119,12563119114,63,114,131,Tulune
Rocks,2,WOD_Rocks_Large_05r1,81,129,8176129123,76,123,88,Tulune
Rocks,2,WOD_Rocks_Large_05r1,127,111,1271811147,18,47,47,Tulune
Rocks,2,WOD_Rocks_Large_05r1,109,142,1098414295,84,95,122,Tulune
Rocks,2,WOD_Rocks_Large_05r1,97,129,9787129115,87,115,-115,Tulune
Rocks,2,WOD_Rocks_Large_05r1,72,143,720014337,0,37,55,Tulune
Rocks,2,WOD_Rocks_Large_05r1,82,116,820611612,6,12,-147,Tulune
Rocks,2,WOD_Rocks_Large_05r1,116,116,11611311676,113,76,134,Tulune
Rocks,2,WOD_Rocks_Large_05r1,92,157,9237157125,37,125,118,Tulune
Rocks,2,WOD_Rocks_Large_05r1,124,115,1249011505,90,5,-135,Tulune
Rocks,2,WOD_Rocks_Large_05r1,111,117,1118411745,84,45,-102,Tulune
Rocks,2,WOD_Rocks_Large_05r1,87,137,877413760,74,60,169,Tulune
Rocks,2,WOD_Rocks_Large_05r1,111,139,1112013977,20,77,-69,Tulune
Rocks,2,WOD_Rocks_Large_05r1,107,127,1070912796,9,96,-30,Tulune
Rocks,2,WOD_Rocks_Large_05r1,98,114,983611406,36,6,47,Tulune
Rocks,2,WOD_Rocks_Large_05r1,115,109,1150810918,8,18,121,Tulune
Rocks,2,WOD_Rocks_Large_05r1,93,140,938614096,86,96,-171,Tulune
Rocks,2,WOD_Rocks_Large_05r1,86,130,862013068,20,68,85,Tulune
Rocks,2,WOD_Rocks_Large_05r1,105,147,10510014742,100,42,-94,Tulune
Rocks,2,WOD_Rocks_Large_05r1,128,112,1.28E+11,101,120,123,Tulune
Rocks,2,WOD_Rocks_Large_05r1,71,164,719516492,95,92,-117,Tulune
Rocks,2,WOD_Rocks_Large_05r1,54,150,5410515006,105,6,-173,Tulune
Rocks,2,WOD_Rocks_Large_05r1,79,102,792010205,20,5,-131,Tulune
Rocks,2,WOD_Rocks_Large_05r1,77,164,779916403,99,3,-159,Tulune
Rocks,2,WOD_Rocks_Large_05r1,97,106,9729106122,29,122,-41,Tulune
Rocks,2,WOD_Rocks_Large_05r1,102,154,10212154120,12,120,52,Tulune
Rocks,2,WOD_Rocks_Large_05r1,121,128,1218412847,84,47,-44,Tulune
Rocks,2,WOD_Rocks_Large_05r1,125,143,1255014356,50,56,146,Tulune
Rocks,2,WOD_Rocks_Large_05r1,97,111,9710211115,102,15,119,Tulune
Rocks,2,WOD_Rocks_Large_05r1,124,113,12456113125,56,125,-61,Tulune
Rocks,2,WOD_Rocks_Large_05r1,95,155,957915544,79,44,114,Tulune
Rocks,2,WOD_Rocks_Large_05r1,86,160,862616003,26,3,-164,Tulune
Rocks,2,WOD_Rocks_Large_05r1,97,142,979014273,90,73,-71,Tulune
Rocks,2,WOD_Rocks_Large_05r1,101,130,1016813090,68,90,99,Tulune
Rocks,2,WOD_Rocks_Large_05r1,107,133,1074713323,47,23,-33,Tulune
Rocks,2,WOD_Rocks_Large_05r1,74,144,749514451,95,51,163,Tulune
Rocks,2,WOD_Rocks_Large_05r1,92,151,9211915179,119,79,7,Tulune
Rocks,2,WOD_Rocks_Large_05r1,89,145,892014574,20,74,-30,Tulune
Rocks,2,WOD_Rocks_Large_05r1,111,129,1117312949,73,49,-179,Tulune
Rocks,2,WOD_Rocks_Large_05r1,112,137,1128313746,83,46,161,Tulune
Rocks,2,WOD_Rocks_Large_05r1,88,111,8810511108,105,8,166,Tulune
Rocks,2,WOD_Rocks_Large_05r1,122,113,1228211383,82,83,50,Tulune
Rocks,2,WOD_Rocks_Large_05r1,63,150,636815077,68,77,102,Tulune
Rocks,2,WOD_Rocks_Large_05r1,121,124,1219212499,92,99,-139,Tulune
Rocks,2,WOD_Rocks_Large_05r1,63,147,637914709,79,9,58,Tulune
Rocks,2,WOD_Rocks_Large_05r1,101,150,1014615006,46,6,-22,Tulune
Rocks,2,WOD_Rocks_Large_05r1,102,122,1021512208,15,8,50,Tulune
Rocks,2,WOD_Rocks_Large_05r1,74,126,746712696,67,96,83,Tulune
Rocks,2,WOD_Rocks_Large_05r1,78,141,788614126,86,26,25,Tulune
Rocks,2,WOD_Rocks_Large_05r1,90,148,9087148120,87,120,163,Tulune
Rocks,2,WOD_Rocks_Large_05r1,89,155,892015581,20,81,159,Tulune
Rocks,2,WOD_Rocks_Large_05r1,85,160,85102160111,102,111,-89,Tulune
Rocks,2,WOD_Rocks_Large_05r1,95,129,9511512990,115,90,-145,Tulune
Rocks,2,WOD_Rocks_Large_05r1,92,146,921714638,17,38,-19,Tulune
Rocks,2,WOD_Rocks_Large_05r1,77,157,772715781,27,81,-18,Tulune
Rocks,2,WOD_Rocks_Large_05r1,106,108,1066810805,68,5,136,Tulune
Rocks,2,WOD_Rocks_Large_05r1,98,132,984413226,44,26,19,Tulune
Rocks,2,WOD_Rocks_Large_05r1,124,103,1249710364,97,64,57,Tulune
Rocks,2,WOD_Rocks_Large_05r1,60,114,60119114105,119,105,-119,Tulune
Rocks,2,WOD_Rocks_Large_05r1,112,129,1127312959,73,59,-31,Tulune
Rocks,2,WOD_Rocks_Large_05r1,76,109,767910938,79,38,118,Tulune
Rocks,2,WOD_Rocks_Large_05r1,104,107,10418107111,18,111,63,Tulune
Rocks,2,WOD_Rocks_Large_05r1,114,130,1149613084,96,84,-107,Tulune
Rocks,2,WOD_Rocks_Large_05r1,67,157,671915729,19,29,-34,Tulune
Rocks,2,WOD_Rocks_Large_05r1,99,146,996314620,63,20,17,Tulune
Rocks,2,WOD_Rocks_Large_05r1,112,120,1127312031,73,31,-177,Tulune
Rocks,2,WOD_Rocks_Large_05r1,124,138,1241713838,17,38,35,Tulune
Rocks,2,WOD_Rocks_Large_05r1,109,122,1098712273,87,73,-40,Tulune
Rocks,2,WOD_Rocks_Large_05r1,99,147,994714754,47,54,-63,Tulune
Rocks,2,WOD_Rocks_Large_05r1,83,120,8303120108,3,108,-171,Tulune
Rocks,2,WOD_Rocks_Large_05r1,96,140,96105140111,105,111,160,Tulune
Rocks,2,WOD_Rocks_Large_05r1,77,136,7787136104,87,104,-66,Tulune
Rocks,2,WOD_Rocks_Large_05r1,71,119,710611978,6,78,91,Tulune
Rocks,2,WOD_Rocks_Large_05r1,106,102,10611510245,115,45,-163,Tulune
Rocks,2,WOD_Rocks_Large_05r1,80,115,803811570,38,70,-52,Tulune
Rocks,2,WOD_Rocks_Large_05r1,116,122,11612012232,120,32,59,Tulune
Rocks,2,WOD_Rocks_Large_05r1,115,133,1151413365,14,65,-45,Tulune
Rocks,2,WOD_Rocks_Large_05r1,81,120,810412009,4,9,26,Tulune
Rocks,2,WOD_Rocks_Large_05r1,90,113,908411304,84,4,-27,Tulune
Rocks,2,WOD_Rocks_Large_05r1,107,125,10767125109,67,109,-117,Tulune
Rocks,2,WOD_Rocks_Large_05r1,82,143,8240143111,40,111,67,Tulune
Rocks,2,WOD_Rocks_Large_05r1,113,116,11314116104,14,104,-159,Tulune
Rocks,2,WOD_Rocks_Large_05r1,75,146,759514605,95,5,-115,Tulune
Rocks,2,WOD_Rocks_Large_05r1,123,126,1234912655,49,55,-148,Tulune
Rocks,2,WOD_Rocks_Large_05r1,124,112,12478112113,78,113,-42,Tulune
Rocks,2,WOD_Rocks_Large_05r1,126,104,12611110429,111,29,60,Tulune
Rocks,2,WOD_Rocks_Large_05r1,85,136,8577136118,77,118,-107,Tulune
Rocks,2,WOD_Rocks_Large_05r1,103,137,10393137102,93,102,102,Tulune
Rocks,2,WOD_Rocks_Large_05r1,79,126,7977126127,77,127,-149,Tulune
Rocks,2,WOD_Rocks_Large_05r1,76,123,769912372,99,72,55,Tulune
Rocks,2,WOD_Rocks_Large_05r1,93,145,936914512,69,12,85,Tulune
Rocks,2,WOD_Rocks_Large_05r1,68,130,680313005,3,5,52,Tulune
Rocks,2,WOD_Rocks_Large_05r1,104,109,1042610947,26,47,92,Tulune
Rocks,2,WOD_Rocks_Large_05r1,73,133,735613327,56,27,15,Tulune
Rocks,2,WOD_Rocks_Large_05r1,98,104,9832104127,32,127,120,Tulune
Rocks,2,WOD_Rocks_Large_05r1,107,144,1073514444,35,44,-143,Tulune
Rocks,2,WOD_Rocks_Large_05r1,73,129,737912917,79,17,94,Tulune
Rocks,2,WOD_Rocks_Large_05r1,81,115,8112011567,120,67,25,Tulune
Rocks,2,WOD_Rocks_Large_05r1,125,143,1252414358,24,58,106,Tulune
Rocks,2,WOD_Rocks_Large_05r1,94,121,945812176,58,76,-29,Tulune
Rocks,2,WOD_Rocks_Large_05r1,101,143,10111614301,116,1,169,Tulune
Rocks,2,WOD_Rocks_Large_05r1,89,155,891815559,18,59,-162,Tulune
Rocks,2,WOD_Rocks_Large_05r1,102,141,1029914122,99,22,25,Tulune
Rocks,2,WOD_Rocks_Large_05r1,108,107,1082910706,29,6,41,Tulune
Rocks,2,WOD_Rocks_Large_05r1,95,137,959913781,99,81,-6,Tulune
Rocks,2,WOD_Rocks_Large_05r1,104,103,1042910303,29,3,-22,Tulune
Rocks,2,WOD_Rocks_Large_05r1,120,106,12090106122,90,122,-122,Tulune
Rocks,2,WOD_Rocks_Large_05r1,63,148,635614899,56,99,-107,Tulune
Rocks,2,WOD_Rocks_Large_05r1,100,150,10032150127,32,127,-161,Tulune
Rocks,2,WOD_Rocks_Large_05r1,54,147,54104147114,104,114,164,Tulune
Rocks,2,WOD_Rocks_Large_05r1,88,147,887914706,79,6,-105,Tulune
Rocks,2,WOD_Rocks_Large_05r1,74,134,744513447,45,47,-92,Tulune
Rocks,2,WOD_Rocks_Large_05r1,74,124,746112422,61,22,-142,Tulune
Rocks,2,WOD_Rocks_Large_05r1,102,125,1026012505,60,5,93,Tulune
Rocks,2,WOD_Rocks_Large_05r1,80,102,8069102101,69,101,142,Tulune
Rocks,2,WOD_Rocks_Large_05r1,83,140,831514077,15,77,133,Tulune
Rocks,2,WOD_Rocks_Large_05r1,80,163,8010216345,102,45,46,Tulune
Rocks,2,WOD_Rocks_Large_05r1,107,141,1.07E+11,125,115,-67,Tulune
Rocks,2,WOD_Rocks_Large_05r1,112,102,11210010268,100,68,11,Tulune
Rocks,2,WOD_Rocks_Large_05r1,88,127,8868127113,68,113,144,Tulune
Rocks,2,WOD_Rocks_Large_05r1,113,139,1136413978,64,78,-145,Tulune
Rocks,2,WOD_Rocks_Large_05r1,67,163,679516338,95,38,153,Tulune
Rocks,2,WOD_Rocks_Large_05r1,103,106,10311410642,114,42,138,Tulune
Rocks,2,WOD_Rocks_Large_05r1,96,103,96110103102,110,102,-64,Tulune
Rocks,2,WOD_Rocks_Large_05r1,86,130,869013061,90,61,114,Tulune
Rocks,2,WOD_Rocks_Large_05r1,114,134,11488134111,88,111,-97,Tulune
Rocks,2,WOD_Rocks_Large_05r1,115,103,1159310370,93,70,-159,Tulune
Rocks,2,WOD_Rocks_Large_05r1,106,113,10610511363,105,63,102,Tulune
Rocks,2,WOD_Rocks_Large_05r1,90,123,908212323,82,23,127,Tulune
Rocks,2,WOD_Rocks_Large_05r1,103,113,1031011347,10,47,150,Tulune
Rocks,2,WOD_Rocks_Large_05r1,81,136,817613606,76,6,102,Tulune
Rocks,2,WOD_Rocks_Large_05r1,100,130,1009213050,92,50,-142,Tulune
Rocks,2,WOD_Rocks_Large_05r1,96,106,961210676,12,76,-18,Tulune
Rocks,2,WOD_Rocks_Large_05r1,71,135,7163135113,63,113,-45,Tulune
Rocks,2,WOD_Rocks_Large_05r1,116,126,1162412678,24,78,91,Tulune
Rocks,2,WOD_Rocks_Large_05r1,74,133,7410813304,108,4,-85,Tulune
Rocks,2,WOD_Rocks_Large_05r1,123,128,12309128100,9,100,135,Tulune
Rocks,2,WOD_Rocks_Large_05r1,102,139,1024713949,47,49,-21,Tulune
Rocks,2,WOD_Rocks_Large_05r1,123,107,1232810738,28,38,-53,Tulune
Rocks,2,WOD_Rocks_Large_05r1,93,116,931311673,13,73,-118,Tulune
Rocks,2,WOD_Rocks_Large_05r1,112,118,1121811851,18,51,-42,Tulune
Rocks,2,WOD_Rocks_Large_05r1,78,162,783516256,35,56,-65,Tulune
Rocks,2,WOD_Rocks_Large_05r1,104,119,1046511944,65,44,90,Tulune
Rocks,2,WOD_Rocks_Large_05r1,93,132,937413267,74,67,123,Tulune
Rocks,2,WOD_Rocks_Large_05r1,122,130,1.22E+11,115,122,-152,Tulune
Rocks,2,WOD_Rocks_Large_05r1,121,125,1210812583,8,83,3,Tulune
Rocks,2,WOD_Rocks_Large_05r1,80,144,807714432,77,32,32,Tulune
Rocks,2,WOD_Rocks_Large_05r1,128,104,1287710442,77,42,-6,Tulune
Rocks,2,WOD_Rocks_Large_05r1,95,106,954010626,40,26,127,Tulune
Rocks,2,WOD_Rocks_Large_05r1,111,131,11110813101,108,1,-103,Tulune
Rocks,2,WOD_Rocks_Large_05r1,102,122,10283122119,83,119,-12,Tulune
Rocks,2,WOD_Rocks_Large_05r1,83,147,836514784,65,84,-16,Tulune
Rocks,2,WOD_Rocks_Large_05r1,101,143,1017914386,79,86,-105,Tulune
Rocks,2,WOD_Rocks_Large_05r1,81,136,8119136108,19,108,3,Tulune
Rocks,2,WOD_Rocks_Large_05r1,83,100,831510047,15,47,-14,Tulune
Rocks,2,WOD_Rocks_Large_05r1,91,135,914913576,49,76,-41,Tulune
Rocks,2,WOD_Rocks_Large_05r1,114,116,1142011678,20,78,35,Tulune
Rocks,2,WOD_Rocks_Large_05r1,89,130,8992130109,92,109,-161,Tulune
Rocks,2,WOD_Rocks_Large_05r1,90,155,901915544,19,44,-156,Tulune
Rocks,2,WOD_Rocks_Large_05r1,125,110,1251411042,14,42,-143,Tulune
Rocks,2,WOD_Rocks_Large_05r1,95,144,9510014441,100,41,-18,Tulune
Rocks,2,WOD_Rocks_Large_05r1,72,110,7269110109,69,109,-95,Tulune
Rocks,2,WOD_Rocks_Large_05r1,90,115,905511590,55,90,77,Tulune
Rocks,2,WOD_Rocks_Large_05r1,109,110,10974110114,74,114,116,Tulune
Rocks,2,WOD_Rocks_Large_05r1,92,129,923112912,31,12,-7,Tulune
Rocks,2,WOD_Rocks_Large_05r1,97,134,9711813403,118,3,-141,Tulune
Rocks,2,WOD_Rocks_Large_05r1,95,135,9512213565,122,65,29,Tulune
Rocks,2,WOD_Rocks_Large_05r1,86,132,8674132120,74,120,88,Tulune
Rocks,2,WOD_Rocks_Large_05r1,103,133,1031413342,14,42,-99,Tulune
Rocks,2,WOD_Rocks_Large_05r1,95,143,951014386,10,86,-84,Tulune
Rocks,2,WOD_Rocks_Large_05r1,75,131,7512513110,125,10,-171,Tulune
Rocks,2,WOD_Rocks_Large_05r1,106,143,1062814331,28,31,-24,Tulune
Rocks,2,WOD_Rocks_Large_05r1,74,157,741215718,12,18,74,Tulune
Rocks,2,WOD_Rocks_Large_05r1,114,120,11411912097,119,97,125,Tulune
Rocks,2,WOD_Rocks_Large_05r1,107,118,10711111801,111,1,5,Tulune
Rocks,2,WOD_Rocks_Large_05r1,124,104,1242610463,26,63,144,Tulune
Rocks,2,WOD_Rocks_Large_05r1,85,159,851715974,17,74,-19,Tulune
Rocks,2,WOD_Rocks_Large_05r1,67,160,674516008,45,8,-15,Tulune
Rocks,2,WOD_Rocks_Large_05r1,98,138,9813138123,13,123,-44,Tulune
Rocks,2,WOD_Rocks_Large_05r1,81,150,819915059,99,59,56,Tulune
Rocks,2,WOD_Rocks_Large_05r1,77,156,7711915664,119,64,-34,Tulune
Rocks,2,WOD_Rocks_Large_05r1,98,129,985012995,50,95,130,Tulune
Rocks,2,WOD_Rocks_Large_05r1,72,130,728413052,84,52,-155,Tulune
Rocks,2,WOD_Rocks_Large_05r1,81,130,8169130108,69,108,41,Tulune
Rocks,2,WOD_Rocks_Large_05r1,72,133,7219133122,19,122,160,Tulune
Rocks,2,WOD_Rocks_Large_05r1,119,147,1196014741,60,41,137,Tulune
Rocks,2,WOD_Rocks_Large_05r1,112,145,1127314517,73,17,164,Tulune
Rocks,2,WOD_Rocks_Large_05r1,96,143,969314355,93,55,57,Tulune
Rocks,2,WOD_Rocks_Large_05r1,104,112,1042811265,28,65,136,Tulune
Rocks,2,WOD_Rocks_Large_05r1,112,138,1127913874,79,74,-103,Tulune
Rocks,2,WOD_Rocks_Large_05r1,108,115,1082311551,23,51,1,Tulune
Rocks,2,WOD_Rocks_Large_05r1,109,148,1098314849,83,49,-11,Tulune
Rocks,2,WOD_Rocks_Large_05r1,71,115,714211591,42,91,146,Tulune
Rocks,2,WOD_Rocks_Large_05r1,91,131,914113163,41,63,-44,Tulune
Rocks,2,WOD_Rocks_Large_05r1,118,111,11811511152,115,52,-135,Tulune
Rocks,2,WOD_Rocks_Large_05r1,108,129,1.08E+11,113,120,137,Tulune
Rocks,2,WOD_Rocks_Large_05r1,108,116,10810211672,102,72,2,Tulune
Rocks,2,WOD_Rocks_Large_05r1,77,142,77108142116,108,116,177,Tulune
Rocks,2,WOD_Rocks_Large_05r1,89,148,893214803,32,3,148,Tulune
Rocks,2,WOD_Rocks_Large_05r1,100,123,1003812328,38,28,36,Tulune
Rocks,2,WOD_Rocks_Large_05r1,68,117,688811791,88,91,153,Tulune
Rocks,2,WOD_Rocks_Large_05r1,111,148,11112414887,124,87,4,Tulune
Rocks,2,WOD_Rocks_Large_05r1,75,154,7511115454,111,54,-69,Tulune
Rocks,2,WOD_Rocks_Large_05r1,87,107,8710410755,104,55,173,Tulune
Rocks,2,WOD_Rocks_Large_05r1,82,144,821714415,17,15,81,Tulune
Rocks,2,WOD_Rocks_Large_05r1,132,105,13209105113,9,113,158,Tulune
Rocks,2,WOD_Rocks_Large_05r1,86,144,869714445,97,45,-63,Tulune
Rocks,2,WOD_Rocks_Large_05r1,73,148,737614832,76,32,-28,Tulune
Rocks,2,WOD_Rocks_Large_05r1,96,113,964111392,41,92,166,Tulune
Rocks,2,WOD_Rocks_Large_05r1,84,130,84123130110,123,110,-32,Tulune
Rocks,2,WOD_Rocks_Large_05r1,90,116,9092116116,92,116,175,Tulune
Rocks,2,WOD_Rocks_Large_05r1,91,127,917412736,74,36,108,Tulune
Rocks,2,WOD_Rocks_Large_05r1,80,135,804513569,45,69,102,Tulune
Rocks,2,WOD_Rocks_Large_05r1,95,118,9512211879,122,79,177,Tulune
Rocks,2,WOD_Rocks_Large_05r1,97,130,977713040,77,40,138,Tulune
Rocks,2,WOD_Rocks_Large_05r1,100,121,1002312147,23,47,19,Tulune
Rocks,2,WOD_Rocks_Large_05r1,81,143,814714349,47,49,157,Tulune
Rocks,2,WOD_Rocks_Large_05r1,110,142,11011114282,111,82,139,Tulune
Rocks,2,WOD_Rocks_Large_05r1,112,124,11210012474,100,74,-89,Tulune
Rocks,2,WOD_Rocks_Large_05r1,81,100,8111410001,114,1,-173,Tulune
Rocks,2,WOD_Rocks_Large_05r1,112,106,1121910673,19,73,-5,Tulune
Rocks,2,WOD_Rocks_Large_05r1,62,106,626710604,67,4,141,Tulune
Rocks,2,WOD_Rocks_Large_05r1,109,143,10919143113,19,113,-47,Tulune
Rocks,2,WOD_Rocks_Large_05r1,97,141,973114197,31,97,-117,Tulune
Rocks,2,WOD_Rocks_Large_05r1,103,115,1032211555,22,55,32,Tulune
Rocks,2,WOD_Rocks_Large_05r1,117,148,11712314841,123,41,-123,Tulune
Rocks,2,WOD_Rocks_Large_05r1,93,105,934910526,49,26,105,Tulune
Rocks,2,WOD_Rocks_Large_05r1,113,117,11311511772,115,72,129,Tulune
Rocks,2,WOD_Rocks_Large_05r1,124,121,12412412100,124,0,-45,Tulune
Rocks,2,WOD_Rocks_Large_05r1,83,117,838811792,88,92,-171,Tulune
Rocks,2,WOD_Rocks_Large_05r1,87,109,873810959,38,59,-120,Tulune
Rocks,2,WOD_Rocks_Large_05r1,76,140,760514010,5,10,-42,Tulune
Rocks,2,WOD_Rocks_Large_05r1,113,110,1132611061,26,61,-12,Tulune
Rocks,2,WOD_Rocks_Large_05r1,108,108,1084510808,45,8,161,Tulune
Rocks,2,WOD_Rocks_Large_05r1,116,113,11672113120,72,120,-82,Tulune
Rocks,2,WOD_Rocks_Large_05r1,109,152,10956152122,56,122,133,Tulune
Rocks,2,WOD_Rocks_Large_05r1,74,141,744114173,41,73,-38,Tulune
Rocks,2,WOD_Rocks_Large_05r1,101,114,1010111401,1,1,-135,Tulune
Rocks,2,WOD_Rocks_Large_05r1,72,130,720913023,9,23,-83,Tulune
Rocks,2,WOD_Rocks_Large_05r1,118,121,11810612160,106,60,113,Tulune
Rocks,2,WOD_Rocks_Large_05r1,87,107,877310747,73,47,96,Tulune
Rocks,2,WOD_Rocks_Large_05r1,115,141,1157014154,70,54,-137,Tulune
Rocks,2,WOD_Rocks_Large_05r1,111,146,1117714633,77,33,-48,Tulune
Rocks,2,WOD_Rocks_Large_05r1,108,144,10826144116,26,116,-91,Tulune
Rocks,2,WOD_Rocks_Large_05r1,75,136,7506136115,6,115,-148,Tulune
Rocks,2,WOD_Rocks_Large_05r1,110,119,1101811935,18,35,-63,Tulune
Rocks,2,WOD_Rocks_Large_05r1,81,106,814210612,42,12,-87,Tulune
Rocks,2,WOD_Rocks_Large_05r1,114,126,11412512654,125,54,94,Tulune
Rocks,2,WOD_Rocks_Large_05r1,122,120,1229312082,93,82,-26,Tulune
Rocks,2,WOD_Rocks_Large_05r1,115,142,11573142127,73,127,165,Tulune
Rocks,2,WOD_Rocks_Large_05r1,77,146,7770146114,70,114,27,Tulune
Rocks,2,WOD_Rocks_Large_05r1,109,106,10912410669,124,69,158,Tulune
Rocks,2,WOD_Rocks_Large_05r1,88,119,8882119127,82,127,93,Tulune
Rocks,2,WOD_Rocks_Large_05r1,69,114,696311427,63,27,-97,Tulune
Rocks,2,WOD_Rocks_Large_05r1,94,133,944913378,49,78,62,Tulune
Rocks,2,WOD_Rocks_Large_05r1,118,139,11812713978,127,78,-75,Tulune
Rocks,2,WOD_Rocks_Large_05r1,110,142,1104014209,40,9,53,Tulune
Rocks,2,WOD_Rocks_Large_05r1,88,158,888615877,86,77,-6,Tulune
Rocks,2,WOD_Rocks_Large_05r1,117,131,1177713178,77,78,-168,Tulune
Rocks,2,WOD_Rocks_Large_05r1,83,145,8359145118,59,118,-151,Tulune
Rocks,2,WOD_Rocks_Large_05r1,126,107,12659107113,59,113,-50,Tulune
Rocks,2,WOD_Rocks_Large_05r1,81,113,816111351,61,51,-173,Tulune
Rocks,2,WOD_Rocks_Large_05r1,79,103,793110319,31,19,-46,Tulune
Rocks,2,WOD_Rocks_Large_05r1,113,115,11311611583,116,83,-177,Tulune
Rocks,2,WOD_Rocks_Large_05r1,59,152,5911415242,114,42,70,Tulune
Rocks,2,WOD_Rocks_Large_05r1,81,121,818612149,86,49,-97,Tulune
Rocks,2,WOD_Rocks_Large_05r1,78,117,788811764,88,64,-70,Tulune
Rocks,2,WOD_Rocks_Large_05r1,116,104,1165910401,59,1,-122,Tulune
Rocks,2,WOD_Rocks_Large_05r1,79,157,7912015742,120,42,-98,Tulune
Rocks,2,WOD_Rocks_Large_05r1,58,150,5811815001,118,1,92,Tulune
Rocks,2,WOD_Rocks_Large_05r1,114,152,1145515278,55,78,-55,Tulune
Rocks,2,WOD_Rocks_Large_05r1,73,141,7311014137,110,37,-145,Tulune
Rocks,2,WOD_Rocks_Large_05r1,121,136,1219613693,96,93,-88,Tulune
Rocks,2,WOD_Rocks_Large_05r1,116,127,1163712709,37,9,45,Tulune
Rocks,2,WOD_Rocks_Large_05r1,101,140,1013114077,31,77,-112,Tulune
Rocks,2,WOD_Rocks_Large_05r1,104,136,1046113660,61,60,83,Tulune
Rocks,2,WOD_Rocks_Large_05r1,58,148,581814837,18,37,126,Tulune
Rocks,2,WOD_Rocks_Large_05r1,105,115,1051511537,15,37,35,Tulune
Rocks,2,WOD_Rocks_Large_05r1,99,107,994110722,41,22,135,Tulune
Rocks,2,WOD_Rocks_Large_05r1,132,111,1321211108,12,8,60,Tulune
Rocks,2,WOD_Rocks_Large_05r1,107,149,1072214924,22,24,144,Tulune
