name,type,prefab,worldX,worldY,terrainX,terrainY,locationID,region,rotYaxis,heightOffset,gisX,gisY
Mountain,3,WOD_Mountain_09,616,17,27,14,616271714,Wrothgarian Mountains,42,-8,616.2109375,-17.890625
Mountain,3,WOD_Mountain_01,620,17,102,38,6201021738,Wrothgarian Mountains,-100,-85,620.796875,-17.703125
Mountain,3,WOD_Mountain_02,626,20,90,88,626902088,Wrothgarian Mountains,169,-39,626.703125,-20.3125
Mountain,3,WOD_Mountain_03,623,19,84,96,623841996,Wrothgarian Mountains,119,-61,623.65625,-19.25
Mountain,3,WOD_Mountain_04,625,27,122,119,62512227119,Wrothgarian Mountains,-162,-27,625.953125,-27.0703125
Mountain,3,WOD_Mountain_05,629,29,118,18,6291182918,Wrothgarian Mountains,-60,-2,629.921875,-29.859375
Mountain,3,WOD_Mountain_06,633,24,76,84,633762484,Wrothgarian Mountains,-98,-64,633.59375,-24.34375
Mountain,3,WOD_Mountain_07,637,24,72,124,6377224124,Wrothgarian Mountains,8,-39,637.5625,-24.03125
Mountain,3,WOD_Mountain_08,641,23,100,4,6411002304,Wrothgarian Mountains,-143,-62,641.78125,-23.96875
Mountain,3,WOD_Mountain_09,615,5,68,76,615680576,Wrothgarian Mountains,180,-77,615.53125,-5.40625
Mountain,3,WOD_Mountain_01,625,3,114,73,6251140373,Wrothgarian Mountains,80,-43,625.890625,-3.4296875
Mountain,3,WOD_Mountain_02,624,7,59,52,624590752,Wrothgarian Mountains,98,-43,624.4609375,-7.59375
Mountain,3,WOD_Mountain_03,632,3,76,9,632760309,Wrothgarian Mountains,-45,-16,632.59375,-3.9296875
Mountain,3,WOD_Mountain_04,639,2,86,41,639860241,Wrothgarian Mountains,76,-59,639.671875,-2.6796875
Mountain,3,WOD_Mountain_06,636,4,32,58,636320458,Wrothgarian Mountains,134,-68,636.25,-4.546875
Mountain,3,WOD_Mountain_07,637,10,127,8,6371271008,Wrothgarian Mountains,-5,-40,637.9921875,-10.9375
Mountain,3,WOD_Mountain_08,645,14,64,123,6456414123,Wrothgarian Mountains,-122,-79,645.5,-14.0390625
Mountain,3,WOD_Mountain_09,649,7,84,52,649840752,Wrothgarian Mountains,31,-66,649.65625,-7.59375
Mountain,3,WOD_Mountain_01,653,12,81,18,653811218,Wrothgarian Mountains,81,-57,653.6328125,-12.859375
Mountain,3,WOD_Mountain_02,652,16,90,14,652901614,Wrothgarian Mountains,111,-29,652.703125,-16.890625
Mountain,3,WOD_Mountain_03,652,14,90,28,652901428,Wrothgarian Mountains,-158,-91,652.703125,-14.78125
Mountain,3,WOD_Mountain_04,631,14,124,28,6311241428,Wrothgarian Mountains,-137,-45,631.96875,-14.78125
Mountain,3,WOD_Mountain_05,617,2,97,72,617970272,Wrothgarian Mountains,87,-29,617.7578125,-2.4375
Mountain,3,WOD_Mountain_06,611,21,15,10,611152110,Wrothgarian Mountains,87,0,611.1171875,-21.921875
Mountain,3,WOD_Mountain_07,619,22,49,99,619492299,Wrothgarian Mountains,-137,-29,619.3828125,-22.2265625
Mountain,3,WOD_Mountain_08,620,26,87,95,620872695,Wrothgarian Mountains,-15,-62,620.6796875,-26.2578125
Mountain,3,WOD_Mountain_09,611,28,96,104,6119628104,Wrothgarian Mountains,-44,-85,611.75,-28.1875
Mountain,3,WOD_Mountain_01,618,34,9,23,618093423,Wrothgarian Mountains,-34,-39,618.0703125,-34.8203125
Mountain,3,WOD_Mountain_02,620,36,102,64,6201023664,Wrothgarian Mountains,-51,-98,620.796875,-36.5
Mountain,3,WOD_Mountain_03,622,40,93,92,622934092,Wrothgarian Mountains,179,-29,622.7265625,-40.28125
Mountain,3,WOD_Mountain_05,630,34,86,31,630863431,Wrothgarian Mountains,-38,-24,630.671875,-34.7578125
Mountain,3,WOD_Mountain_07,639,32,116,13,6391163213,Wrothgarian Mountains,-180,-69,639.90625,-32.8984375
Mountain,3,WOD_Mountain_08,642,35,12,119,6421235119,Wrothgarian Mountains,108,-36,642.09375,-35.0703125
Mountain,3,WOD_Mountain_09,644,27,88,87,644882787,Wrothgarian Mountains,-141,-50,644.6875,-27.3203125
Mountain,3,WOD_Mountain_01,651,24,82,69,651822469,Wrothgarian Mountains,37,-2,651.640625,-24.4609375
Mountain,3,WOD_Mountain_02,651,26,106,78,6511062678,Wrothgarian Mountains,7,-74,651.828125,-26.390625
Mountain,3,WOD_Mountain_03,651,30,18,82,651183082,Wrothgarian Mountains,8,-7,651.140625,-30.359375
Mountain,3,WOD_Mountain_04,651,36,3,40,651033640,Wrothgarian Mountains,-34,-25,651.0234375,-36.6875
Mountain,3,WOD_Mountain_01,662,37,24,9,662243709,Wrothgarian Mountains,-34,-25,662.1875,-37.9296875
Mountain,3,WOD_Mountain_02,657,31,84,36,657843136,Wrothgarian Mountains,-111,-94,657.65625,-31.71875
Mountain,3,WOD_Mountain_03,658,26,115,102,65811526102,Wrothgarian Mountains,27,-44,658.8984375,-26.203125
Mountain,3,WOD_Mountain_04,663,26,63,95,663632695,Wrothgarian Mountains,151,-22,663.4921875,-26.2578125
Mountain,3,WOD_Mountain_05,662,30,104,106,66210430106,Wrothgarian Mountains,131,-16,662.8125,-30.171875
Mountain,3,WOD_Mountain_06,642,17,67,31,642671731,Wrothgarian Mountains,-54,-3,642.5234375,-17.7578125
Mountain,3,WOD_Mountain_08,653,3,88,58,653880358,Wrothgarian Mountains,-163,-5,653.6875,-3.546875
Mountain,3,WOD_Mountain_07,699,4,74,41,699740441,Wrothgarian Mountains,22,-53,699.578125,-4.6796875
Mountain,3,WOD_Mountain_01,693,11,123,79,6931231179,Wrothgarian Mountains,119,-67,693.9609375,-11.3828125
Mountain,3,WOD_Mountain_02,684,10,120,4,6841201004,Wrothgarian Mountains,-30,-40,684.9375,-10.96875
Mountain,3,WOD_Mountain_03,682,8,111,35,6821110835,Wrothgarian Mountains,-37,-66,682.8671875,-8.7265625
Mountain,3,WOD_Mountain_04,680,8,40,77,680400877,Wrothgarian Mountains,-9,-60,680.3125,-8.3984375
Mountain,3,WOD_Mountain_05,677,10,20,120,6772010120,Wrothgarian Mountains,-133,-27,677.15625,-10.0625
Mountain,3,WOD_Mountain_06,681,16,28,127,6812816127,Wrothgarian Mountains,-17,-39,681.21875,-16.0078125
Mountain,3,WOD_Mountain_07,683,17,15,96,683151796,Wrothgarian Mountains,158,-20,683.1171875,-17.25
Mountain,3,WOD_Mountain_08,683,20,26,99,683262099,Wrothgarian Mountains,-18,-94,683.203125,-20.2265625
Mountain,3,WOD_Mountain_09,680,23,114,91,6801142391,Wrothgarian Mountains,33,-95,680.890625,-23.2890625
Mountain,3,WOD_Mountain_02,662,12,109,123,66210912123,Wrothgarian Mountains,69,-2,662.8515625,-12.0390625
Mountain,3,WOD_Mountain_03,665,12,42,17,665421217,Wrothgarian Mountains,121,-99,665.328125,-12.8671875
Mountain,3,WOD_Mountain_04,669,16,50,95,669501695,Wrothgarian Mountains,119,-56,669.390625,-16.2578125
Mountain,3,WOD_Mountain_05,670,17,91,32,670911732,Wrothgarian Mountains,141,-5,670.7109375,-17.75
Mountain,3,WOD_Mountain_06,665,18,18,77,665181877,Wrothgarian Mountains,-58,0,665.140625,-18.3984375
Mountain,3,WOD_Mountain_07,668,21,82,63,668822163,Wrothgarian Mountains,60,-10,668.640625,-21.5078125
Mountain,3,WOD_Mountain_08,677,22,50,28,677502228,Wrothgarian Mountains,-158,-10,677.390625,-22.78125
Mountain,3,WOD_Mountain_09,667,28,9,17,667092817,Wrothgarian Mountains,-126,-42,667.0703125,-28.8671875
Mountain,3,WOD_Mountain_01,668,33,67,64,668673364,Wrothgarian Mountains,42,-16,668.5234375,-33.5
Mountain,3,WOD_Mountain_02,671,32,15,5,671153205,Wrothgarian Mountains,-38,-9,671.1171875,-32.9609375
Mountain,3,WOD_Mountain_06,678,31,14,56,678143156,Wrothgarian Mountains,98,-31,678.109375,-31.5625
Mountain,3,WOD_Mountain_07,682,30,37,124,6823730124,Wrothgarian Mountains,20,-45,682.2890625,-30.03125
Mountain,3,WOD_Mountain_08,679,28,99,76,679992876,Wrothgarian Mountains,103,-99,679.7734375,-28.40625
Mountain,3,WOD_Mountain_09,683,35,52,18,683523518,Wrothgarian Mountains,-44,-84,683.40625,-35.859375
Mountain,3,WOD_Mountain_01,683,38,127,58,6831273858,Wrothgarian Mountains,51,-93,683.9921875,-38.546875
Mountain,3,WOD_Mountain_02,687,38,86,52,687863852,Wrothgarian Mountains,42,-19,687.671875,-38.59375
Mountain,3,WOD_Mountain_03,689,32,15,5,689153205,Wrothgarian Mountains,-146,-20,689.1171875,-32.9609375
Mountain,3,WOD_Mountain_04,691,24,92,29,691922429,Wrothgarian Mountains,-66,-11,691.71875,-24.7734375
Mountain,3,WOD_Mountain_05,689,27,47,32,689472732,Wrothgarian Mountains,123,-58,689.3671875,-27.75
Mountain,3,WOD_Mountain_06,695,30,36,50,695363050,Wrothgarian Mountains,122,-77,695.28125,-30.609375
Mountain,3,WOD_Mountain_07,693,28,1,12,693012812,Wrothgarian Mountains,-27,-41,693.0078125,-28.90625
Mountain,3,WOD_Mountain_08,705,30,59,45,705593045,Wrothgarian Mountains,-82,-28,705.4609375,-30.6484375
Mountain,3,WOD_Mountain_09,700,32,122,15,7001223215,Wrothgarian Mountains,87,-83,700.953125,-32.8828125
Mountain,3,WOD_Mountain_01,697,36,77,51,697773651,Wrothgarian Mountains,-19,-24,697.6015625,-36.6015625
Mountain,3,WOD_Mountain_02,694,37,20,105,6942037105,Wrothgarian Mountains,43,-42,694.15625,-37.1796875
Mountain,3,WOD_Mountain_03,697,41,28,114,6972841114,Wrothgarian Mountains,139,0,697.21875,-41.109375
Mountain,3,WOD_Mountain_04,691,41,77,92,691774192,Wrothgarian Mountains,12,-11,691.6015625,-41.28125
Mountain,3,WOD_Mountain_05,706,47,95,99,706954799,Wrothgarian Mountains,-89,-80,706.7421875,-47.2265625
Mountain,3,WOD_Mountain_06,709,47,65,29,709654729,Wrothgarian Mountains,87,-97,709.5078125,-47.7734375
Mountain,3,WOD_Mountain_07,714,51,60,91,714605191,Wrothgarian Mountains,117,-56,714.46875,-51.2890625
Mountain,3,WOD_Mountain_08,714,47,13,50,714134750,Wrothgarian Mountains,118,-93,714.1015625,-47.609375
Mountain,3,WOD_Mountain_09,718,44,93,111,7189344111,Wrothgarian Mountains,-141,-74,718.7265625,-44.1328125
Mountain,3,WOD_Mountain_01,720,38,33,127,7203338127,Wrothgarian Mountains,-144,-61,720.2578125,-38.0078125
Mountain,3,WOD_Mountain_02,720,40,77,92,720774092,Wrothgarian Mountains,84,-65,720.6015625,-40.28125
Mountain,3,WOD_Mountain_03,724,34,93,6,724933406,Wrothgarian Mountains,159,-95,724.7265625,-34.953125
Mountain,3,WOD_Mountain_04,722,33,79,128,7227933128,Wrothgarian Mountains,-146,-80,722.6171875,-33
Mountain,3,WOD_Mountain_05,719,29,9,28,719092928,Wrothgarian Mountains,46,-32,719.0703125,-29.78125
Mountain,3,WOD_Mountain_06,719,27,61,84,719612784,Wrothgarian Mountains,-164,-3,719.4765625,-27.34375
Mountain,3,WOD_Mountain_07,723,23,5,102,7230523102,Wrothgarian Mountains,73,-30,723.0390625,-23.203125
Mountain,3,WOD_Mountain_08,724,27,110,64,7241102764,Wrothgarian Mountains,-66,-4,724.859375,-27.5
Mountain,3,WOD_Mountain_09,725,30,40,35,725403035,Wrothgarian Mountains,30,-31,725.3125,-30.7265625
Mountain,3,WOD_Mountain_01,702,24,61,114,7026124114,Wrothgarian Mountains,-116,-36,702.4765625,-24.109375
Mountain,3,WOD_Mountain_03,700,16,90,91,700901691,Wrothgarian Mountains,82,-95,700.703125,-16.2890625
Mountain,3,WOD_Mountain_04,706,11,115,38,7061151138,Wrothgarian Mountains,179,-44,706.8984375,-11.703125
Mountain,3,WOD_Mountain_05,711,11,32,108,7113211108,Wrothgarian Mountains,-177,-29,711.25,-11.15625
Mountain,3,WOD_Mountain_06,719,11,72,96,719721196,Wrothgarian Mountains,147,-1,719.5625,-11.25
Mountain,3,WOD_Mountain_07,719,13,114,45,7191141345,Wrothgarian Mountains,178,-71,719.890625,-13.6484375
Mountain,3,WOD_Mountain_08,723,16,5,6,723051606,Wrothgarian Mountains,-139,-45,723.0390625,-16.953125
Mountain,3,WOD_Mountain_09,708,1,77,87,708770187,Wrothgarian Mountains,77,-36,708.6015625,-1.3203125
Mountain,3,WOD_Mountain_04,729,1,120,40,7291200140,Wrothgarian Mountains,73,-52,729.9375,-1.6875
Mountain,3,WOD_Mountain_05,735,2,110,51,7351100251,Wrothgarian Mountains,74,-72,735.859375,-2.6015625
Mountain,3,WOD_Mountain_06,740,1,26,45,740260145,Wrothgarian Mountains,136,-95,740.203125,-1.6484375
Mountain,3,WOD_Mountain_08,742,7,77,124,7427707124,Wrothgarian Mountains,-89,-96,742.6015625,-7.03125
Mountain,3,WOD_Mountain_01,683,54,52,14,683525414,Wrothgarian Mountains,-26,-85,683.40625,-54.890625
Mountain,3,WOD_Mountain_03,689,55,110,95,6891105595,Wrothgarian Mountains,-139,-64,689.859375,-55.2578125
Mountain,3,WOD_Mountain_04,685,54,82,93,685825493,Wrothgarian Mountains,-171,-93,685.640625,-54.2734375
Mountain,3,WOD_Mountain_05,681,48,78,109,6817848109,Wrothgarian Mountains,-33,-79,681.609375,-48.1484375
Mountain,3,WOD_Mountain_06,685,42,23,27,685234227,Wrothgarian Mountains,-154,-92,685.1796875,-42.7890625
Mountain,3,WOD_Mountain_07,678,39,77,13,678773913,Wrothgarian Mountains,156,-79,678.6015625,-39.8984375
Mountain,3,WOD_Mountain_08,705,55,76,59,705765559,Wrothgarian Mountains,-26,-5,705.59375,-55.5390625
Mountain,3,WOD_Mountain_09,706,59,78,95,706785995,Wrothgarian Mountains,17,-14,706.609375,-59.2578125
Mountain,3,WOD_Mountain_01,710,63,59,38,710596338,Wrothgarian Mountains,7,-52,710.4609375,-63.703125
Mountain,3,WOD_Mountain_02,712,59,26,114,7122659114,Wrothgarian Mountains,-143,-61,712.203125,-59.109375
Mountain,3,WOD_Mountain_03,715,58,27,82,715275882,Wrothgarian Mountains,-103,-62,715.2109375,-58.359375
Mountain,3,WOD_Mountain_04,710,40,79,41,710794041,Wrothgarian Mountains,-123,-95,710.6171875,-40.6796875
Mountain,3,WOD_Mountain_05,709,35,115,92,7091153592,Wrothgarian Mountains,174,-34,709.8984375,-35.28125
Mountain,3,WOD_Mountain_06,703,38,29,79,703293879,Wrothgarian Mountains,69,-28,703.2265625,-38.3828125
Mountain,3,WOD_Mountain_08,732,38,74,119,7327438119,Wrothgarian Mountains,128,-84,732.578125,-38.0703125
Mountain,3,WOD_Mountain_09,735,35,4,49,735043549,Wrothgarian Mountains,-10,-16,735.03125,-35.6171875
Mountain,3,WOD_Mountain_01,734,44,88,13,734884413,Wrothgarian Mountains,-58,-63,734.6875,-44.8984375
Mountain,3,WOD_Mountain_03,732,56,27,111,7322756111,Wrothgarian Mountains,55,-1,732.2109375,-56.1328125
Mountain,3,WOD_Mountain_04,738,54,9,35,738095435,Wrothgarian Mountains,131,-29,738.0703125,-54.7265625
Mountain,3,WOD_Mountain_05,736,61,31,29,736316129,Wrothgarian Mountains,-15,-57,736.2421875,-61.7734375
Mountain,3,WOD_Mountain_06,721,54,77,63,721775463,Wrothgarian Mountains,-103,-93,721.6015625,-54.5078125
Mountain,3,WOD_Mountain_07,724,56,35,56,724355656,Wrothgarian Mountains,16,-7,724.2734375,-56.5625
Mountain,3,WOD_Mountain_08,725,59,120,35,7251205935,Wrothgarian Mountains,-39,-49,725.9375,-59.7265625
Mountain,3,WOD_Mountain_09,724,53,26,5,724265305,Wrothgarian Mountains,-7,-5,724.203125,-53.9609375
Mountain,3,WOD_Mountain_01,730,64,20,40,730206440,Wrothgarian Mountains,140,-35,730.15625,-64.6875
Mountain,3,WOD_Mountain_02,726,63,119,47,7261196347,Wrothgarian Mountains,176,-95,726.9296875,-63.6328125
Mountain,3,WOD_Mountain_03,717,66,128,26,7171286626,Wrothgarian Mountains,-153,-60,718,-66.796875
Mountain,3,WOD_Mountain_04,726,70,9,45,726097045,Wrothgarian Mountains,-130,-94,726.0703125,-70.6484375
Mountain,3,WOD_Mountain_05,718,75,10,123,7181075123,Wrothgarian Mountains,-155,-99,718.078125,-75.0390625
Mountain,3,WOD_Mountain_06,716,70,99,91,716997091,Wrothgarian Mountains,-151,-19,716.7734375,-70.2890625
Mountain,3,WOD_Mountain_07,714,67,5,6,714056706,Wrothgarian Mountains,-149,-26,714.0390625,-67.953125
Mountain,3,WOD_Mountain_08,731,28,92,115,7319228115,Wrothgarian Mountains,140,-1,731.71875,-28.1015625
Mountain,3,WOD_Mountain_09,731,30,76,69,731763069,Wrothgarian Mountains,-158,-82,731.59375,-30.4609375
Mountain,3,WOD_Mountain_01,734,26,68,92,734682692,Wrothgarian Mountains,43,-91,734.53125,-26.28125
Mountain,3,WOD_Mountain_02,737,23,123,4,7371232304,Wrothgarian Mountains,46,-17,737.9609375,-23.96875
Mountain,3,WOD_Mountain_03,737,28,12,9,737122809,Wrothgarian Mountains,-121,-27,737.09375,-28.9296875
Mountain,3,WOD_Mountain_04,741,20,109,18,7411092018,Wrothgarian Mountains,-57,-82,741.8515625,-20.859375
Mountain,3,WOD_Mountain_05,746,19,24,49,746241949,Wrothgarian Mountains,-59,-90,746.1875,-19.6171875
Mountain,3,WOD_Mountain_06,748,22,118,88,7481182288,Wrothgarian Mountains,44,-15,748.921875,-22.3125
Mountain,3,WOD_Mountain_07,750,17,22,9,750221709,Wrothgarian Mountains,-70,-26,750.171875,-17.9296875
Mountain,3,WOD_Mountain_08,735,14,51,54,735511454,Wrothgarian Mountains,-104,-20,735.3984375,-14.578125
Mountain,3,WOD_Mountain_09,732,20,59,38,732592038,Wrothgarian Mountains,-30,-58,732.4609375,-20.703125
Mountain,3,WOD_Mountain_01,728,15,79,18,728791518,Wrothgarian Mountains,-27,-27,728.6171875,-15.859375
Mountain,3,WOD_Mountain_02,730,10,119,109,73011910109,Wrothgarian Mountains,136,-31,730.9296875,-10.1484375
Mountain,3,WOD_Mountain_03,712,15,41,18,712411518,Wrothgarian Mountains,109,-55,712.3203125,-15.859375
Mountain,3,WOD_Mountain_04,739,13,32,37,739321337,Wrothgarian Mountains,-47,-19,739.25,-13.7109375
Mountain,3,WOD_Mountain_05,748,6,102,47,7481020647,Wrothgarian Mountains,146,-17,748.796875,-6.6328125
Mountain,3,WOD_Mountain_07,755,2,17,86,755170286,Wrothgarian Mountains,-93,-72,755.1328125,-2.328125
Mountain,3,WOD_Mountain_08,757,2,105,86,7571050286,Wrothgarian Mountains,-61,-17,757.8203125,-2.328125
Mountain,3,WOD_Mountain_09,758,9,93,113,7589309113,Wrothgarian Mountains,17,-42,758.7265625,-9.1171875
Mountain,3,WOD_Mountain_01,756,12,15,84,756151284,Wrothgarian Mountains,-109,-40,756.1171875,-12.34375
Mountain,3,WOD_Mountain_02,761,14,111,86,7611111486,Wrothgarian Mountains,117,-96,761.8671875,-14.328125
Mountain,3,WOD_Mountain_03,761,11,12,56,761121156,Wrothgarian Mountains,-95,-35,761.09375,-11.5625
Mountain,3,WOD_Mountain_04,765,7,3,90,765030790,Wrothgarian Mountains,6,-43,765.0234375,-7.296875
Mountain,3,WOD_Mountain_05,769,6,110,63,7691100663,Wrothgarian Mountains,92,-34,769.859375,-6.5078125
Mountain,3,WOD_Mountain_06,766,7,38,27,766380727,Wrothgarian Mountains,120,-89,766.296875,-7.7890625
Mountain,3,WOD_Mountain_07,765,11,70,31,765701131,Wrothgarian Mountains,154,-91,765.546875,-11.7578125
Mountain,3,WOD_Mountain_08,773,13,84,106,7738413106,Wrothgarian Mountains,103,-74,773.65625,-13.171875
Mountain,3,WOD_Mountain_09,776,10,50,124,7765010124,Wrothgarian Mountains,5,-55,776.390625,-10.03125
Mountain,3,WOD_Mountain_02,779,2,90,128,7799002128,Wrothgarian Mountains,-90,-55,779.703125,-2
Mountain,3,WOD_Mountain_03,781,15,14,87,781141587,Wrothgarian Mountains,88,-54,781.109375,-15.3203125
Mountain,3,WOD_Mountain_04,784,17,54,68,784541768,Wrothgarian Mountains,141,-55,784.421875,-17.46875
Mountain,3,WOD_Mountain_05,792,6,24,78,792240678,Wrothgarian Mountains,29,-81,792.1875,-6.390625
Mountain,3,WOD_Mountain_06,793,2,67,86,793670286,Wrothgarian Mountains,-83,-73,793.5234375,-2.328125
Mountain,3,WOD_Mountain_08,800,4,123,119,80012304119,Wrothgarian Mountains,-73,-10,800.9609375,-4.0703125
Mountain,3,WOD_Mountain_09,805,9,76,70,805760970,Wrothgarian Mountains,117,-59,805.59375,-9.453125
Mountain,3,WOD_Mountain_01,795,12,32,127,7953212127,Wrothgarian Mountains,7,-90,795.25,-12.0078125
Mountain,3,WOD_Mountain_02,798,16,40,35,798401635,Wrothgarian Mountains,84,-27,798.3125,-16.7265625
Mountain,3,WOD_Mountain_04,812,12,50,47,812501247,Wrothgarian Mountains,-140,-75,812.390625,-12.6328125
Mountain,3,WOD_Mountain_05,810,5,127,13,8101270513,Wrothgarian Mountains,23,-92,810.9921875,-5.8984375
Mountain,3,WOD_Mountain_08,819,5,61,125,8196105125,Wrothgarian Mountains,140,-67,819.4765625,-5.0234375
Mountain,3,WOD_Mountain_09,783,5,102,19,7831020519,Wrothgarian Mountains,114,-71,783.796875,-5.8515625
Mountain,3,WOD_Mountain_01,798,9,116,73,7981160973,Wrothgarian Mountains,34,-24,798.90625,-9.4296875
Mountain,3,WOD_Mountain_02,809,8,99,8,809990808,Wrothgarian Mountains,-111,-79,809.7734375,-8.9375
Mountain,3,WOD_Mountain_04,826,2,33,59,826330259,Wrothgarian Mountains,15,-67,826.2578125,-2.5390625
Mountain,3,WOD_Mountain_05,823,1,1,15,823010115,Wrothgarian Mountains,89,-12,823.0078125,-1.8828125
Mountain,3,WOD_Mountain_06,830,4,37,110,8303704110,Wrothgarian Mountains,174,-61,830.2890625,-4.140625
Mountain,3,WOD_Mountain_07,822,13,23,13,822231313,Wrothgarian Mountains,37,-72,822.1796875,-13.8984375
Mountain,3,WOD_Mountain_08,820,16,18,86,820181686,Wrothgarian Mountains,-109,-62,820.140625,-16.328125
Mountain,3,WOD_Mountain_09,816,20,120,90,8161202090,Wrothgarian Mountains,-115,0,816.9375,-20.296875
Mountain,3,WOD_Mountain_01,819,19,110,116,81911019116,Wrothgarian Mountains,-4,-73,819.859375,-19.09375
Mountain,3,WOD_Mountain_02,829,11,31,110,8293111110,Wrothgarian Mountains,-140,-31,829.2421875,-11.140625
Mountain,3,WOD_Mountain_03,834,13,111,105,83411113105,Wrothgarian Mountains,82,-91,834.8671875,-13.1796875
Mountain,3,WOD_Mountain_04,835,5,74,125,8357405125,Wrothgarian Mountains,52,-11,835.578125,-5.0234375
Mountain,3,WOD_Mountain_05,841,1,83,51,841830151,Wrothgarian Mountains,92,-43,841.6484375,-1.6015625
Mountain,3,WOD_Mountain_01,854,7,106,127,85410607127,Wrothgarian Mountains,-120,-46,854.828125,-7.0078125
Mountain,3,WOD_Mountain_02,854,10,72,67,854721067,Wrothgarian Mountains,101,-97,854.5625,-10.4765625
Mountain,3,WOD_Mountain_03,857,10,26,38,857261038,Wrothgarian Mountains,55,-65,857.203125,-10.703125
Mountain,3,WOD_Mountain_04,862,6,28,27,862280627,Wrothgarian Mountains,-125,-91,862.21875,-6.7890625
Mountain,3,WOD_Mountain_05,864,6,27,27,864270627,Wrothgarian Mountains,29,-78,864.2109375,-6.7890625
Mountain,3,WOD_Mountain_06,869,4,50,118,8695004118,Wrothgarian Mountains,133,-94,869.390625,-4.078125
Mountain,3,WOD_Mountain_08,874,7,109,14,8741090714,Wrothgarian Mountains,-23,-17,874.8515625,-7.890625
Mountain,3,WOD_Mountain_09,873,10,116,87,8731161087,Wrothgarian Mountains,166,-17,873.90625,-10.3203125
Mountain,3,WOD_Mountain_01,868,14,122,42,8681221442,Wrothgarian Mountains,-101,-43,868.953125,-14.671875
Mountain,3,WOD_Mountain_02,870,18,84,109,8708418109,Wrothgarian Mountains,-149,-14,870.65625,-18.1484375
Mountain,3,WOD_Mountain_03,865,19,54,46,865541946,Wrothgarian Mountains,45,-46,865.421875,-19.640625
Mountain,3,WOD_Mountain_04,858,20,12,76,858122076,Wrothgarian Mountains,101,-37,858.09375,-20.40625
Mountain,3,WOD_Mountain_05,857,25,96,3,857962503,Wrothgarian Mountains,63,-16,857.75,-25.9765625
Mountain,3,WOD_Mountain_06,850,12,54,76,850541276,Wrothgarian Mountains,73,-32,850.421875,-12.40625
Mountain,3,WOD_Mountain_07,847,10,99,123,8479910123,Wrothgarian Mountains,-114,-86,847.7734375,-10.0390625
Mountain,3,WOD_Mountain_08,842,13,104,97,8421041397,Wrothgarian Mountains,55,-63,842.8125,-13.2421875
Mountain,3,WOD_Mountain_09,847,17,36,9,847361709,Wrothgarian Mountains,99,-35,847.28125,-17.9296875
Mountain,3,WOD_Mountain_01,849,16,47,58,849471658,Wrothgarian Mountains,-37,-34,849.3671875,-16.546875
Mountain,3,WOD_Mountain_02,849,15,83,106,8498315106,Wrothgarian Mountains,-51,-82,849.6484375,-15.171875
Mountain,3,WOD_Mountain_03,846,22,15,14,846152214,Wrothgarian Mountains,-156,-16,846.1171875,-22.890625
Mountain,3,WOD_Mountain_04,842,27,90,82,842902782,Wrothgarian Mountains,-175,-75,842.703125,-27.359375
Mountain,3,WOD_Mountain_05,845,24,45,87,845452487,Wrothgarian Mountains,127,0,845.3515625,-24.3203125
Mountain,3,WOD_Mountain_06,842,17,47,23,842471723,Wrothgarian Mountains,-121,-44,842.3671875,-17.8203125
Mountain,3,WOD_Mountain_07,863,24,41,79,863412479,Wrothgarian Mountains,-97,-67,863.3203125,-24.3828125
Mountain,3,WOD_Mountain_08,867,29,17,20,867172920,Wrothgarian Mountains,86,-1,867.1328125,-29.84375
Mountain,3,WOD_Mountain_09,869,27,106,5,8691062705,Wrothgarian Mountains,139,-9,869.828125,-27.9609375
Mountain,3,WOD_Mountain_01,861,19,100,18,8611001918,Wrothgarian Mountains,-107,-24,861.78125,-19.859375
Mountain,3,WOD_Mountain_02,860,20,45,90,860452090,Wrothgarian Mountains,-97,-33,860.3515625,-20.296875
Mountain,3,WOD_Mountain_03,863,17,105,3,8631051703,Wrothgarian Mountains,179,-50,863.8203125,-17.9765625
Mountain,3,WOD_Mountain_04,867,20,115,47,8671152047,Wrothgarian Mountains,102,-29,867.8984375,-20.6328125
Mountain,3,WOD_Mountain_05,876,15,51,64,876511564,Wrothgarian Mountains,-98,-53,876.3984375,-15.5
Mountain,3,WOD_Mountain_06,876,10,72,67,876721067,Wrothgarian Mountains,-52,-68,876.5625,-10.4765625
Mountain,3,WOD_Mountain_07,883,13,23,83,883231383,Wrothgarian Mountains,65,-77,883.1796875,-13.3515625
Mountain,3,WOD_Mountain_08,881,12,102,82,8811021282,Wrothgarian Mountains,108,-34,881.796875,-12.359375
Mountain,3,WOD_Mountain_09,884,7,45,110,8844507110,Wrothgarian Mountains,-106,-3,884.3515625,-7.140625
Mountain,3,WOD_Mountain_01,886,2,118,105,88611802105,Wrothgarian Mountains,23,-10,886.921875,-2.1796875
Mountain,3,WOD_Mountain_02,881,2,0,118,8810002118,Wrothgarian Mountains,-162,-7,881,-2.078125
Mountain,3,WOD_Mountain_04,888,2,52,83,888520283,Wrothgarian Mountains,-164,-87,888.40625,-2.3515625
Mountain,3,WOD_Mountain_05,891,3,41,27,891410327,Wrothgarian Mountains,15,-54,891.3203125,-3.7890625
Mountain,3,WOD_Mountain_07,897,6,1,72,897010672,Wrothgarian Mountains,156,-64,897.0078125,-6.4375
Mountain,3,WOD_Mountain_08,900,2,86,113,9008602113,Wrothgarian Mountains,-161,-22,900.671875,-2.1171875
Mountain,3,WOD_Mountain_02,904,4,124,6,9041240406,Wrothgarian Mountains,-150,-20,904.96875,-4.953125
Mountain,3,WOD_Mountain_04,906,2,22,36,906220236,Wrothgarian Mountains,79,-93,906.171875,-2.71875
Mountain,3,WOD_Mountain_05,908,6,120,90,9081200690,Wrothgarian Mountains,-126,-22,908.9375,-6.296875
Mountain,3,WOD_Mountain_07,903,11,115,28,9031151128,Wrothgarian Mountains,-6,-47,903.8984375,-11.78125
Mountain,3,WOD_Mountain_08,902,16,26,46,902261646,Wrothgarian Mountains,150,-57,902.203125,-16.640625
Mountain,3,WOD_Mountain_09,907,14,100,122,90710014122,Wrothgarian Mountains,54,-84,907.78125,-14.046875
Mountain,3,WOD_Mountain_01,912,5,67,97,912670597,Wrothgarian Mountains,-134,-57,912.5234375,-5.2421875
Mountain,3,WOD_Mountain_03,916,9,23,8,916230908,Wrothgarian Mountains,-79,-56,916.1796875,-9.9375
Mountain,3,WOD_Mountain_04,921,5,8,83,921080583,Wrothgarian Mountains,-85,-8,921.0625,-5.3515625
Mountain,3,WOD_Mountain_05,921,10,111,101,92111110101,Wrothgarian Mountains,130,-12,921.8671875,-10.2109375
Mountain,3,WOD_Mountain_06,919,2,13,113,9191302113,Wrothgarian Mountains,62,-64,919.1015625,-2.1171875
Mountain,3,WOD_Mountain_08,930,1,8,74,930080174,Wrothgarian Mountains,-115,-58,930.0625,-1.421875
Mountain,3,WOD_Mountain_09,931,4,115,111,93111504111,Wrothgarian Mountains,-151,-33,931.8984375,-4.1328125
Mountain,3,WOD_Mountain_01,930,6,26,5,930260605,Wrothgarian Mountains,56,-49,930.203125,-6.9609375
Mountain,3,WOD_Mountain_02,932,10,5,44,932051044,Wrothgarian Mountains,138,-6,932.0390625,-10.65625
Mountain,3,WOD_Mountain_03,924,6,114,69,9241140669,Wrothgarian Mountains,-62,-77,924.890625,-6.4609375
Mountain,3,WOD_Mountain_04,936,7,95,56,936950756,Wrothgarian Mountains,-29,-59,936.7421875,-7.5625
Mountain,3,WOD_Mountain_05,939,3,23,104,9392303104,Wrothgarian Mountains,126,-31,939.1796875,-3.1875
Mountain,3,WOD_Mountain_06,937,4,54,109,9375404109,Wrothgarian Mountains,129,-22,937.421875,-4.1484375
Mountain,3,WOD_Mountain_07,943,4,4,93,943040493,Wrothgarian Mountains,-84,-64,943.03125,-4.2734375
Mountain,3,WOD_Mountain_08,949,2,93,44,949930244,Wrothgarian Mountains,159,-13,949.7265625,-2.65625
Mountain,3,WOD_Mountain_01,943,1,123,24,9431230124,Wrothgarian Mountains,-155,-50,943.9609375,-1.8125
Mountain,3,WOD_Mountain_02,952,5,64,15,952640515,Wrothgarian Mountains,-11,-43,952.5,-5.8828125
Mountain,3,WOD_Mountain_03,957,2,91,78,957910278,Wrothgarian Mountains,-130,-39,957.7109375,-2.390625
Mountain,3,WOD_Mountain_04,959,7,36,115,9593607115,Wrothgarian Mountains,8,-47,959.28125,-7.1015625
Mountain,3,WOD_Mountain_05,957,9,44,114,9574409114,Wrothgarian Mountains,174,-47,957.34375,-9.109375
Mountain,3,WOD_Mountain_06,963,6,93,24,963930624,Wrothgarian Mountains,-105,-64,963.7265625,-6.8125
Mountain,3,WOD_Mountain_08,969,5,104,10,9691040510,Wrothgarian Mountains,-71,-62,969.8125,-5.921875
Mountain,3,WOD_Mountain_09,967,10,127,41,9671271041,Wrothgarian Mountains,169,-87,967.9921875,-10.6796875
Mountain,3,WOD_Mountain_01,972,9,122,29,9721220929,Wrothgarian Mountains,88,-30,972.953125,-9.7734375
Mountain,3,WOD_Mountain_02,976,7,58,93,976580793,Wrothgarian Mountains,-28,-80,976.453125,-7.2734375
Mountain,3,WOD_Mountain_04,981,2,15,108,9811502108,Wrothgarian Mountains,156,-84,981.1171875,-2.15625
Mountain,3,WOD_Mountain_06,980,13,104,38,9801041338,Wrothgarian Mountains,-149,-26,980.8125,-13.703125
Mountain,3,WOD_Mountain_07,977,12,49,54,977491254,Wrothgarian Mountains,148,-2,977.3828125,-12.578125
Mountain,3,WOD_Mountain_08,986,2,59,58,986590258,Wrothgarian Mountains,-2,-81,986.4609375,-2.546875
Mountain,3,WOD_Mountain_09,986,7,35,27,986350727,Wrothgarian Mountains,-9,-69,986.2734375,-7.7890625
Mountain,3,WOD_Mountain_01,984,2,20,123,9842002123,Wrothgarian Mountains,57,-23,984.15625,-2.0390625
Mountain,3,WOD_Mountain_02,992,1,10,17,992100117,Wrothgarian Mountains,-74,-53,992.078125,-1.8671875
Mountain,3,WOD_Mountain_03,995,4,109,109,99510904109,Wrothgarian Mountains,83,-60,995.8515625,-4.1484375
Mountain,3,WOD_Mountain_04,996,9,63,119,9966309119,Wrothgarian Mountains,160,-65,996.4921875,-9.0703125
Mountain,3,WOD_Mountain_05,993,10,127,81,9931271081,Wrothgarian Mountains,80,-29,993.9921875,-10.3671875
Mountain,3,WOD_Mountain_06,991,11,46,108,9914611108,Wrothgarian Mountains,-10,-88,991.359375,-11.15625
Mountain,3,WOD_Mountain_07,990,16,116,110,99011616110,Wrothgarian Mountains,139,-38,990.90625,-16.140625
Mountain,3,WOD_Mountain_08,993,17,124,119,99312417119,Wrothgarian Mountains,-135,-34,993.96875,-17.0703125
Mountain,3,WOD_Mountain_09,997,15,120,29,9971201529,Wrothgarian Mountains,9,-55,997.9375,-15.7734375
Mountain,3,WOD_Mountain_01,975,17,101,79,9751011779,Wrothgarian Mountains,111,-27,975.7890625,-17.3828125
Mountain,3,WOD_Mountain_02,978,19,64,110,9786419110,Wrothgarian Mountains,-39,-53,978.5,-19.140625
Mountain,3,WOD_Mountain_03,980,22,96,38,980962238,Wrothgarian Mountains,-60,-16,980.75,-22.703125
Mountain,3,WOD_Mountain_04,979,25,50,23,979502523,Wrothgarian Mountains,61,-32,979.390625,-25.8203125
Mountain,3,WOD_Mountain_05,975,26,27,37,975272637,Wrothgarian Mountains,68,-71,975.2109375,-26.7109375
Mountain,3,WOD_Mountain_06,971,22,123,18,9711232218,Wrothgarian Mountains,-159,-8,971.9609375,-22.859375
Mountain,3,WOD_Mountain_07,971,25,120,38,9711202538,Wrothgarian Mountains,-102,-50,971.9375,-25.703125
Mountain,3,WOD_Mountain_08,971,18,41,116,9714118116,Wrothgarian Mountains,20,-83,971.3203125,-18.09375
Mountain,3,WOD_Mountain_09,965,19,123,81,9651231981,Wrothgarian Mountains,57,-20,965.9609375,-19.3671875
Mountain,3,WOD_Mountain_01,965,14,95,82,965951482,Wrothgarian Mountains,-23,-23,965.7421875,-14.359375
Mountain,3,WOD_Mountain_02,961,14,74,127,9617414127,Wrothgarian Mountains,13,-87,961.578125,-14.0078125
Mountain,3,WOD_Mountain_04,965,23,23,109,9652323109,Wrothgarian Mountains,8,-63,965.1796875,-23.1484375
Mountain,3,WOD_Mountain_05,958,25,82,120,9588225120,Wrothgarian Mountains,138,-51,958.640625,-25.0625
Mountain,3,WOD_Mountain_06,958,19,77,76,958771976,Wrothgarian Mountains,150,-59,958.6015625,-19.40625
Mountain,3,WOD_Mountain_07,954,22,59,118,9545922118,Wrothgarian Mountains,56,-90,954.4609375,-22.078125
Mountain,3,WOD_Mountain_08,952,20,93,10,952932010,Wrothgarian Mountains,108,-92,952.7265625,-20.921875
Mountain,3,WOD_Mountain_09,950,17,87,122,9508717122,Wrothgarian Mountains,-174,-13,950.6796875,-17.046875
Mountain,3,WOD_Mountain_01,950,16,23,93,950231693,Wrothgarian Mountains,80,-50,950.1796875,-16.2734375
Mountain,3,WOD_Mountain_02,954,14,83,122,9548314122,Wrothgarian Mountains,71,-13,954.6484375,-14.046875
Mountain,3,WOD_Mountain_03,956,14,127,116,95612714116,Wrothgarian Mountains,143,-14,956.9921875,-14.09375
Mountain,3,WOD_Mountain_04,953,8,8,87,953080887,Wrothgarian Mountains,147,-50,953.0625,-8.3203125
Mountain,3,WOD_Mountain_05,942,13,65,96,942651396,Wrothgarian Mountains,-156,-61,942.5078125,-13.25
Mountain,3,WOD_Mountain_06,936,19,65,41,936651941,Wrothgarian Mountains,-88,-3,936.5078125,-19.6796875
Mountain,3,WOD_Mountain_07,946,21,125,91,9461252191,Wrothgarian Mountains,64,-73,946.9765625,-21.2890625
Mountain,3,WOD_Mountain_08,935,24,122,83,9351222483,Wrothgarian Mountains,39,-24,935.953125,-24.3515625
Mountain,3,WOD_Mountain_09,947,7,5,61,947050761,Wrothgarian Mountains,165,-67,947.0390625,-7.5234375
Mountain,3,WOD_Mountain_01,932,18,56,24,932561824,Wrothgarian Mountains,-179,-5,932.4375,-18.8125
Mountain,3,WOD_Mountain_02,931,22,9,118,9310922118,Wrothgarian Mountains,81,-58,931.0703125,-22.078125
Mountain,3,WOD_Mountain_03,927,21,13,59,927132159,Wrothgarian Mountains,21,-44,927.1015625,-21.5390625
Mountain,3,WOD_Mountain_05,938,29,109,77,9381092977,Wrothgarian Mountains,-70,-28,938.8515625,-29.3984375
Mountain,3,WOD_Mountain_06,946,29,44,93,946442993,Wrothgarian Mountains,-175,-58,946.34375,-29.2734375
Mountain,3,WOD_Mountain_07,944,29,50,93,944502993,Wrothgarian Mountains,11,-65,944.390625,-29.2734375
Mountain,3,WOD_Mountain_08,947,32,127,5,9471273205,Wrothgarian Mountains,-46,-64,947.9921875,-32.9609375
Mountain,3,WOD_Mountain_09,951,28,96,65,951962865,Wrothgarian Mountains,142,-96,951.75,-28.4921875
Mountain,3,WOD_Mountain_01,957,32,101,47,9571013247,Wrothgarian Mountains,-26,-34,957.7890625,-32.6328125
Mountain,3,WOD_Mountain_02,957,30,118,78,9571183078,Wrothgarian Mountains,162,-45,957.921875,-30.390625
Mountain,3,WOD_Mountain_03,960,32,125,42,9601253242,Wrothgarian Mountains,-140,-49,960.9765625,-32.671875
Mountain,3,WOD_Mountain_04,964,32,95,27,964953227,Wrothgarian Mountains,113,-81,964.7421875,-32.7890625
Mountain,3,WOD_Mountain_05,971,38,125,37,9711253837,Wrothgarian Mountains,47,-88,971.9765625,-38.7109375
Mountain,3,WOD_Mountain_06,966,38,46,0,966463800,Wrothgarian Mountains,-169,-57,966.359375,-39
Mountain,3,WOD_Mountain_07,963,41,12,72,963124172,Wrothgarian Mountains,-71,-85,963.09375,-41.4375
Mountain,3,WOD_Mountain_08,958,39,42,23,958423923,Wrothgarian Mountains,12,-80,958.328125,-39.8203125
Mountain,3,WOD_Mountain_09,953,37,90,10,953903710,Wrothgarian Mountains,-41,-31,953.703125,-37.921875
Mountain,3,WOD_Mountain_01,949,40,125,77,9491254077,Wrothgarian Mountains,11,-92,949.9765625,-40.3984375
Mountain,3,WOD_Mountain_02,945,37,1,127,9450137127,Wrothgarian Mountains,-72,-69,945.0078125,-37.0078125
Mountain,3,WOD_Mountain_03,953,43,47,64,953474364,Wrothgarian Mountains,-78,-25,953.3671875,-43.5
Mountain,3,WOD_Mountain_04,947,49,90,101,9479049101,Wrothgarian Mountains,4,-66,947.703125,-49.2109375
Mountain,3,WOD_Mountain_05,950,50,77,96,950775096,Wrothgarian Mountains,-49,-34,950.6015625,-50.25
Mountain,3,WOD_Mountain_06,958,53,32,68,958325368,Wrothgarian Mountains,121,-4,958.25,-53.46875
Mountain,3,WOD_Mountain_07,959,44,52,118,9595244118,Wrothgarian Mountains,-161,-80,959.40625,-44.078125
Mountain,3,WOD_Mountain_08,963,54,17,90,963175490,Wrothgarian Mountains,-164,-14,963.1328125,-54.296875
Mountain,3,WOD_Mountain_09,954,57,120,65,9541205765,Wrothgarian Mountains,-105,-91,954.9375,-57.4921875
Mountain,3,WOD_Mountain_01,949,53,114,14,9491145314,Wrothgarian Mountains,-1,-31,949.890625,-53.890625
Mountain,3,WOD_Mountain_02,942,47,83,68,942834768,Wrothgarian Mountains,-47,-57,942.6484375,-47.46875
Mountain,3,WOD_Mountain_03,935,42,127,68,9351274268,Wrothgarian Mountains,163,-26,935.9921875,-42.46875
Mountain,3,WOD_Mountain_04,933,44,114,101,93311444101,Wrothgarian Mountains,37,-18,933.890625,-44.2109375
Mountain,3,WOD_Mountain_05,931,47,26,68,931264768,Wrothgarian Mountains,74,-46,931.203125,-47.46875
Mountain,3,WOD_Mountain_06,935,49,106,0,9351064900,Wrothgarian Mountains,-57,-28,935.828125,-50
Mountain,3,WOD_Mountain_07,934,54,12,52,934125452,Wrothgarian Mountains,-99,-29,934.09375,-54.59375
Mountain,3,WOD_Mountain_08,935,52,37,19,935375219,Wrothgarian Mountains,71,-88,935.2890625,-52.8515625
Mountain,3,WOD_Mountain_09,925,44,4,49,925044449,Wrothgarian Mountains,-121,-64,925.03125,-44.6171875
Mountain,3,WOD_Mountain_01,926,36,83,14,926833614,Wrothgarian Mountains,10,-95,926.6484375,-36.890625
Mountain,3,WOD_Mountain_02,923,34,113,124,92311334124,Wrothgarian Mountains,116,-96,923.8828125,-34.03125
Mountain,3,WOD_Mountain_03,917,41,38,115,9173841115,Wrothgarian Mountains,26,-60,917.296875,-41.1015625
Mountain,3,WOD_Mountain_04,912,34,42,55,912423455,Wrothgarian Mountains,23,-24,912.328125,-34.5703125
Mountain,3,WOD_Mountain_05,917,26,70,32,917702632,Wrothgarian Mountains,-2,-54,917.546875,-26.75
Mountain,3,WOD_Mountain_06,916,22,70,28,916702228,Wrothgarian Mountains,-141,-18,916.546875,-22.78125
Mountain,3,WOD_Mountain_07,919,22,95,55,919952255,Wrothgarian Mountains,-169,-72,919.7421875,-22.5703125
Mountain,3,WOD_Mountain_08,918,16,79,65,918791665,Wrothgarian Mountains,-37,0,918.6171875,-16.4921875
Mountain,3,WOD_Mountain_09,908,22,36,123,9083622123,Wrothgarian Mountains,17,-64,908.28125,-22.0390625
Mountain,3,WOD_Mountain_01,908,27,120,59,9081202759,Wrothgarian Mountains,-59,-30,908.9375,-27.5390625
Mountain,3,WOD_Mountain_02,897,23,88,8,897882308,Wrothgarian Mountains,109,-43,897.6875,-23.9375
Mountain,3,WOD_Mountain_03,897,16,120,38,8971201638,Wrothgarian Mountains,43,-87,897.9375,-16.703125
Mountain,3,WOD_Mountain_04,892,17,72,72,892721772,Wrothgarian Mountains,22,-69,892.5625,-17.4375
Mountain,3,WOD_Mountain_05,891,22,36,102,8913622102,Wrothgarian Mountains,-127,-7,891.28125,-22.203125
Mountain,3,WOD_Mountain_06,893,24,8,67,893082467,Wrothgarian Mountains,-10,-26,893.0625,-24.4765625
Mountain,3,WOD_Mountain_07,895,25,37,10,895372510,Wrothgarian Mountains,-10,-58,895.2890625,-25.921875
Mountain,3,WOD_Mountain_08,901,28,84,38,901842838,Wrothgarian Mountains,25,-33,901.65625,-28.703125
Mountain,3,WOD_Mountain_09,889,28,111,38,8891112838,Wrothgarian Mountains,81,-62,889.8671875,-28.703125
Mountain,3,WOD_Mountain_01,886,22,120,92,8861202292,Wrothgarian Mountains,45,-20,886.9375,-22.28125
Mountain,3,WOD_Mountain_02,889,20,37,95,889372095,Wrothgarian Mountains,-108,-69,889.2890625,-20.2578125
Mountain,3,WOD_Mountain_03,888,14,86,42,888861442,Wrothgarian Mountains,-65,-16,888.671875,-14.671875
Mountain,3,WOD_Mountain_04,880,24,4,41,880042441,Wrothgarian Mountains,-141,-11,880.03125,-24.6796875
Mountain,3,WOD_Mountain_05,836,21,72,111,8367221111,Wrothgarian Mountains,-108,-26,836.5625,-21.1328125
Mountain,3,WOD_Mountain_06,836,18,23,109,8362318109,Wrothgarian Mountains,-169,-97,836.1796875,-18.1484375
Mountain,3,WOD_Mountain_07,831,22,13,113,8311322113,Wrothgarian Mountains,-40,-83,831.1015625,-22.1171875
Mountain,3,WOD_Mountain_08,827,25,111,68,8271112568,Wrothgarian Mountains,75,-89,827.8671875,-25.46875
Mountain,3,WOD_Mountain_09,823,28,59,38,823592838,Wrothgarian Mountains,-60,-48,823.4609375,-28.703125
Mountain,3,WOD_Mountain_01,832,27,74,46,832742746,Wrothgarian Mountains,38,-6,832.578125,-27.640625
Mountain,3,WOD_Mountain_02,824,25,67,100,8246725100,Wrothgarian Mountains,-47,-85,824.5234375,-25.21875
Mountain,3,WOD_Mountain_03,820,25,22,4,820222504,Wrothgarian Mountains,-101,-21,820.171875,-25.96875
Mountain,3,WOD_Mountain_04,818,29,96,64,818962964,Wrothgarian Mountains,-32,-35,818.75,-29.5
Mountain,3,WOD_Mountain_05,818,38,128,120,81812838120,Wrothgarian Mountains,115,-25,819,-38.0625
Mountain,3,WOD_Mountain_06,816,35,42,29,816423529,Wrothgarian Mountains,161,-76,816.328125,-35.7734375
Mountain,3,WOD_Mountain_07,814,33,91,100,8149133100,Wrothgarian Mountains,156,-85,814.7109375,-33.21875
Mountain,3,WOD_Mountain_08,814,39,51,41,814513941,Wrothgarian Mountains,165,-49,814.3984375,-39.6796875
Mountain,3,WOD_Mountain_09,812,38,78,128,8127838128,Wrothgarian Mountains,128,-23,812.609375,-38
Mountain,3,WOD_Mountain_01,808,32,73,31,808733231,Wrothgarian Mountains,151,-28,808.5703125,-32.7578125
Mountain,3,WOD_Mountain_02,809,25,1,0,809012500,Wrothgarian Mountains,-106,-85,809.0078125,-26
Mountain,3,WOD_Mountain_03,808,26,86,17,808862617,Wrothgarian Mountains,-170,-3,808.671875,-26.8671875
Mountain,3,WOD_Mountain_04,810,21,51,124,8105121124,Wrothgarian Mountains,11,-81,810.3984375,-21.03125
Mountain,3,WOD_Mountain_05,807,21,118,81,8071182181,Wrothgarian Mountains,-45,-54,807.921875,-21.3671875
Mountain,3,WOD_Mountain_06,802,26,123,13,8021232613,Wrothgarian Mountains,-157,-18,802.9609375,-26.8984375
Mountain,3,WOD_Mountain_07,800,24,88,36,800882436,Wrothgarian Mountains,15,-92,800.6875,-24.71875
Mountain,3,WOD_Mountain_08,797,25,104,44,7971042544,Wrothgarian Mountains,138,-3,797.8125,-25.65625
Mountain,3,WOD_Mountain_09,799,31,109,93,7991093193,Wrothgarian Mountains,-145,-96,799.8515625,-31.2734375
Mountain,3,WOD_Mountain_01,800,27,56,35,800562735,Wrothgarian Mountains,157,-47,800.4375,-27.7265625
Mountain,3,WOD_Mountain_02,792,22,77,1,792772201,Wrothgarian Mountains,-131,-97,792.6015625,-22.9921875
Mountain,3,WOD_Mountain_03,786,30,3,116,7860330116,Wrothgarian Mountains,-64,-96,786.0234375,-30.09375
Mountain,3,WOD_Mountain_04,788,31,49,29,788493129,Wrothgarian Mountains,-139,-98,788.3828125,-31.7734375
Mountain,3,WOD_Mountain_06,777,38,63,17,777633817,Wrothgarian Mountains,-121,-10,777.4921875,-38.8671875
Mountain,3,WOD_Mountain_07,775,21,13,84,775132184,Wrothgarian Mountains,-174,-59,775.1015625,-21.34375
Mountain,3,WOD_Mountain_08,773,18,110,101,77311018101,Wrothgarian Mountains,-37,-88,773.859375,-18.2109375
Mountain,3,WOD_Mountain_09,773,15,6,27,773061527,Wrothgarian Mountains,66,-14,773.046875,-15.7890625
Mountain,3,WOD_Mountain_01,769,25,105,115,76910525115,Wrothgarian Mountains,126,-55,769.8203125,-25.1015625
Mountain,3,WOD_Mountain_02,772,27,8,6,772082706,Wrothgarian Mountains,42,-49,772.0625,-27.953125
Mountain,3,WOD_Mountain_03,776,28,40,63,776402863,Wrothgarian Mountains,-153,-91,776.3125,-28.5078125
Mountain,3,WOD_Mountain_04,770,20,77,23,770772023,Wrothgarian Mountains,0,-80,770.6015625,-20.8203125
Mountain,3,WOD_Mountain_05,761,19,18,59,761181959,Wrothgarian Mountains,-136,-79,761.140625,-19.5390625
Mountain,3,WOD_Mountain_06,757,22,120,5,7571202205,Wrothgarian Mountains,87,-42,757.9375,-22.9609375
Mountain,3,WOD_Mountain_07,756,24,42,70,756422470,Wrothgarian Mountains,133,-73,756.328125,-24.453125
Mountain,3,WOD_Mountain_08,746,11,47,27,746471127,Wrothgarian Mountains,58,-69,746.3671875,-11.7890625
Mountain,3,WOD_Mountain_09,752,32,26,102,7522632102,Wrothgarian Mountains,-28,-21,752.203125,-32.203125
Mountain,3,WOD_Mountain_01,750,30,83,33,750833033,Wrothgarian Mountains,15,-35,750.6484375,-30.7421875
Mountain,3,WOD_Mountain_02,756,32,61,51,756613251,Wrothgarian Mountains,29,-22,756.4765625,-32.6015625
Mountain,3,WOD_Mountain_03,760,32,78,114,7607832114,Wrothgarian Mountains,-93,-83,760.609375,-32.109375
Mountain,3,WOD_Mountain_06,765,34,82,88,765823488,Wrothgarian Mountains,0,0,765.640625,-34.3125
Mountain,3,WOD_Mountain_05,759,38,83,9,759833809,Wrothgarian Mountains,113,-91,759.6484375,-38.9296875
Mountain,3,WOD_Mountain_06,756,37,22,95,756223795,Wrothgarian Mountains,25,-30,756.171875,-37.2578125
Mountain,3,WOD_Mountain_07,753,36,81,114,7538136114,Wrothgarian Mountains,18,-38,753.6328125,-36.109375
Mountain,3,WOD_Mountain_08,753,40,52,101,7535240101,Wrothgarian Mountains,-33,-96,753.40625,-40.2109375
Mountain,3,WOD_Mountain_09,771,43,100,88,7711004388,Wrothgarian Mountains,141,-67,771.78125,-43.3125
Mountain,3,WOD_Mountain_01,776,40,79,27,776794027,Wrothgarian Mountains,118,-73,776.6171875,-40.7890625
Mountain,3,WOD_Mountain_02,763,47,127,60,7631274760,Wrothgarian Mountains,123,-56,763.9921875,-47.53125
Mountain,3,WOD_Mountain_03,761,49,109,10,7611094910,Wrothgarian Mountains,-168,-18,761.8515625,-49.921875
Mountain,3,WOD_Mountain_06,765,50,29,4,765295004,Wrothgarian Mountains,52,-49,765.2265625,-50.96875
Mountain,3,WOD_Mountain_05,765,43,113,81,7651134381,Wrothgarian Mountains,-96,-65,765.8828125,-43.3671875
Mountain,3,WOD_Mountain_06,753,46,45,123,7534546123,Wrothgarian Mountains,-170,-32,753.3515625,-46.0390625
Mountain,3,WOD_Mountain_07,747,49,104,120,74710449120,Wrothgarian Mountains,-54,-38,747.8125,-49.0625
Mountain,3,WOD_Mountain_08,752,49,118,35,7521184935,Wrothgarian Mountains,-16,-87,752.921875,-49.7265625
Mountain,3,WOD_Mountain_09,745,50,1,36,745015036,Wrothgarian Mountains,180,-9,745.0078125,-50.71875
Mountain,3,WOD_Mountain_01,760,54,114,44,7601145444,Wrothgarian Mountains,-72,-49,760.890625,-54.65625
Mountain,3,WOD_Mountain_03,764,57,31,22,764315722,Wrothgarian Mountains,-46,-32,764.2421875,-57.828125
Mountain,3,WOD_Mountain_06,757,56,49,29,757495629,Wrothgarian Mountains,70,-9,757.3828125,-56.7734375
Mountain,3,WOD_Mountain_05,753,53,49,93,753495393,Wrothgarian Mountains,-62,-57,753.3828125,-53.2734375
Mountain,3,WOD_Mountain_06,756,45,106,59,7561064559,Wrothgarian Mountains,-172,-60,756.828125,-45.5390625
Mountain,3,WOD_Mountain_07,747,55,42,111,7474255111,Wrothgarian Mountains,-31,-78,747.328125,-55.1328125
Mountain,3,WOD_Mountain_08,755,63,59,95,755596395,Wrothgarian Mountains,78,-54,755.4609375,-63.2578125
Mountain,3,WOD_Mountain_09,763,64,28,56,763286456,Wrothgarian Mountains,-85,-34,763.21875,-64.5625
Mountain,3,WOD_Mountain_01,768,67,55,76,768556776,Wrothgarian Mountains,-95,-32,768.4296875,-67.40625
Mountain,3,WOD_Mountain_02,768,63,102,24,7681026324,Wrothgarian Mountains,89,-23,768.796875,-63.8125
Mountain,3,WOD_Mountain_03,774,51,88,45,774885145,Wrothgarian Mountains,-158,-7,774.6875,-51.6484375
Mountain,3,WOD_Mountain_06,775,47,10,104,7751047104,Wrothgarian Mountains,-73,-18,775.078125,-47.1875
Mountain,3,WOD_Mountain_05,780,50,18,28,780185028,Wrothgarian Mountains,142,-79,780.140625,-50.78125
Mountain,3,WOD_Mountain_06,777,51,46,10,777465110,Wrothgarian Mountains,-157,-29,777.359375,-51.921875
Mountain,3,WOD_Mountain_07,785,48,37,61,785374861,Wrothgarian Mountains,171,-72,785.2890625,-48.5234375
Mountain,3,WOD_Mountain_08,787,45,83,110,7878345110,Wrothgarian Mountains,-67,-60,787.6484375,-45.140625
Mountain,3,WOD_Mountain_09,784,44,118,22,7841184422,Wrothgarian Mountains,81,-93,784.921875,-44.828125
Mountain,3,WOD_Mountain_01,788,40,86,14,788864014,Wrothgarian Mountains,-97,-19,788.671875,-40.890625
Mountain,3,WOD_Mountain_02,792,40,6,114,7920640114,Wrothgarian Mountains,-49,-37,792.046875,-40.109375
Mountain,3,WOD_Mountain_03,796,40,19,14,796194014,Wrothgarian Mountains,-31,-86,796.1484375,-40.890625
Mountain,3,WOD_Mountain_06,795,38,8,20,795083820,Wrothgarian Mountains,137,-66,795.0625,-38.84375
Mountain,3,WOD_Mountain_05,805,44,27,93,805274493,Wrothgarian Mountains,-47,-69,805.2109375,-44.2734375
Mountain,3,WOD_Mountain_06,794,47,77,124,7947747124,Wrothgarian Mountains,11,-76,794.6015625,-47.03125
Mountain,3,WOD_Mountain_07,789,51,113,56,7891135156,Wrothgarian Mountains,93,-22,789.8828125,-51.5625
Mountain,3,WOD_Mountain_08,788,49,42,46,788424946,Wrothgarian Mountains,105,-66,788.328125,-49.640625
Mountain,3,WOD_Mountain_09,799,54,24,72,799245472,Wrothgarian Mountains,-157,-65,799.1875,-54.4375
Mountain,3,WOD_Mountain_01,801,50,82,83,801825083,Wrothgarian Mountains,-83,-82,801.640625,-50.3515625
Mountain,3,WOD_Mountain_02,800,48,91,29,800914829,Wrothgarian Mountains,-126,-100,800.7109375,-48.7734375
Mountain,3,WOD_Mountain_03,807,47,120,20,8071204720,Wrothgarian Mountains,-19,-22,807.9375,-47.84375
Mountain,3,WOD_Mountain_06,806,46,101,76,8061014676,Wrothgarian Mountains,-172,-40,806.7890625,-46.40625
Mountain,3,WOD_Mountain_05,812,46,104,12,8121044612,Wrothgarian Mountains,180,-10,812.8125,-46.90625
Mountain,3,WOD_Mountain_06,817,46,67,51,817674651,Wrothgarian Mountains,-172,-20,817.5234375,-46.6015625
Mountain,3,WOD_Mountain_07,818,50,10,76,818105076,Wrothgarian Mountains,-106,-38,818.078125,-50.40625
Mountain,3,WOD_Mountain_08,817,48,74,82,817744882,Wrothgarian Mountains,-129,-80,817.578125,-48.359375
Mountain,3,WOD_Mountain_09,821,45,106,47,8211064547,Wrothgarian Mountains,-133,-84,821.828125,-45.6328125
Mountain,3,WOD_Mountain_01,824,43,72,88,824724388,Wrothgarian Mountains,150,-28,824.5625,-43.3125
Mountain,3,WOD_Mountain_02,824,41,92,15,824924115,Wrothgarian Mountains,141,-8,824.71875,-41.8828125
Mountain,3,WOD_Mountain_03,828,34,37,20,828373420,Wrothgarian Mountains,127,-21,828.2890625,-34.84375
Mountain,3,WOD_Mountain_06,831,35,69,90,831693590,Wrothgarian Mountains,107,-3,831.5390625,-35.296875
Mountain,3,WOD_Mountain_05,835,32,93,70,835933270,Wrothgarian Mountains,-162,-60,835.7265625,-32.453125
Mountain,3,WOD_Mountain_06,838,37,119,108,83811937108,Wrothgarian Mountains,84,-42,838.9296875,-37.15625
Mountain,3,WOD_Mountain_07,836,41,97,40,836974140,Wrothgarian Mountains,55,-54,836.7578125,-41.6875
Mountain,3,WOD_Mountain_08,827,47,125,52,8271254752,Wrothgarian Mountains,-45,-82,827.9765625,-47.59375
Mountain,3,WOD_Mountain_09,874,28,41,45,874412845,Wrothgarian Mountains,-93,-79,874.3203125,-28.6484375
Mountain,3,WOD_Mountain_01,877,30,44,125,8774430125,Wrothgarian Mountains,99,-7,877.34375,-30.0234375
Mountain,3,WOD_Mountain_02,879,27,88,33,879882733,Wrothgarian Mountains,9,-66,879.6875,-27.7421875
Mountain,3,WOD_Mountain_03,881,35,50,104,8815035104,Wrothgarian Mountains,4,-46,881.390625,-35.1875
Mountain,3,WOD_Mountain_06,885,37,19,26,885193726,Wrothgarian Mountains,126,-80,885.1484375,-37.796875
Mountain,3,WOD_Mountain_05,893,37,6,111,8930637111,Wrothgarian Mountains,170,-74,893.046875,-37.1328125
Mountain,3,WOD_Mountain_06,888,42,59,58,888594258,Wrothgarian Mountains,103,-62,888.4609375,-42.546875
Mountain,3,WOD_Mountain_07,880,41,99,78,880994178,Wrothgarian Mountains,-115,-36,880.7734375,-41.390625
Mountain,3,WOD_Mountain_08,876,38,97,74,876973874,Wrothgarian Mountains,-173,-22,876.7578125,-38.421875
Mountain,3,WOD_Mountain_09,871,33,69,17,871693317,Wrothgarian Mountains,-141,-14,871.5390625,-33.8671875
Mountain,3,WOD_Mountain_01,869,41,87,109,8698741109,Wrothgarian Mountains,20,-76,869.6796875,-41.1484375
Mountain,3,WOD_Mountain_02,872,43,69,101,8726943101,Wrothgarian Mountains,-92,-96,872.5390625,-43.2109375
Mountain,3,WOD_Mountain_03,866,38,32,6,866323806,Wrothgarian Mountains,135,-85,866.25,-38.953125
Mountain,3,WOD_Mountain_06,860,36,111,78,8601113678,Wrothgarian Mountains,62,-29,860.8671875,-36.390625
Mountain,3,WOD_Mountain_05,861,37,52,37,861523737,Wrothgarian Mountains,-32,-3,861.40625,-37.7109375
Mountain,3,WOD_Mountain_06,865,46,86,114,8658646114,Wrothgarian Mountains,127,-36,865.671875,-46.109375
Mountain,3,WOD_Mountain_07,860,45,17,70,860174570,Wrothgarian Mountains,-58,-41,860.1328125,-45.453125
Mountain,3,WOD_Mountain_08,852,42,104,36,8521044236,Wrothgarian Mountains,-122,-64,852.8125,-42.71875
Mountain,3,WOD_Mountain_09,852,34,35,124,8523534124,Wrothgarian Mountains,-166,-44,852.2734375,-34.03125
Mountain,3,WOD_Mountain_01,848,46,96,92,848964692,Wrothgarian Mountains,172,-99,848.75,-46.28125
Mountain,3,WOD_Mountain_02,844,52,31,72,844315272,Wrothgarian Mountains,54,-17,844.2421875,-52.4375
Mountain,3,WOD_Mountain_03,846,55,104,91,8461045591,Wrothgarian Mountains,171,-10,846.8125,-55.2890625
Mountain,3,WOD_Mountain_06,850,56,36,113,8503656113,Wrothgarian Mountains,-87,-1,850.28125,-56.1171875
Mountain,3,WOD_Mountain_05,855,55,10,86,855105586,Wrothgarian Mountains,-162,-53,855.078125,-55.328125
Mountain,3,WOD_Mountain_06,859,54,12,63,859125463,Wrothgarian Mountains,118,-6,859.09375,-54.5078125
Mountain,3,WOD_Mountain_07,858,45,40,28,858404528,Wrothgarian Mountains,-18,-25,858.3125,-45.78125
Mountain,3,WOD_Mountain_08,860,55,128,17,8601285517,Wrothgarian Mountains,-130,-93,861,-55.8671875
Mountain,3,WOD_Mountain_09,865,58,49,14,865495814,Wrothgarian Mountains,18,-95,865.3828125,-58.890625
Mountain,3,WOD_Mountain_01,866,53,84,46,866845346,Wrothgarian Mountains,-21,-82,866.65625,-53.640625
Mountain,3,WOD_Mountain_02,878,56,58,70,878585670,Wrothgarian Mountains,-109,-27,878.453125,-56.453125
Mountain,3,WOD_Mountain_03,882,55,65,96,882655596,Wrothgarian Mountains,-150,-73,882.5078125,-55.25
Mountain,3,WOD_Mountain_06,891,52,104,104,89110452104,Wrothgarian Mountains,102,-4,891.8125,-52.1875
Mountain,3,WOD_Mountain_05,893,57,18,114,8931857114,Wrothgarian Mountains,52,-62,893.140625,-57.109375
Mountain,3,WOD_Mountain_06,900,55,64,116,9006455116,Wrothgarian Mountains,105,-37,900.5,-55.09375
Mountain,3,WOD_Mountain_07,907,45,105,60,9071054560,Wrothgarian Mountains,38,-23,907.8203125,-45.53125
Mountain,3,WOD_Mountain_08,911,48,118,73,9111184873,Wrothgarian Mountains,9,-6,911.921875,-48.4296875
Mountain,3,WOD_Mountain_09,901,40,5,8,901054008,Wrothgarian Mountains,128,-39,901.0390625,-40.9375
Mountain,3,WOD_Mountain_01,892,44,87,123,8928744123,Wrothgarian Mountains,7,-10,892.6796875,-44.0390625
Mountain,3,WOD_Mountain_02,907,36,15,68,907153668,Wrothgarian Mountains,39,-81,907.1171875,-36.46875
Mountain,3,WOD_Mountain_03,909,35,45,77,909453577,Wrothgarian Mountains,60,-78,909.3515625,-35.3984375
Mountain,3,WOD_Mountain_05,900,38,27,64,900273864,Wrothgarian Mountains,67,-36,900.2109375,-38.5
Mountain,3,WOD_Mountain_06,916,35,54,109,9165435109,Wrothgarian Mountains,175,-43,916.421875,-35.1484375
Mountain,3,WOD_Mountain_08,924,54,68,79,924685479,Wrothgarian Mountains,-22,-88,924.53125,-54.3828125
Mountain,3,WOD_Mountain_09,929,54,106,5,9291065405,Wrothgarian Mountains,4,-12,929.828125,-54.9609375
Mountain,3,WOD_Mountain_01,927,54,87,42,927875442,Wrothgarian Mountains,109,-4,927.6796875,-54.671875
Mountain,3,WOD_Mountain_02,932,56,82,118,9328256118,Wrothgarian Mountains,165,-67,932.640625,-56.078125
Mountain,3,WOD_Mountain_03,933,61,50,4,933506104,Wrothgarian Mountains,-4,-34,933.390625,-61.96875
Mountain,3,WOD_Mountain_06,936,62,3,47,936036247,Wrothgarian Mountains,17,-100,936.0234375,-62.6328125
Mountain,3,WOD_Mountain_05,937,64,41,49,937416449,Wrothgarian Mountains,84,-99,937.3203125,-64.6171875
Mountain,3,WOD_Mountain_06,936,58,118,79,9361185879,Wrothgarian Mountains,-55,-87,936.921875,-58.3828125
Mountain,3,WOD_Mountain_07,943,54,4,95,943045495,Wrothgarian Mountains,-114,-5,943.03125,-54.2578125
Mountain,3,WOD_Mountain_08,940,54,106,95,9401065495,Wrothgarian Mountains,107,-44,940.828125,-54.2578125
Mountain,3,WOD_Mountain_09,943,57,76,58,943765758,Wrothgarian Mountains,-44,-30,943.59375,-57.546875
Mountain,3,WOD_Mountain_02,955,62,45,118,9554562118,Wrothgarian Mountains,-2,-89,955.3515625,-62.078125
Mountain,3,WOD_Mountain_03,948,66,127,86,9481276686,Wrothgarian Mountains,97,-9,948.9921875,-66.328125
Mountain,3,WOD_Mountain_06,955,67,120,19,9551206719,Wrothgarian Mountains,128,-24,955.9375,-67.8515625
Mountain,3,WOD_Mountain_05,958,67,65,59,958656759,Wrothgarian Mountains,-173,-23,958.5078125,-67.5390625
Mountain,3,WOD_Mountain_07,962,62,22,122,9622262122,Wrothgarian Mountains,-126,-25,962.171875,-62.046875
Mountain,3,WOD_Mountain_08,964,58,52,87,964525887,Wrothgarian Mountains,150,-75,964.40625,-58.3203125
Mountain,3,WOD_Mountain_09,971,45,10,55,971104555,Wrothgarian Mountains,37,-36,971.078125,-45.5703125
Mountain,3,WOD_Mountain_01,975,48,122,69,9751224869,Wrothgarian Mountains,71,-36,975.953125,-48.4609375
Mountain,3,WOD_Mountain_02,974,52,110,41,9741105241,Wrothgarian Mountains,-60,-14,974.859375,-52.6796875
Mountain,3,WOD_Mountain_03,971,54,50,127,9715054127,Wrothgarian Mountains,-93,-88,971.390625,-54.0078125
Mountain,3,WOD_Mountain_06,974,42,95,76,974954276,Wrothgarian Mountains,-68,-66,974.7421875,-42.40625
Mountain,3,WOD_Mountain_05,975,32,90,19,975903219,Wrothgarian Mountains,-101,-34,975.703125,-32.8515625
Mountain,3,WOD_Mountain_06,983,33,110,100,98311033100,Wrothgarian Mountains,145,-64,983.859375,-33.21875
Mountain,3,WOD_Mountain_07,990,22,51,69,990512269,Wrothgarian Mountains,160,-50,990.3984375,-22.4609375
Mountain,3,WOD_Mountain_08,985,16,96,28,985961628,Wrothgarian Mountains,-73,-1,985.75,-16.78125
Mountain,3,WOD_Mountain_09,993,26,37,49,993372649,Wrothgarian Mountains,95,-76,993.2890625,-26.6171875
Mountain,3,WOD_Mountain_01,993,33,37,111,9933733111,Wrothgarian Mountains,-17,-36,993.2890625,-33.1328125
Mountain,3,WOD_Mountain_02,989,32,120,55,9891203255,Wrothgarian Mountains,-78,-45,989.9375,-32.5703125
Mountain,3,WOD_Mountain_03,992,45,29,59,992294559,Wrothgarian Mountains,-38,-18,992.2265625,-45.5390625
Mountain,3,WOD_Mountain_06,986,42,83,96,986834296,Wrothgarian Mountains,22,-65,986.6484375,-42.25
Mountain,3,WOD_Mountain_05,996,38,10,92,996103892,Wrothgarian Mountains,164,-97,996.078125,-38.28125
Mountain,3,WOD_Mountain_06,981,39,32,14,981323914,Wrothgarian Mountains,-179,-67,981.25,-39.890625
Mountain,3,WOD_Mountain_07,986,52,19,113,9861952113,Wrothgarian Mountains,-72,-56,986.1484375,-52.1171875
Mountain,3,WOD_Mountain_08,990,55,56,92,990565592,Wrothgarian Mountains,-124,-9,990.4375,-55.28125
Mountain,3,WOD_Mountain_09,995,58,123,102,99512358102,Wrothgarian Mountains,149,-98,995.9609375,-58.203125
Mountain,3,WOD_Mountain_01,996,47,97,77,996974777,Wrothgarian Mountains,2,-48,996.7578125,-47.3984375
Mountain,3,WOD_Mountain_02,986,62,68,35,986686235,Wrothgarian Mountains,44,-65,986.53125,-62.7265625
Mountain,3,WOD_Mountain_03,994,65,83,61,994836561,Wrothgarian Mountains,-86,-89,994.6484375,-65.5234375
Mountain,3,WOD_Mountain_06,990,60,111,56,9901116056,Wrothgarian Mountains,-74,-4,990.8671875,-60.5625
Mountain,3,WOD_Mountain_05,980,62,113,114,98011362114,Wrothgarian Mountains,-132,-47,980.8828125,-62.109375
Mountain,3,WOD_Mountain_06,974,65,47,125,9744765125,Wrothgarian Mountains,136,-1,974.3671875,-65.0234375
Mountain,3,WOD_Mountain_07,971,63,50,36,971506336,Wrothgarian Mountains,-102,-12,971.390625,-63.71875
Mountain,3,WOD_Mountain_08,968,72,28,124,9682872124,Wrothgarian Mountains,-50,-38,968.21875,-72.03125
Mountain,3,WOD_Mountain_09,971,69,33,97,971336997,Wrothgarian Mountains,-150,-17,971.2578125,-69.2421875
Mountain,3,WOD_Mountain_01,723,71,108,59,7231087159,Wrothgarian Mountains,-39,-19,723.84375,-71.5390625
Mountain,3,WOD_Mountain_06,728,76,72,13,728727613,Wrothgarian Mountains,121,-10,728.5625,-76.8984375
Mountain,3,WOD_Mountain_05,732,72,31,52,732317252,Wrothgarian Mountains,-116,-67,732.2421875,-72.59375
Mountain,3,WOD_Mountain_06,736,70,128,40,7361287040,Wrothgarian Mountains,62,-71,737,-70.6875
Mountain,3,WOD_Mountain_07,740,70,102,92,7401027092,Wrothgarian Mountains,175,-92,740.796875,-70.28125
Mountain,3,WOD_Mountain_08,741,67,54,20,741546720,Wrothgarian Mountains,55,-32,741.421875,-67.84375
Mountain,3,WOD_Mountain_09,743,72,90,41,743907241,Wrothgarian Mountains,9,-31,743.703125,-72.6796875
Mountain,3,WOD_Mountain_01,745,71,109,125,74510971125,Wrothgarian Mountains,-50,-59,745.8515625,-71.0234375
Mountain,3,WOD_Mountain_02,744,62,73,12,744736212,Wrothgarian Mountains,85,-86,744.5703125,-62.90625
Mountain,3,WOD_Mountain_03,747,76,12,77,747127677,Wrothgarian Mountains,-38,-14,747.09375,-76.3984375
Mountain,3,WOD_Mountain_06,741,79,17,32,741177932,Wrothgarian Mountains,-62,-23,741.1328125,-79.75
Mountain,3,WOD_Mountain_05,742,83,54,125,7425483125,Wrothgarian Mountains,-43,-18,742.421875,-83.0234375
Mountain,3,WOD_Mountain_06,736,87,101,82,7361018782,Wrothgarian Mountains,164,-90,736.7890625,-87.359375
Mountain,3,WOD_Mountain_07,732,78,88,79,732887879,Wrothgarian Mountains,53,-94,732.6875,-78.3828125
Mountain,3,WOD_Mountain_08,745,92,50,108,7455092108,Wrothgarian Mountains,175,-70,745.390625,-92.15625
Mountain,3,WOD_Mountain_09,747,93,128,40,7471289340,Wrothgarian Mountains,-120,-26,748,-93.6875
Mountain,3,WOD_Mountain_01,742,92,69,102,7426992102,Wrothgarian Mountains,-132,-11,742.5390625,-92.203125
Mountain,3,WOD_Mountain_02,736,92,96,113,7369692113,Wrothgarian Mountains,-10,-81,736.75,-92.1171875
Mountain,3,WOD_Mountain_06,728,89,72,26,728728926,Wrothgarian Mountains,-109,-53,728.5625,-89.796875
Mountain,3,WOD_Mountain_05,719,84,111,122,71911184122,Wrothgarian Mountains,-168,-86,719.8671875,-84.046875
Mountain,3,WOD_Mountain_06,735,98,6,119,7350698119,Wrothgarian Mountains,-104,-67,735.046875,-98.0703125
Mountain,3,WOD_Mountain_07,735,103,54,38,7355410338,Wrothgarian Mountains,-169,-80,735.421875,-103.703125
Mountain,3,WOD_Mountain_08,741,103,70,70,7417010370,Wrothgarian Mountains,-180,-82,741.546875,-103.453125
Mountain,3,WOD_Mountain_09,745,104,24,18,7452410418,Wrothgarian Mountains,-76,-97,745.1875,-104.859375
Mountain,3,WOD_Mountain_01,747,103,128,18,74712810318,Wrothgarian Mountains,-16,-89,748,-103.859375
Mountain,3,WOD_Mountain_02,752,103,91,49,7529110349,Wrothgarian Mountains,2,-83,752.7109375,-103.6171875
Mountain,3,WOD_Mountain_03,747,98,38,28,747389828,Wrothgarian Mountains,85,-23,747.296875,-98.78125
Mountain,3,WOD_Mountain_06,757,96,77,122,7577796122,Wrothgarian Mountains,-73,-44,757.6015625,-96.046875
Mountain,3,WOD_Mountain_05,756,91,104,106,75610491106,Wrothgarian Mountains,-59,-48,756.8125,-91.171875
Mountain,3,WOD_Mountain_06,757,93,82,99,757829399,Wrothgarian Mountains,5,-28,757.640625,-93.2265625
Mountain,3,WOD_Mountain_07,755,86,100,18,7551008618,Wrothgarian Mountains,163,-77,755.78125,-86.859375
Mountain,3,WOD_Mountain_08,755,83,100,88,7551008388,Wrothgarian Mountains,-105,-47,755.78125,-83.3125
Mountain,3,WOD_Mountain_09,758,75,33,50,758337550,Wrothgarian Mountains,-118,-88,758.2578125,-75.609375
Mountain,3,WOD_Mountain_01,752,74,28,12,752287412,Wrothgarian Mountains,87,-69,752.21875,-74.90625
Mountain,3,WOD_Mountain_02,756,70,67,24,756677024,Wrothgarian Mountains,-81,-49,756.5234375,-70.8125
Mountain,3,WOD_Mountain_03,762,70,13,18,762137018,Wrothgarian Mountains,111,-63,762.1015625,-70.859375
Mountain,3,WOD_Mountain_06,766,74,120,22,7661207422,Wrothgarian Mountains,-33,-67,766.9375,-74.828125
Mountain,3,WOD_Mountain_05,769,72,55,115,7695572115,Wrothgarian Mountains,173,-23,769.4296875,-72.1015625
Mountain,3,WOD_Mountain_06,772,68,31,49,772316849,Wrothgarian Mountains,48,-6,772.2421875,-68.6171875
Mountain,3,WOD_Mountain_07,775,63,81,12,775816312,Wrothgarian Mountains,34,-9,775.6328125,-63.90625
Mountain,3,WOD_Mountain_08,772,64,115,92,7721156492,Wrothgarian Mountains,-161,-63,772.8984375,-64.28125
Mountain,3,WOD_Mountain_09,776,58,37,108,7763758108,Wrothgarian Mountains,-123,-46,776.2890625,-58.15625
Mountain,3,WOD_Mountain_01,780,62,124,37,7801246237,Wrothgarian Mountains,10,-71,780.96875,-62.7109375
Mountain,3,WOD_Mountain_02,783,67,110,5,7831106705,Wrothgarian Mountains,0,-26,783.859375,-67.9609375
Mountain,3,WOD_Mountain_03,782,72,64,15,782647215,Wrothgarian Mountains,93,-54,782.5,-72.8828125
Mountain,3,WOD_Mountain_06,776,73,122,127,77612273127,Wrothgarian Mountains,45,-32,776.953125,-73.0078125
Mountain,3,WOD_Mountain_05,777,77,84,110,7778477110,Wrothgarian Mountains,57,-77,777.65625,-77.140625
Mountain,3,WOD_Mountain_06,782,81,10,13,782108113,Wrothgarian Mountains,153,-50,782.078125,-81.8984375
Mountain,3,WOD_Mountain_07,786,86,13,6,786138606,Wrothgarian Mountains,-123,-45,786.1015625,-86.953125
Mountain,3,WOD_Mountain_08,783,79,26,84,783267984,Wrothgarian Mountains,132,-28,783.203125,-79.34375
Mountain,3,WOD_Mountain_09,789,73,20,84,789207384,Wrothgarian Mountains,-74,-57,789.15625,-73.34375
Mountain,3,WOD_Mountain_02,791,62,114,32,7911146232,Wrothgarian Mountains,39,-37,791.890625,-62.75
Mountain,3,WOD_Mountain_03,778,67,78,74,778786774,Wrothgarian Mountains,126,-62,778.609375,-67.421875
Mountain,3,WOD_Mountain_06,769,79,65,122,7696579122,Wrothgarian Mountains,-63,-12,769.5078125,-79.046875
Mountain,3,WOD_Mountain_05,765,79,52,122,7655279122,Wrothgarian Mountains,38,-99,765.40625,-79.046875
Mountain,3,WOD_Mountain_06,767,85,4,116,7670485116,Wrothgarian Mountains,166,-65,767.03125,-85.09375
Mountain,3,WOD_Mountain_07,770,92,118,33,7701189233,Wrothgarian Mountains,94,-79,770.921875,-92.7421875
Mountain,3,WOD_Mountain_08,773,90,72,52,773729052,Wrothgarian Mountains,-148,-37,773.5625,-90.59375
Mountain,3,WOD_Mountain_09,778,90,19,5,778199005,Wrothgarian Mountains,80,-63,778.1484375,-90.9609375
Mountain,3,WOD_Mountain_01,777,80,100,49,7771008049,Wrothgarian Mountains,178,-25,777.78125,-80.6171875
Mountain,3,WOD_Mountain_02,792,86,123,86,7921238686,Wrothgarian Mountains,120,-16,792.9609375,-86.328125
Mountain,3,WOD_Mountain_03,766,90,4,15,766049015,Wrothgarian Mountains,-75,-45,766.03125,-90.8828125
Mountain,3,WOD_Mountain_06,768,91,24,17,768249117,Wrothgarian Mountains,146,-15,768.1875,-91.8671875
Mountain,3,WOD_Mountain_05,762,88,35,104,7623588104,Wrothgarian Mountains,-55,-6,762.2734375,-88.1875
Mountain,3,WOD_Mountain_06,762,95,77,84,762779584,Wrothgarian Mountains,28,-79,762.6015625,-95.34375
Mountain,3,WOD_Mountain_08,769,100,118,120,769118100120,Wrothgarian Mountains,-38,-9,769.921875,-100.0625
Mountain,3,WOD_Mountain_09,778,98,56,55,778569855,Wrothgarian Mountains,44,-98,778.4375,-98.5703125
Mountain,3,WOD_Mountain_01,776,98,27,18,776279818,Wrothgarian Mountains,175,-51,776.2109375,-98.859375
Mountain,3,WOD_Mountain_02,782,97,52,91,782529791,Wrothgarian Mountains,-66,-49,782.40625,-97.2890625
Mountain,3,WOD_Mountain_03,780,104,124,102,780124104102,Wrothgarian Mountains,-130,0,780.96875,-104.203125
Mountain,3,WOD_Mountain_06,792,90,54,15,792549015,Wrothgarian Mountains,111,-17,792.421875,-90.8828125
Mountain,3,WOD_Mountain_05,803,81,81,124,8038181124,Wrothgarian Mountains,-3,-16,803.6328125,-81.03125
Mountain,3,WOD_Mountain_06,799,77,74,19,799747719,Wrothgarian Mountains,-126,-81,799.578125,-77.8515625
Mountain,3,WOD_Mountain_07,804,75,27,118,8042775118,Wrothgarian Mountains,-11,-73,804.2109375,-75.078125
Mountain,3,WOD_Mountain_08,810,70,27,97,810277097,Wrothgarian Mountains,166,-43,810.2109375,-70.2421875
Mountain,3,WOD_Mountain_09,812,68,88,27,812886827,Wrothgarian Mountains,-80,-82,812.6875,-68.7890625
Mountain,3,WOD_Mountain_01,804,67,27,37,804276737,Wrothgarian Mountains,-41,-63,804.2109375,-67.7109375
Mountain,3,WOD_Mountain_02,812,57,115,118,81211557118,Wrothgarian Mountains,65,-14,812.8984375,-57.078125
Mountain,3,WOD_Mountain_03,799,61,54,63,799546163,Wrothgarian Mountains,-174,-100,799.421875,-61.5078125
Mountain,3,WOD_Mountain_06,796,62,104,37,7961046237,Wrothgarian Mountains,-39,-21,796.8125,-62.7109375
Mountain,3,WOD_Mountain_05,799,57,0,6,799005706,Wrothgarian Mountains,-52,-91,799,-57.953125
Mountain,3,WOD_Mountain_06,803,57,33,17,803335717,Wrothgarian Mountains,-125,-54,803.2578125,-57.8671875
Mountain,3,WOD_Mountain_07,808,56,72,116,8087256116,Wrothgarian Mountains,-47,-95,808.5625,-56.09375
Mountain,3,WOD_Mountain_08,807,62,93,42,807936242,Wrothgarian Mountains,90,-56,807.7265625,-62.671875
Mountain,3,WOD_Mountain_09,818,61,61,73,818616173,Wrothgarian Mountains,131,-50,818.4765625,-61.4296875
Mountain,3,WOD_Mountain_01,824,52,29,70,824295270,Wrothgarian Mountains,-39,-65,824.2265625,-52.453125
Mountain,3,WOD_Mountain_02,824,62,67,84,824676284,Wrothgarian Mountains,-104,-10,824.5234375,-62.34375
Mountain,3,WOD_Mountain_03,830,53,9,55,830095355,Wrothgarian Mountains,-76,-24,830.0703125,-53.5703125
Mountain,3,WOD_Mountain_06,828,51,84,54,828845154,Wrothgarian Mountains,17,-77,828.65625,-51.578125
Mountain,3,WOD_Mountain_05,833,47,74,23,833744723,Wrothgarian Mountains,-142,-65,833.578125,-47.8203125
Mountain,3,WOD_Mountain_06,839,58,32,122,8393258122,Wrothgarian Mountains,15,-8,839.25,-58.046875
Mountain,3,WOD_Mountain_07,844,58,38,113,8443858113,Wrothgarian Mountains,17,-76,844.296875,-58.1171875
Mountain,3,WOD_Mountain_08,843,66,20,81,843206681,Wrothgarian Mountains,143,-3,843.15625,-66.3671875
Mountain,3,WOD_Mountain_09,848,64,111,68,8481116468,Wrothgarian Mountains,-37,-91,848.8671875,-64.46875
Mountain,3,WOD_Mountain_01,847,69,54,58,847546958,Wrothgarian Mountains,14,-9,847.421875,-69.546875
Mountain,3,WOD_Mountain_02,842,72,111,55,8421117255,Wrothgarian Mountains,169,-17,842.8671875,-72.5703125
Mountain,3,WOD_Mountain_03,873,64,3,105,8730364105,Wrothgarian Mountains,29,-93,873.0234375,-64.1796875
Mountain,3,WOD_Mountain_06,865,66,84,33,865846633,Wrothgarian Mountains,-14,-31,865.65625,-66.7421875
Mountain,3,WOD_Mountain_05,870,73,37,109,8703773109,Wrothgarian Mountains,63,-99,870.2890625,-73.1484375
Mountain,3,WOD_Mountain_06,867,75,72,78,867727578,Wrothgarian Mountains,158,-77,867.5625,-75.390625
Mountain,3,WOD_Mountain_07,857,64,102,58,8571026458,Wrothgarian Mountains,-165,-20,857.796875,-64.546875
Mountain,3,WOD_Mountain_08,854,70,20,15,854207015,Wrothgarian Mountains,-52,-26,854.15625,-70.8828125
Mountain,3,WOD_Mountain_09,852,74,33,120,8523374120,Wrothgarian Mountains,-19,-65,852.2578125,-74.0625
Mountain,3,WOD_Mountain_01,850,79,119,93,8501197993,Wrothgarian Mountains,72,-6,850.9296875,-79.2734375
Mountain,3,WOD_Mountain_02,875,84,59,114,8755984114,Wrothgarian Mountains,-134,-88,875.4609375,-84.109375
Mountain,3,WOD_Mountain_03,899,64,37,32,899376432,Wrothgarian Mountains,-130,-73,899.2890625,-64.75
Mountain,3,WOD_Mountain_06,904,68,106,93,9041066893,Wrothgarian Mountains,116,-40,904.828125,-68.2734375
Mountain,3,WOD_Mountain_05,909,56,44,69,909445669,Wrothgarian Mountains,-3,-33,909.34375,-56.4609375
Mountain,3,WOD_Mountain_06,910,55,119,20,9101195520,Wrothgarian Mountains,-87,-78,910.9296875,-55.84375
Mountain,3,WOD_Mountain_07,924,64,123,63,9241236463,Wrothgarian Mountains,-11,-13,924.9609375,-64.5078125
Mountain,3,WOD_Mountain_08,917,70,33,69,917337069,Wrothgarian Mountains,-166,-67,917.2578125,-70.4609375
Mountain,3,WOD_Mountain_09,946,75,49,26,946497526,Wrothgarian Mountains,-164,-46,946.3828125,-75.796875
Mountain,3,WOD_Mountain_01,971,77,5,113,9710577113,Wrothgarian Mountains,-104,-98,971.0390625,-77.1171875
Mountain,3,WOD_Mountain_02,965,85,116,88,9651168588,Wrothgarian Mountains,-32,-6,965.90625,-85.3125
Mountain,3,WOD_Mountain_03,959,89,122,123,95912289123,Wrothgarian Mountains,102,-82,959.953125,-89.0390625
Mountain,3,WOD_Mountain_06,956,73,67,61,956677361,Wrothgarian Mountains,-158,-57,956.5234375,-73.5234375
Mountain,3,WOD_Mountain_05,980,74,23,99,980237499,Wrothgarian Mountains,38,-100,980.1796875,-74.2265625
Mountain,3,WOD_Mountain_06,978,67,83,29,978836729,Wrothgarian Mountains,-102,-57,978.6484375,-67.7734375
Mountain,3,WOD_Mountain_07,984,71,24,22,984247122,Wrothgarian Mountains,-89,-75,984.1875,-71.828125
Mountain,3,WOD_Mountain_08,983,75,100,41,9831007541,Wrothgarian Mountains,-124,-27,983.78125,-75.6796875
Mountain,3,WOD_Mountain_09,982,73,32,40,982327340,Wrothgarian Mountains,82,-18,982.25,-73.6875
Mountain,3,WOD_Mountain_01,991,69,82,73,991826973,Wrothgarian Mountains,-77,-81,991.640625,-69.4296875
Mountain,3,WOD_Mountain_02,991,75,102,20,9911027520,Wrothgarian Mountains,-85,-68,991.796875,-75.84375
Mountain,3,WOD_Mountain_03,991,83,8,91,991088391,Wrothgarian Mountains,-89,-35,991.0625,-83.2890625
Mountain,3,WOD_Mountain_06,981,82,69,42,981698242,Wrothgarian Mountains,66,-26,981.5390625,-82.671875
Mountain,3,WOD_Mountain_05,976,87,79,58,976798758,Wrothgarian Mountains,-166,-29,976.6171875,-87.546875
Mountain,3,WOD_Mountain_06,968,90,8,35,968089035,Wrothgarian Mountains,-10,-48,968.0625,-90.7265625
Mountain,3,WOD_Mountain_07,966,95,68,82,966689582,Wrothgarian Mountains,34,-11,966.53125,-95.359375
Mountain,3,WOD_Mountain_08,964,97,17,110,9641797110,Wrothgarian Mountains,-162,-25,964.1328125,-97.140625
Mountain,3,WOD_Mountain_09,963,93,6,5,963069305,Wrothgarian Mountains,-148,-48,963.046875,-93.9609375
Mountain,3,WOD_Mountain_01,968,100,13,44,9681310044,Wrothgarian Mountains,21,-70,968.1015625,-100.65625
Mountain,3,WOD_Mountain_02,957,83,102,49,9571028349,Wrothgarian Mountains,-25,-10,957.796875,-83.6171875
Mountain,3,WOD_Mountain_03,953,86,0,73,953008673,Wrothgarian Mountains,-92,-72,953,-86.4296875
Mountain,3,WOD_Mountain_06,942,76,111,52,9421117652,Wrothgarian Mountains,-11,-92,942.8671875,-76.59375
Mountain,3,WOD_Mountain_05,941,81,22,90,941228190,Wrothgarian Mountains,35,-39,941.171875,-81.296875
Mountain,3,WOD_Mountain_06,937,99,26,42,937269942,Wrothgarian Mountains,37,-3,937.203125,-99.671875
Mountain,3,WOD_Mountain_08,940,99,46,63,940469963,Wrothgarian Mountains,59,-86,940.359375,-99.5078125
Mountain,3,WOD_Mountain_09,947,100,108,8,94710810008,Wrothgarian Mountains,174,-73,947.84375,-100.9375
Mountain,3,WOD_Mountain_01,949,94,122,22,9491229422,Wrothgarian Mountains,44,-91,949.953125,-94.828125
Mountain,3,WOD_Mountain_02,954,94,122,22,9541229422,Wrothgarian Mountains,-125,-29,954.953125,-94.828125
Mountain,3,WOD_Mountain_03,956,90,36,97,956369097,Wrothgarian Mountains,117,-63,956.28125,-90.2421875
Mountain,3,WOD_Mountain_06,945,91,118,70,9451189170,Wrothgarian Mountains,163,-21,945.921875,-91.453125
Mountain,3,WOD_Mountain_06,935,79,91,100,9359179100,Wrothgarian Mountains,29,-50,935.7109375,-79.21875
Mountain,3,WOD_Mountain_07,934,76,24,18,934247618,Wrothgarian Mountains,159,-38,934.1875,-76.859375
Mountain,3,WOD_Mountain_08,932,69,114,15,9321146915,Wrothgarian Mountains,-13,-8,932.890625,-69.8828125
Mountain,3,WOD_Mountain_09,927,71,31,32,927317132,Wrothgarian Mountains,-101,-54,927.2421875,-71.75
Mountain,3,WOD_Mountain_01,928,85,90,125,9289085125,Wrothgarian Mountains,40,-37,928.703125,-85.0234375
Mountain,3,WOD_Mountain_02,929,97,88,49,929889749,Wrothgarian Mountains,35,-1,929.6875,-97.6171875
Mountain,3,WOD_Mountain_03,928,104,42,8,9284210408,Wrothgarian Mountains,157,-12,928.328125,-104.9375
Mountain,3,WOD_Mountain_05,941,109,79,3,9417910903,Wrothgarian Mountains,99,-13,941.6171875,-109.9765625
Mountain,3,WOD_Mountain_06,951,114,92,124,95192114124,Wrothgarian Mountains,-124,-38,951.71875,-114.03125
Mountain,3,WOD_Mountain_07,957,107,69,45,9576910745,Wrothgarian Mountains,25,-31,957.5390625,-107.6484375
Mountain,3,WOD_Mountain_08,959,103,116,9,95911610309,Wrothgarian Mountains,116,-77,959.90625,-103.9296875
Mountain,3,WOD_Mountain_09,959,106,74,113,95974106113,Wrothgarian Mountains,-89,-20,959.578125,-106.1171875
Mountain,3,WOD_Mountain_01,973,90,120,6,9731209006,Wrothgarian Mountains,177,-65,973.9375,-90.953125
Mountain,3,WOD_Mountain_02,970,83,22,102,9702283102,Wrothgarian Mountains,-175,-14,970.171875,-83.203125
Mountain,3,WOD_Mountain_03,970,80,108,91,9701088091,Wrothgarian Mountains,147,-1,970.84375,-80.2890625
Mountain,3,WOD_Mountain_06,968,75,28,49,968287549,Wrothgarian Mountains,-68,-21,968.21875,-75.6171875
Mountain,3,WOD_Mountain_05,959,76,36,79,959367679,Wrothgarian Mountains,171,-26,959.28125,-76.3828125
Mountain,3,WOD_Mountain_06,959,73,74,52,959747352,Wrothgarian Mountains,26,-47,959.578125,-73.59375
Mountain,3,WOD_Mountain_07,948,77,77,17,948777717,Wrothgarian Mountains,8,-73,948.6015625,-77.8671875
Mountain,3,WOD_Mountain_08,953,102,14,29,9531410229,Wrothgarian Mountains,-128,-36,953.109375,-102.7734375
Mountain,3,WOD_Mountain_09,970,111,108,20,97010811120,Wrothgarian Mountains,-126,-4,970.84375,-111.84375
Mountain,3,WOD_Mountain_01,976,112,8,124,97608112124,Wrothgarian Mountains,62,-9,976.0625,-112.03125
Mountain,3,WOD_Mountain_02,977,103,28,9,9772810309,Wrothgarian Mountains,171,-1,977.21875,-103.9296875
Mountain,3,WOD_Mountain_03,978,99,114,81,9781149981,Wrothgarian Mountains,-133,-78,978.890625,-99.3671875
Mountain,3,WOD_Mountain_06,983,97,118,63,9831189763,Wrothgarian Mountains,66,-58,983.921875,-97.5078125
Mountain,3,WOD_Mountain_05,989,95,70,110,9897095110,Wrothgarian Mountains,66,-60,989.546875,-95.140625
Mountain,3,WOD_Mountain_06,985,91,124,27,9851249127,Wrothgarian Mountains,102,-46,985.96875,-91.7890625
Mountain,3,WOD_Mountain_07,987,94,100,108,98710094108,Wrothgarian Mountains,99,-86,987.78125,-94.15625
Mountain,3,WOD_Mountain_08,993,102,52,47,9935210247,Wrothgarian Mountains,14,-26,993.40625,-102.6328125
Mountain,3,WOD_Mountain_09,997,90,41,49,997419049,Wrothgarian Mountains,44,-9,997.3203125,-90.6171875
Mountain,3,WOD_Mountain_01,993,88,113,42,9931138842,Wrothgarian Mountains,-8,-87,993.8828125,-88.671875
Mountain,3,WOD_Mountain_02,997,80,41,73,997418073,Wrothgarian Mountains,-30,-97,997.3203125,-80.4296875
Mountain,3,WOD_Mountain_03,997,72,41,61,997417261,Wrothgarian Mountains,172,-6,997.3203125,-72.5234375
Mountain,3,WOD_Mountain_06,992,110,122,23,99212211023,Wrothgarian Mountains,45,-19,992.953125,-110.8203125
Mountain,3,WOD_Mountain_05,991,117,101,82,99110111782,Wrothgarian Mountains,81,-74,991.7890625,-117.359375
Mountain,3,WOD_Mountain_06,992,114,8,127,99208114127,Wrothgarian Mountains,-53,-80,992.0625,-114.0078125
Mountain,3,WOD_Mountain_07,994,106,32,3,9943210603,Wrothgarian Mountains,-91,-61,994.25,-106.9765625
Mountain,3,WOD_Mountain_08,989,99,8,42,989089942,Wrothgarian Mountains,164,-23,989.0625,-99.671875
Mountain,3,WOD_Mountain_09,994,122,5,8,9940512208,Wrothgarian Mountains,129,0,994.0390625,-122.9375
Mountain,3,WOD_Mountain_01,993,129,61,123,99361129123,Wrothgarian Mountains,12,-4,993.4765625,-129.0390625
Mountain,3,WOD_Mountain_02,993,134,50,54,9935013454,Wrothgarian Mountains,-10,-22,993.390625,-134.578125
Mountain,3,WOD_Mountain_03,980,132,100,90,98010013290,Wrothgarian Mountains,-33,-2,980.78125,-132.296875
Mountain,3,WOD_Mountain_06,985,125,127,82,98512712582,Wrothgarian Mountains,65,-7,985.9921875,-125.359375
Mountain,3,WOD_Mountain_05,977,118,1,32,9770111832,Wrothgarian Mountains,108,-2,977.0078125,-118.75
Mountain,3,WOD_Mountain_06,971,129,67,123,97167129123,Wrothgarian Mountains,-148,-24,971.5234375,-129.0390625
Mountain,3,WOD_Mountain_07,967,121,1,17,9670112117,Wrothgarian Mountains,155,-59,967.0078125,-121.8671875
Mountain,3,WOD_Mountain_08,964,133,40,10,9644013310,Wrothgarian Mountains,-150,-90,964.3125,-133.921875
Mountain,3,WOD_Mountain_09,958,121,74,28,9587412128,Wrothgarian Mountains,-24,-49,958.578125,-121.78125
Mountain,3,WOD_Mountain_01,957,115,101,124,957101115124,Wrothgarian Mountains,-116,-89,957.7890625,-115.03125
Mountain,3,WOD_Mountain_02,951,119,77,35,9517711935,Wrothgarian Mountains,-132,-22,951.6015625,-119.7265625
Mountain,3,WOD_Mountain_03,955,134,47,114,95547134114,Wrothgarian Mountains,110,-40,955.3671875,-134.109375
Mountain,3,WOD_Mountain_06,944,127,97,10,9449712710,Wrothgarian Mountains,139,-86,944.7578125,-127.921875
Mountain,3,WOD_Mountain_05,941,128,82,114,94182128114,Wrothgarian Mountains,178,-49,941.640625,-128.109375
Mountain,3,WOD_Mountain_06,937,131,41,76,9374113176,Wrothgarian Mountains,-62,-10,937.3203125,-131.40625
Mountain,3,WOD_Mountain_07,933,135,28,81,9332813581,Wrothgarian Mountains,155,-11,933.21875,-135.3671875
Mountain,3,WOD_Mountain_08,919,126,99,37,9199912637,Wrothgarian Mountains,-177,-20,919.7734375,-126.7109375
Mountain,3,WOD_Mountain_09,921,128,33,78,9213312878,Wrothgarian Mountains,39,-23,921.2578125,-128.390625
Mountain,3,WOD_Mountain_01,916,123,83,124,91683123124,Wrothgarian Mountains,21,-76,916.6484375,-123.03125
Mountain,3,WOD_Mountain_02,915,115,22,64,9152211564,Wrothgarian Mountains,-65,-15,915.171875,-115.5
Mountain,3,WOD_Mountain_03,913,116,20,127,91320116127,Wrothgarian Mountains,-84,-82,913.15625,-116.0078125
Mountain,3,WOD_Mountain_06,910,104,108,38,91010810438,Wrothgarian Mountains,-54,-66,910.84375,-104.703125
Mountain,3,WOD_Mountain_05,913,99,87,72,913879972,Wrothgarian Mountains,113,-100,913.6796875,-99.4375
Mountain,3,WOD_Mountain_06,915,100,74,92,9157410092,Wrothgarian Mountains,-164,-29,915.578125,-100.28125
Mountain,3,WOD_Mountain_07,905,103,92,125,90592103125,Wrothgarian Mountains,-82,-38,905.71875,-103.0234375
Mountain,3,WOD_Mountain_08,899,97,74,0,899749700,Wrothgarian Mountains,174,-52,899.578125,-98
Mountain,3,WOD_Mountain_09,899,91,74,102,8997491102,Wrothgarian Mountains,-66,-2,899.578125,-91.203125
Mountain,3,WOD_Mountain_01,884,84,28,15,884288415,Wrothgarian Mountains,-179,-63,884.21875,-84.8828125
Mountain,3,WOD_Mountain_02,890,80,46,111,8904680111,Wrothgarian Mountains,-29,-67,890.359375,-80.1328125
Mountain,3,WOD_Mountain_03,882,75,17,37,882177537,Wrothgarian Mountains,44,-61,882.1328125,-75.7109375
Mountain,3,WOD_Mountain_06,919,62,27,88,919276288,Wrothgarian Mountains,45,-50,919.2109375,-62.3125
Mountain,3,WOD_Mountain_05,949,72,92,127,9499272127,Wrothgarian Mountains,-61,-55,949.71875,-72.0078125
Mountain,3,WOD_Mountain_06,954,73,3,127,9540373127,Wrothgarian Mountains,-84,-79,954.0234375,-73.0078125
Mountain,3,WOD_Mountain_07,936,70,118,17,9361187017,Wrothgarian Mountains,6,-93,936.921875,-70.8671875
Mountain,3,WOD_Mountain_08,941,66,104,23,9411046623,Wrothgarian Mountains,123,-10,941.8125,-66.8203125
Mountain,3,WOD_Mountain_09,965,81,33,84,965338184,Wrothgarian Mountains,6,-48,965.2578125,-81.34375
Mountain,3,WOD_Mountain_01,974,95,13,72,974139572,Wrothgarian Mountains,-59,-16,974.1015625,-95.4375
Mountain,3,WOD_Mountain_02,987,106,64,14,9876410614,Wrothgarian Mountains,150,-23,987.5,-106.890625
Mountain,3,WOD_Mountain_03,955,159,9,3,9550915903,Wrothgarian Mountains,0,-90,955.0703125,-159.9765625
Mountain,3,WOD_Mountain_06,956,153,36,14,9563615314,Wrothgarian Mountains,-178,-55,956.28125,-153.890625
Mountain,3,WOD_Mountain_05,962,152,45,81,9624515281,Wrothgarian Mountains,-76,-95,962.3515625,-152.3671875
Mountain,3,WOD_Mountain_06,963,155,69,38,9636915538,Wrothgarian Mountains,-136,-89,963.5390625,-155.703125
Mountain,3,WOD_Mountain_07,959,157,45,74,9594515774,Wrothgarian Mountains,79,-24,959.3515625,-157.421875
Mountain,3,WOD_Mountain_08,941,176,91,118,94191176118,Wrothgarian Mountains,110,-69,941.7109375,-176.078125
Mountain,3,WOD_Mountain_09,935,175,79,1,9357917501,Wrothgarian Mountains,-84,-9,935.6171875,-175.9921875
Mountain,3,WOD_Mountain_01,934,169,118,26,93411816926,Wrothgarian Mountains,-162,-39,934.921875,-169.796875
Mountain,3,WOD_Mountain_02,941,184,73,63,9417318463,Wrothgarian Mountains,1,-29,941.5703125,-184.5078125
Mountain,3,WOD_Mountain_03,959,194,110,128,959110194128,Wrothgarian Mountains,-37,-78,959.859375,-194
Mountain,3,WOD_Mountain_06,981,180,17,46,9811718046,Wrothgarian Mountains,-164,-46,981.1328125,-180.640625
Mountain,3,WOD_Mountain_05,989,175,17,91,9891717591,Wrothgarian Mountains,-35,-90,989.1328125,-175.2890625
Mountain,3,WOD_Mountain_06,994,194,9,110,99409194110,Wrothgarian Mountains,34,-38,994.0703125,-194.140625
Mountain,3,WOD_Mountain_07,997,175,5,120,99705175120,Wrothgarian Mountains,71,-51,997.0390625,-175.0625
Mountain,3,WOD_Mountain_08,998,155,3,95,9980315595,Wrothgarian Mountains,32,-46,998.0234375,-155.2578125
Mountain,3,WOD_Mountain_09,995,146,101,95,99510114695,Wrothgarian Mountains,122,-31,995.7890625,-146.2578125
Mountain,3,WOD_Mountain_01,997,139,110,125,997110139125,Wrothgarian Mountains,9,-75,997.859375,-139.0234375
Mountain,3,WOD_Mountain_02,997,129,92,28,9979212928,Wrothgarian Mountains,-79,-68,997.71875,-129.78125
Mountain,3,WOD_Mountain_03,997,118,95,32,9979511832,Wrothgarian Mountains,102,-38,997.7421875,-118.75
Mountain,3,WOD_Mountain_06,973,112,96,17,9739611217,Wrothgarian Mountains,-129,-39,973.75,-112.8671875
Mountain,3,WOD_Mountain_05,910,114,9,14,9100911414,Wrothgarian Mountains,11,-6,910.0703125,-114.890625
Mountain,3,WOD_Mountain_06,907,109,93,127,90793109127,Wrothgarian Mountains,51,-62,907.7265625,-109.0078125
Mountain,3,WOD_Mountain_07,899,127,3,96,8990312796,Wrothgarian Mountains,31,-57,899.0234375,-127.25
Mountain,3,WOD_Mountain_08,882,109,29,13,8822910913,Wrothgarian Mountains,138,-17,882.2265625,-109.8984375
Mountain,3,WOD_Mountain_09,882,115,52,70,8825211570,Wrothgarian Mountains,94,-34,882.40625,-115.453125
Mountain,3,WOD_Mountain_01,879,89,111,69,8791118969,Wrothgarian Mountains,100,-67,879.8671875,-89.4609375
Mountain,3,WOD_Mountain_02,881,87,72,92,881728792,Wrothgarian Mountains,107,-83,881.5625,-87.28125
Mountain,3,WOD_Mountain_03,865,88,18,97,865188897,Wrothgarian Mountains,-98,-68,865.140625,-88.2421875
Mountain,3,WOD_Mountain_06,874,94,37,35,874379435,Wrothgarian Mountains,-50,-48,874.2890625,-94.7265625
Mountain,3,WOD_Mountain_05,859,93,111,46,8591119346,Wrothgarian Mountains,44,-35,859.8671875,-93.640625
Mountain,3,WOD_Mountain_06,842,90,104,41,8421049041,Wrothgarian Mountains,15,-77,842.8125,-90.6796875
Mountain,3,WOD_Mountain_07,839,87,20,73,839208773,Wrothgarian Mountains,28,-94,839.15625,-87.4296875
Mountain,3,WOD_Mountain_08,839,94,108,77,8391089477,Wrothgarian Mountains,97,-17,839.84375,-94.3984375
Mountain,3,WOD_Mountain_09,834,125,44,54,8344412554,Wrothgarian Mountains,-148,-15,834.34375,-125.578125
Mountain,3,WOD_Mountain_01,827,127,105,42,82710512742,Wrothgarian Mountains,125,-24,827.8203125,-127.671875
Mountain,3,WOD_Mountain_02,834,117,26,40,8342611740,Wrothgarian Mountains,-61,-54,834.203125,-117.6875
Mountain,3,WOD_Mountain_03,830,107,54,70,8305410770,Wrothgarian Mountains,119,-34,830.421875,-107.453125
Mountain,3,WOD_Mountain_06,837,106,82,54,8378210654,Wrothgarian Mountains,96,-91,837.640625,-106.578125
Mountain,3,WOD_Mountain_05,844,106,120,90,84412010690,Wrothgarian Mountains,174,-38,844.9375,-106.296875
