name,type,prefab,worldX,worldY,terrainX,terrainY,gisX,gisY
WOD_Ruins,0,WOD_Ruins_02,639,40,21,21,639.1640625,-40.8359375
WOD_BanditCamp,0,WOD_BanditCamp_09,639,40,21,64,639.1640625,-40.5
WOD_Ruins,0,WOD_Ruins_01,639,40,64,107,639.5,-40.1640625
WOD_Ruins,0,WOD_Ruins_03,644,40,21,64,644.1640625,-40.5
WOD_Shrine,0,WOD_Shrine_Stendarr_Minor_06,649,40,64,107,649.5,-40.1640625
WOD_BanditCamp,0,WOD_BanditCamp_08,625,41,58,21,625.5,-41.8359375
WOD_OrcCamp,0,WOD_OrcCamp_Small_02,634,41,21,107,634.1640625,-41.1640625
WOD_BanditCamp,0,WOD_BanditCamp_05,634,41,64,107,634.5,-41.1640625
WOD_OrcCamp,0,WOD_OrcCamp_Small_02,636,41,64,21,636.5,-41.8359375
WOD_Ruins,0,WOD_Ruins_06,637,41,64,21,637.5,-41.8359375
WOD_BanditCamp,0,WOD_BanditCamp_05,649,41,64,21,649.5,-41.8359375
WOD_GuardTower,0,WOD_Guardtower_01,599,42,21,25,599.1640625,-42.8359375
WOD_GuardTower,0,WOD_Guardtower_01,599,42,61,107,599.5,-42.1640625
WOD_BanditCamp,0,WOD_BanditCamp_09,599,42,107,21,599.8359375,-42.8359375
WOD_Ruins,0,WOD_Ruins_06,601,42,21,21,601.1640625,-42.8359375
WOD_Ruins,0,WOD_Ruins_06,608,42,64,107,608.5,-42.1640625
WOD_BanditCamp,0,WOD_BanditCamp_01,609,42,21,64,609.1640625,-42.5
WOD_GuardTower,0,WOD_Guardtower_01,624,42,107,60,624.8359375,-42.5
WOD_GuardTower,0,WOD_Guardtower_01,640,42,21,111,640.1640625,-42.1640625
WOD_Ruins,0,WOD_Ruins_04,640,42,64,21,640.5,-42.8359375
WOD_Ruins,0,WOD_Ruins_05,640,42,107,21,640.8359375,-42.8359375
WOD_BanditCamp,0,WOD_BanditCamp_09,641,42,107,107,641.8359375,-42.1640625
WOD_BanditFort,0,WOD_BanditFort_01,642,42,21,64,642.1640625,-42.5
WOD_Ruins,0,WOD_Ruins_06,589,43,107,107,589.8359375,-43.1640625
WOD_BanditCamp,0,WOD_BanditCamp_05,605,43,21,64,605.1640625,-43.5
WOD_Ruins,0,WOD_Ruins_01,605,43,107,21,605.8359375,-43.8359375
WOD_Ruins,0,WOD_Ruins_01,620,43,107,64,620.8359375,-43.5
WOD_BanditFort,0,WOD_BanditFort_01,621,43,21,64,621.1640625,-43.5
WOD_Ruins,0,WOD_Ruins_02,621,43,107,21,621.8359375,-43.8359375
WOD_Shrine,0,WOD_Shrine_Stendarr_Major_05,627,43,21,110,627.1640625,-43.1640625
WOD_BanditFort,0,WOD_BanditFort_01,629,43,107,64,629.8359375,-43.5
WOD_Ruins,0,WOD_Ruins_02,641,43,21,21,641.1640625,-43.8359375
WOD_GuardTower,0,WOD_Guardtower_01,642,43,61,21,642.5,-43.8359375
WOD_BanditCamp,0,WOD_BanditCamp_05,643,43,21,21,643.1640625,-43.8359375
WOD_BanditCamp,0,WOD_BanditCamp_07,649,43,21,107,649.1640625,-43.1640625
WOD_BanditCamp,0,WOD_BanditCamp_09,590,44,64,107,590.5,-44.1640625
WOD_BanditCamp,0,WOD_BanditCamp_05,593,44,107,107,593.8359375,-44.1640625
WOD_Ruins,0,WOD_Ruins_04,594,44,64,21,594.5,-44.8359375
WOD_Shrine,0,WOD_Shrine_Stendarr_Minor_04,596,44,21,66,596.1640625,-44.5
WOD_Shrine,0,WOD_Shrine_Dibella_01,597,44,21,21,597.1640625,-44.8359375
WOD_Shrine,0,WOD_Shrine_Zenithar_Major_08,597,44,21,66,597.1640625,-44.5
WOD_BanditCamp,0,WOD_BanditCamp_04,597,44,64,21,597.5,-44.8359375
WOD_BanditCamp,0,WOD_BanditCamp_08,597,44,107,64,597.8359375,-44.5
WOD_BanditCamp,0,WOD_BanditCamp_01,605,44,64,21,605.5,-44.8359375
WOD_BanditFort,0,WOD_BanditFort_01,605,44,107,107,605.8359375,-44.1640625
WOD_Shrine,0,WOD_Shrine_Zenithar_Minor_03,607,44,21,64,607.1640625,-44.5
WOD_Ruins,0,WOD_Ruins_01,607,44,107,21,607.8359375,-44.8359375
WOD_Ruins,0,WOD_Ruins_04,613,44,107,21,613.8359375,-44.8359375
WOD_Ruins,0,WOD_Ruins_05,633,44,21,107,633.1640625,-44.1640625
WOD_Ruins,0,WOD_Ruins_06,637,44,107,64,637.8359375,-44.5
WOD_BanditCamp,0,WOD_BanditCamp_02,638,44,64,107,638.5,-44.1640625
WOD_BanditCamp,0,WOD_BanditCamp_07,640,44,21,64,640.1640625,-44.5
WOD_OrcCamp,0,WOD_OrcCamp_Medium_03,642,44,21,64,642.1640625,-44.5
WOD_BanditCamp,0,WOD_BanditCamp_04,590,45,21,64,590.1640625,-45.5
WOD_BanditCamp,0,WOD_BanditCamp_01,590,45,107,64,590.8359375,-45.5
WOD_Shrine,0,WOD_Shrine_Zenithar_Major_05,594,45,107,21,594.8359375,-45.8359375
WOD_Ruins,0,WOD_Ruins_02,595,45,107,64,595.8359375,-45.5
WOD_BanditCamp,0,WOD_BanditCamp_04,596,45,21,64,596.1640625,-45.5
WOD_BanditCamp,0,WOD_BanditCamp_08,598,45,64,21,598.5,-45.8359375
WOD_BanditFort,0,WOD_BanditFort_01,619,45,64,21,619.5,-45.8359375
WOD_BanditCamp,0,WOD_BanditCamp_06,619,45,64,107,619.5,-45.1640625
WOD_Ruins,0,WOD_Ruins_03,630,45,21,70,630.1640625,-45.5
WOD_Shrine,0,WOD_Shrine_Zenithar_Minor_03,630,45,21,107,630.1640625,-45.1640625
WOD_BanditCamp,0,WOD_BanditCamp_06,631,45,107,107,631.8359375,-45.1640625
WOD_GuardTower,0,WOD_Guardtower_01,633,45,21,68,633.1640625,-45.5
WOD_GuardTower,0,WOD_Guardtower_01,634,45,107,68,634.8359375,-45.5
WOD_GuardTower,0,WOD_Guardtower_01,635,45,107,60,635.8359375,-45.5
WOD_GuardTower,0,WOD_Guardtower_01,637,45,21,60,637.1640625,-45.5
WOD_BanditCamp,0,WOD_BanditCamp_07,637,45,64,107,637.5,-45.1640625
WOD_GuardTower,0,WOD_Guardtower_01,644,45,107,68,644.8359375,-45.5
WOD_BanditCamp,0,WOD_BanditCamp_03,648,45,107,107,648.8359375,-45.1640625
WOD_Ruins,0,WOD_Ruins_06,650,45,64,107,650.5,-45.1640625
WOD_BanditFort,0,WOD_BanditFort_01,592,46,21,21,592.1640625,-46.8359375
WOD_Ruins,0,WOD_Ruins_05,593,46,107,64,593.8359375,-46.5
WOD_Ruins,0,WOD_Ruins_04,599,46,21,26,599.1640625,-46.8359375
WOD_Shrine,0,WOD_Shrine_Zenithar_Minor_04,599,46,107,107,599.8359375,-46.1640625
WOD_Ruins,0,WOD_Ruins_04,603,46,21,26,603.1640625,-46.8359375
WOD_Shrine,0,WOD_Shrine_Zenithar_Minor_05,604,46,107,62,604.8359375,-46.5
WOD_Shrine,0,WOD_Shrine_Zenithar_Major_08,605,46,64,62,605.5,-46.5
WOD_BanditCamp,0,WOD_BanditCamp_05,605,46,107,58,605.8359375,-46.5
WOD_Ruins,0,WOD_Ruins_03,605,46,21,107,605.1640625,-46.1640625
WOD_Ruins,0,WOD_Ruins_02,606,46,107,107,606.8359375,-46.1640625
WOD_BanditCamp,0,WOD_BanditCamp_07,607,46,107,60,607.8359375,-46.5
WOD_Ruins,0,WOD_Ruins_06,611,46,64,56,611.5,-46.5
WOD_Shrine,0,WOD_Shrine_Zenithar_Minor_03,611,46,21,66,611.1640625,-46.5
WOD_BanditCamp,0,WOD_BanditCamp_02,613,46,107,64,613.8359375,-46.5
WOD_Ruins,0,WOD_Ruins_03,625,46,59,107,625.5,-46.1640625
WOD_Ruins,0,WOD_Ruins_05,629,46,21,21,629.1640625,-46.8359375
WOD_BanditFort,0,WOD_BanditFort_01,635,46,107,21,635.8359375,-46.8359375
WOD_BanditCamp,0,WOD_BanditCamp_06,636,46,21,21,636.1640625,-46.8359375
WOD_Shrine,0,WOD_Shrine_Stendarr_Minor_07,637,46,21,21,637.1640625,-46.8359375
WOD_Ruins,0,WOD_Ruins_03,637,46,64,107,637.5,-46.1640625
WOD_GuardTower,0,WOD_Guardtower_01,642,46,21,111,642.1640625,-46.1640625
WOD_GuardTower,0,WOD_Guardtower_01,646,46,107,25,646.8359375,-46.8359375
WOD_OrcCamp,0,WOD_OrcCamp_Large_01,649,46,64,21,649.5,-46.8359375
WOD_BanditCamp,0,WOD_BanditCamp_06,656,46,107,64,656.8359375,-46.5
WOD_Ruins,0,WOD_Ruins_01,592,47,56,64,592.5,-47.5
WOD_BanditCamp,0,WOD_BanditCamp_05,592,47,21,28,592.1640625,-47.8359375
WOD_Ruins,0,WOD_Ruins_03,594,47,107,107,594.8359375,-47.1640625
WOD_BanditCamp,0,WOD_BanditCamp_04,597,47,21,21,597.1640625,-47.8359375
WOD_Ruins,0,WOD_Ruins_06,598,47,21,28,598.1640625,-47.8359375
WOD_BanditCamp,0,WOD_BanditCamp_05,601,47,21,21,601.1640625,-47.8359375
WOD_Shrine,0,WOD_Shrine_Zenithar_Minor_04,602,47,64,21,602.5,-47.8359375
WOD_BanditCamp,0,WOD_BanditCamp_03,610,47,107,64,610.8359375,-47.5
WOD_BanditFort,0,WOD_BanditFort_01,612,47,21,64,612.1640625,-47.5
WOD_BanditCamp,0,WOD_BanditCamp_07,613,47,64,67,613.5,-47.5
WOD_Ruins,0,WOD_Ruins_04,613,47,107,68,613.8359375,-47.5
WOD_BanditCamp,0,WOD_BanditCamp_07,619,47,64,21,619.5,-47.8359375
WOD_Ruins,0,WOD_Ruins_01,623,47,107,107,623.8359375,-47.1640625
WOD_BanditFort,0,WOD_BanditFort_01,626,47,107,28,626.8359375,-47.8359375
WOD_Ruins,0,WOD_Ruins_05,626,47,21,114,626.1640625,-47.1640625
WOD_Ruins,0,WOD_Ruins_04,627,47,21,64,627.1640625,-47.5
WOD_BanditCamp,0,WOD_BanditCamp_08,635,47,107,21,635.8359375,-47.8359375
WOD_BanditCamp,0,WOD_BanditCamp_03,645,47,64,107,645.5,-47.1640625
WOD_Ruins,0,WOD_Ruins_02,646,47,107,64,646.8359375,-47.5
WOD_GuardTower,0,WOD_Guardtower_01,647,47,64,69,647.5,-47.5
WOD_BanditCamp,0,WOD_BanditCamp_06,598,48,21,107,598.1640625,-48.1640625
WOD_BanditFort,0,WOD_BanditFort_01,599,48,21,107,599.1640625,-48.1640625
WOD_Ruins,0,WOD_Ruins_06,606,48,70,107,606.5,-48.1640625
WOD_Ruins,0,WOD_Ruins_06,610,48,21,107,610.1640625,-48.1640625
WOD_Ruins,0,WOD_Ruins_06,615,48,107,64,615.8359375,-48.5
WOD_BanditCamp,0,WOD_BanditCamp_05,616,48,107,28,616.8359375,-48.8359375
WOD_Ruins,0,WOD_Ruins_05,627,48,21,64,627.1640625,-48.5
WOD_Ruins,0,WOD_Ruins_03,627,48,107,107,627.8359375,-48.1640625
WOD_Shrine,0,WOD_Shrine_Stendarr_Major_01,642,48,21,64,642.1640625,-48.5
WOD_Shrine,0,WOD_Shrine_Zenithar_Major_05,642,48,107,21,642.8359375,-48.8359375
WOD_GuardTower,0,WOD_Guardtower_01,648,48,64,69,648.5,-48.5
WOD_Ruins,0,WOD_Ruins_02,648,48,107,26,648.8359375,-48.8359375
WOD_Shrine,0,WOD_Shrine_Zenithar_Major_06,648,48,64,21,648.5,-48.8359375
WOD_BanditCamp,0,WOD_BanditCamp_09,595,49,54,64,595.5,-49.5
WOD_BanditFort,0,WOD_BanditFort_01,595,49,21,28,595.1640625,-49.8359375
WOD_BanditCamp,0,WOD_BanditCamp_03,601,49,64,107,601.5,-49.1640625
WOD_Ruins,0,WOD_Ruins_06,605,49,64,21,605.5,-49.8359375
WOD_Ruins,0,WOD_Ruins_01,606,49,70,107,606.5,-49.1640625
WOD_Ruins,0,WOD_Ruins_02,606,49,60,21,606.5,-49.8359375
WOD_Ruins,0,WOD_Ruins_01,610,49,21,107,610.1640625,-49.1640625
WOD_Ruins,0,WOD_Ruins_03,615,49,64,21,615.5,-49.8359375
WOD_BanditCamp,0,WOD_BanditCamp_03,621,49,64,21,621.5,-49.8359375
WOD_BanditCamp,0,WOD_BanditCamp_04,624,49,107,21,624.8359375,-49.8359375
WOD_BanditFort,0,WOD_BanditFort_01,625,49,64,107,625.5,-49.1640625
WOD_Ruins,0,WOD_Ruins_02,630,49,107,64,630.8359375,-49.5
WOD_BanditFort,0,WOD_BanditFort_01,645,49,107,107,645.8359375,-49.1640625
WOD_GuardTower,0,WOD_Guardtower_01,649,49,59,64,649.5,-49.5
WOD_BanditFort,0,WOD_BanditFort_01,649,49,107,28,649.8359375,-49.8359375
WOD_Ruins,0,WOD_Ruins_03,651,49,21,21,651.1640625,-49.8359375
WOD_BanditCamp,0,WOD_BanditCamp_01,651,49,21,107,651.1640625,-49.1640625
WOD_Ruins,0,WOD_Ruins_04,651,49,64,107,651.5,-49.1640625
WOD_BanditCamp,0,WOD_BanditCamp_04,593,50,21,21,593.1640625,-50.8359375
WOD_BanditCamp,0,WOD_BanditCamp_04,593,50,64,21,593.5,-50.8359375
WOD_BanditCamp,0,WOD_BanditCamp_03,597,50,64,107,597.5,-50.1640625
WOD_Ruins,0,WOD_Ruins_04,603,50,107,21,603.8359375,-50.8359375
WOD_Shrine,0,WOD_Shrine_Stendarr_Major_01,606,50,64,60,606.5,-50.5
WOD_Ruins,0,WOD_Ruins_04,606,50,107,26,606.8359375,-50.8359375
WOD_BanditCamp,0,WOD_BanditCamp_09,606,50,107,107,606.8359375,-50.1640625
WOD_BanditCamp,0,WOD_BanditCamp_04,620,50,64,21,620.5,-50.8359375
WOD_BanditFort,0,WOD_BanditFort_01,626,50,107,64,626.8359375,-50.5
WOD_Ruins,0,WOD_Ruins_03,628,50,21,114,628.1640625,-50.1640625
WOD_BanditCamp,0,WOD_BanditCamp_08,629,50,64,107,629.5,-50.1640625
WOD_BanditCamp,0,WOD_BanditCamp_07,631,50,64,107,631.5,-50.1640625
WOD_GuardTower,0,WOD_Guardtower_01,640,50,107,111,640.8359375,-50.1640625
WOD_BanditCamp,0,WOD_BanditCamp_06,641,50,107,107,641.8359375,-50.1640625
WOD_Ruins,0,WOD_Ruins_03,644,50,21,28,644.1640625,-50.8359375
WOD_Ruins,0,WOD_Ruins_05,644,50,21,64,644.1640625,-50.5
WOD_Ruins,0,WOD_Ruins_01,644,50,107,107,644.8359375,-50.1640625
WOD_Ruins,0,WOD_Ruins_02,645,50,21,107,645.1640625,-50.1640625
WOD_BanditFort,0,WOD_BanditFort_01,646,50,72,64,646.5,-50.5
WOD_BanditCamp,0,WOD_BanditCamp_01,648,50,21,21,648.1640625,-50.8359375
WOD_BanditCamp,0,WOD_BanditCamp_06,648,50,64,21,648.5,-50.8359375
WOD_BanditFort,0,WOD_BanditFort_01,648,50,64,107,648.5,-50.1640625
WOD_Ruins,0,WOD_Ruins_04,654,50,64,21,654.5,-50.8359375
WOD_BanditCamp,0,WOD_BanditCamp_02,598,51,64,21,598.5,-51.8359375
WOD_BanditCamp,0,WOD_BanditCamp_02,599,51,64,21,599.5,-51.8359375
WOD_Shrine,0,WOD_Shrine_Dibella_01,602,51,107,64,602.8359375,-51.5
WOD_BanditCamp,0,WOD_BanditCamp_04,607,51,21,64,607.1640625,-51.5
WOD_Ruins,0,WOD_Ruins_04,610,51,64,21,610.5,-51.8359375
WOD_GuardTower,0,WOD_Guardtower_01,617,51,62,64,617.5,-51.5
WOD_GuardTower,0,WOD_Guardtower_01,617,51,67,21,617.5,-51.8359375
WOD_Shrine,0,WOD_Shrine_Zenithar_Major_07,617,51,107,21,617.8359375,-51.8359375
WOD_Shrine,0,WOD_Shrine_Stendarr_Minor_06,630,51,60,64,630.5,-51.5
WOD_Ruins,0,WOD_Ruins_03,632,51,64,107,632.5,-51.1640625
WOD_Ruins,0,WOD_Ruins_05,635,51,107,21,635.8359375,-51.8359375
WOD_Ruins,0,WOD_Ruins_06,637,51,21,64,637.1640625,-51.5
WOD_GuardTower,0,WOD_Guardtower_01,639,51,61,21,639.5,-51.8359375
WOD_Shrine,0,WOD_Shrine_Stendarr_Major_02,641,51,64,21,641.5,-51.8359375
WOD_GuardTower,0,WOD_Guardtower_01,641,51,107,68,641.8359375,-51.5
WOD_BanditCamp,0,WOD_BanditCamp_04,642,51,64,70,642.5,-51.5
WOD_Shrine,0,WOD_Shrine_Zenithar_Major_08,642,51,107,62,642.8359375,-51.5
WOD_Ruins,0,WOD_Ruins_01,642,51,21,68,642.1640625,-51.5
WOD_Ruins,0,WOD_Ruins_02,650,51,21,107,650.1640625,-51.1640625
WOD_Ruins,0,WOD_Ruins_03,597,52,21,21,597.1640625,-52.8359375
WOD_Ruins,0,WOD_Ruins_04,599,52,107,21,599.8359375,-52.8359375
WOD_BanditCamp,0,WOD_BanditCamp_02,608,52,21,64,608.1640625,-52.5
WOD_BanditCamp,0,WOD_BanditCamp_08,612,52,107,64,612.8359375,-52.5
WOD_OrcCamp,0,WOD_OrcCamp_Small_02,614,52,107,64,614.8359375,-52.5
WOD_Shrine,0,WOD_Shrine_Zenithar_Minor_06,617,52,21,64,617.1640625,-52.5
WOD_Ruins,0,WOD_Ruins_02,627,52,107,107,627.8359375,-52.1640625
WOD_BanditFort,0,WOD_BanditFort_01,645,52,60,64,645.5,-52.5
WOD_BanditCamp,0,WOD_BanditCamp_02,647,52,107,21,647.8359375,-52.8359375
WOD_OrcCamp,0,WOD_OrcCamp_Medium_01,649,52,107,64,649.8359375,-52.5
WOD_GuardTower,0,WOD_Guardtower_01,651,52,67,107,651.5,-52.1640625
WOD_Ruins,0,WOD_Ruins_03,655,52,21,21,655.1640625,-52.8359375
WOD_Ruins,0,WOD_Ruins_01,655,52,64,21,655.5,-52.8359375
WOD_BanditCamp,0,WOD_BanditCamp_01,603,53,107,107,603.8359375,-53.1640625
WOD_Ruins,0,WOD_Ruins_03,606,53,107,21,606.8359375,-53.8359375
WOD_GuardTower,0,WOD_Guardtower_01,608,53,107,21,608.8359375,-53.8359375
WOD_Ruins,0,WOD_Ruins_06,617,53,68,64,617.5,-53.5
WOD_GuardTower,0,WOD_Guardtower_01,617,53,67,21,617.5,-53.8359375
WOD_BanditCamp,0,WOD_BanditCamp_08,623,53,107,64,623.8359375,-53.5
WOD_Ruins,0,WOD_Ruins_06,626,53,21,107,626.1640625,-53.1640625
WOD_BanditCamp,0,WOD_BanditCamp_07,634,53,21,21,634.1640625,-53.8359375
WOD_Shrine,0,WOD_Shrine_Stendarr_Major_04,645,53,21,24,645.1640625,-53.8359375
WOD_OrcCamp,0,WOD_OrcCamp_Medium_03,645,53,107,21,645.8359375,-53.8359375
WOD_Ruins,0,WOD_Ruins_03,650,53,21,64,650.1640625,-53.5
WOD_GuardTower,0,WOD_Guardtower_01,655,53,21,60,655.1640625,-53.5
WOD_BanditFort,0,WOD_BanditFort_01,655,53,64,107,655.5,-53.1640625
WOD_Ruins,0,WOD_Ruins_02,597,54,21,64,597.1640625,-54.5
WOD_BanditCamp,0,WOD_BanditCamp_01,599,54,64,107,599.5,-54.1640625
WOD_BanditCamp,0,WOD_BanditCamp_09,602,54,64,21,602.5,-54.8359375
WOD_Ruins,0,WOD_Ruins_03,611,54,64,21,611.5,-54.8359375
WOD_BanditCamp,0,WOD_BanditCamp_02,614,54,21,64,614.1640625,-54.5
WOD_BanditCamp,0,WOD_BanditCamp_02,614,54,64,21,614.5,-54.8359375
WOD_Ruins,0,WOD_Ruins_06,618,54,107,107,618.8359375,-54.1640625
WOD_BanditFort,0,WOD_BanditFort_01,632,54,64,107,632.5,-54.1640625
WOD_BanditFort,0,WOD_BanditFort_01,638,54,69,21,638.5,-54.8359375
WOD_GuardTower,0,WOD_Guardtower_01,638,54,107,111,638.8359375,-54.1640625
WOD_BanditFort,0,WOD_BanditFort_01,639,54,21,64,639.1640625,-54.5
WOD_Ruins,0,WOD_Ruins_04,639,54,21,107,639.1640625,-54.1640625
WOD_Ruins,0,WOD_Ruins_03,639,54,107,21,639.8359375,-54.8359375
WOD_Ruins,0,WOD_Ruins_03,654,54,21,64,654.1640625,-54.5
WOD_Ruins,0,WOD_Ruins_05,597,55,64,21,597.5,-55.8359375
WOD_Ruins,0,WOD_Ruins_02,597,55,64,107,597.5,-55.1640625
WOD_GuardTower,0,WOD_Guardtower_01,608,55,64,62,608.5,-55.5
WOD_GuardTower,0,WOD_Guardtower_01,608,55,107,68,608.8359375,-55.5
WOD_Ruins,0,WOD_Ruins_06,608,55,107,21,608.8359375,-55.8359375
WOD_BanditFort,0,WOD_BanditFort_01,610,55,107,107,610.8359375,-55.1640625
WOD_BanditFort,0,WOD_BanditFort_01,611,55,64,21,611.5,-55.8359375
WOD_BanditCamp,0,WOD_BanditCamp_04,611,55,107,107,611.8359375,-55.1640625
WOD_Ruins,0,WOD_Ruins_01,612,55,21,107,612.1640625,-55.1640625
WOD_Ruins,0,WOD_Ruins_01,612,55,64,21,612.5,-55.8359375
WOD_GuardTower,0,WOD_Guardtower_01,618,55,64,62,618.5,-55.5
WOD_GuardTower,0,WOD_Guardtower_01,618,55,107,68,618.8359375,-55.5
WOD_OrcCamp,0,WOD_OrcCamp_Small_02,632,55,21,28,632.1640625,-55.8359375
WOD_Shrine,0,WOD_Shrine_Zenithar_Major_08,632,55,62,107,632.5,-55.1640625
WOD_GuardTower,0,WOD_Guardtower_01,638,55,21,25,638.1640625,-55.8359375
WOD_BanditCamp,0,WOD_BanditCamp_05,638,55,21,107,638.1640625,-55.1640625
WOD_Ruins,0,WOD_Ruins_01,639,55,107,21,639.8359375,-55.8359375
WOD_BanditCamp,0,WOD_BanditCamp_07,642,55,21,21,642.1640625,-55.8359375
WOD_BanditCamp,0,WOD_BanditCamp_05,643,55,107,21,643.8359375,-55.8359375
WOD_Shrine,0,WOD_Shrine_Stendarr_Minor_05,609,56,62,64,609.5,-56.5
WOD_GuardTower,0,WOD_Guardtower_01,609,56,67,107,609.5,-56.1640625
WOD_BanditCamp,0,WOD_BanditCamp_04,609,56,21,64,609.1640625,-56.5
WOD_GuardTower,0,WOD_Guardtower_01,612,56,21,111,612.1640625,-56.1640625
WOD_Ruins,0,WOD_Ruins_01,613,56,107,68,613.8359375,-56.5
WOD_GuardTower,0,WOD_Guardtower_01,613,56,21,68,613.1640625,-56.5
WOD_Shrine,0,WOD_Shrine_Zenithar_Minor_07,614,56,21,62,614.1640625,-56.5
WOD_BanditFort,0,WOD_BanditFort_01,614,56,21,107,614.1640625,-56.1640625
WOD_GuardTower,0,WOD_Guardtower_01,616,56,107,111,616.8359375,-56.1640625
WOD_Shrine,0,WOD_Shrine_Stendarr_Minor_06,620,56,107,21,620.8359375,-56.8359375
WOD_Ruins,0,WOD_Ruins_01,623,56,64,21,623.5,-56.8359375
WOD_Ruins,0,WOD_Ruins_05,625,56,21,107,625.1640625,-56.1640625
WOD_BanditFort,0,WOD_BanditFort_01,631,56,56,64,631.5,-56.5
WOD_OrcCamp,0,WOD_OrcCamp_Medium_02,634,56,21,64,634.1640625,-56.5
WOD_Ruins,0,WOD_Ruins_06,644,56,21,21,644.1640625,-56.8359375
WOD_Ruins,0,WOD_Ruins_05,644,56,21,64,644.1640625,-56.5
WOD_BanditCamp,0,WOD_BanditCamp_04,644,56,64,21,644.5,-56.8359375
WOD_Ruins,0,WOD_Ruins_04,600,57,107,107,600.8359375,-57.1640625
WOD_BanditCamp,0,WOD_BanditCamp_06,611,57,107,64,611.8359375,-57.5
WOD_Ruins,0,WOD_Ruins_01,612,57,64,107,612.5,-57.1640625
WOD_BanditCamp,0,WOD_BanditCamp_02,616,57,107,21,616.8359375,-57.8359375
WOD_Ruins,0,WOD_Ruins_04,618,57,107,107,618.8359375,-57.1640625
WOD_BanditCamp,0,WOD_BanditCamp_05,629,57,64,107,629.5,-57.1640625
WOD_Ruins,0,WOD_Ruins_03,634,57,69,107,634.5,-57.1640625
WOD_Shrine,0,WOD_Shrine_Zenithar_Major_04,634,57,107,24,634.8359375,-57.8359375
WOD_Shrine,0,WOD_Shrine_Zenithar_Major_01,637,57,66,107,637.5,-57.1640625
WOD_BanditCamp,0,WOD_BanditCamp_09,638,57,21,64,638.1640625,-57.5
WOD_BanditCamp,0,WOD_BanditCamp_08,646,57,21,58,646.1640625,-57.5
WOD_Ruins,0,WOD_Ruins_04,646,57,64,107,646.5,-57.1640625
WOD_BanditCamp,0,WOD_BanditCamp_05,648,57,107,21,648.8359375,-57.8359375
WOD_Ruins,0,WOD_Ruins_05,593,58,64,107,593.5,-58.1640625
WOD_Ruins,0,WOD_Ruins_05,595,58,21,64,595.1640625,-58.5
WOD_BanditCamp,0,WOD_BanditCamp_02,601,58,21,64,601.1640625,-58.5
WOD_BanditCamp,0,WOD_BanditCamp_03,602,58,21,107,602.1640625,-58.1640625
WOD_GuardTower,0,WOD_Guardtower_01,604,58,21,25,604.1640625,-58.8359375
WOD_GuardTower,0,WOD_Guardtower_01,604,58,107,111,604.8359375,-58.1640625
WOD_GuardTower,0,WOD_Guardtower_01,609,58,67,21,609.5,-58.8359375
WOD_Ruins,0,WOD_Ruins_06,621,58,21,64,621.1640625,-58.5
WOD_Ruins,0,WOD_Ruins_03,621,58,107,64,621.8359375,-58.5
WOD_BanditFort,0,WOD_BanditFort_01,625,58,107,21,625.8359375,-58.8359375
WOD_Ruins,0,WOD_Ruins_04,630,58,21,26,630.1640625,-58.8359375
WOD_Ruins,0,WOD_Ruins_01,630,58,64,21,630.5,-58.8359375
WOD_BanditCamp,0,WOD_BanditCamp_08,631,58,21,64,631.1640625,-58.5
WOD_Ruins,0,WOD_Ruins_01,631,58,107,64,631.8359375,-58.5
WOD_Shrine,0,WOD_Shrine_Stendarr_Minor_07,651,58,107,21,651.8359375,-58.8359375
WOD_Ruins,0,WOD_Ruins_06,654,58,107,64,654.8359375,-58.5
WOD_GuardTower,0,WOD_Guardtower_01,597,59,21,111,597.1640625,-59.1640625
WOD_Ruins,0,WOD_Ruins_06,597,59,107,107,597.8359375,-59.1640625
WOD_Ruins,0,WOD_Ruins_05,600,59,21,64,600.1640625,-59.5
WOD_GuardTower,0,WOD_Guardtower_01,603,59,107,111,603.8359375,-59.1640625
WOD_BanditCamp,0,WOD_BanditCamp_03,606,59,107,107,606.8359375,-59.1640625
WOD_BanditCamp,0,WOD_BanditCamp_09,607,59,21,107,607.1640625,-59.1640625
WOD_Ruins,0,WOD_Ruins_02,626,59,64,107,626.5,-59.1640625
WOD_BanditCamp,0,WOD_BanditCamp_02,626,59,107,107,626.8359375,-59.1640625
WOD_Ruins,0,WOD_Ruins_02,633,59,21,60,633.1640625,-59.5
WOD_GuardTower,0,WOD_Guardtower_01,634,59,64,59,634.5,-59.5
WOD_GuardTower,0,WOD_Guardtower_01,634,59,107,111,634.8359375,-59.1640625
WOD_BanditFort,0,WOD_BanditFort_01,635,59,69,107,635.5,-59.1640625
WOD_Ruins,0,WOD_Ruins_03,636,59,21,21,636.1640625,-59.8359375
WOD_BanditCamp,0,WOD_BanditCamp_07,637,59,21,64,637.1640625,-59.5
WOD_Ruins,0,WOD_Ruins_04,647,59,60,107,647.5,-59.1640625
WOD_GuardTower,0,WOD_Guardtower_01,651,59,61,107,651.5,-59.1640625
WOD_Ruins,0,WOD_Ruins_01,591,60,21,107,591.1640625,-60.1640625
WOD_BanditFort,0,WOD_BanditFort_01,594,60,21,21,594.1640625,-60.8359375
WOD_GuardTower,0,WOD_Guardtower_01,598,60,64,69,598.5,-60.5
WOD_Shrine,0,WOD_Shrine_Stendarr_Major_04,598,60,64,21,598.5,-60.8359375
WOD_Shrine,0,WOD_Shrine_Zenithar_Major_05,601,60,21,62,601.1640625,-60.5
WOD_Ruins,0,WOD_Ruins_02,607,60,21,64,607.1640625,-60.5
WOD_BanditFort,0,WOD_BanditFort_01,607,60,64,21,607.5,-60.8359375
WOD_BanditCamp,0,WOD_BanditCamp_04,619,60,107,107,619.8359375,-60.1640625
WOD_Shrine,0,WOD_Shrine_Zenithar_Major_04,623,60,64,21,623.5,-60.8359375
WOD_Shrine,0,WOD_Shrine_Dibella_01,624,60,64,107,624.5,-60.1640625
WOD_GuardTower,0,WOD_Guardtower_01,624,60,107,68,624.8359375,-60.5
WOD_GuardTower,0,WOD_Guardtower_01,625,60,107,68,625.8359375,-60.5
WOD_GuardTower,0,WOD_Guardtower_01,628,60,107,60,628.8359375,-60.5
WOD_GuardTower,0,WOD_Guardtower_01,629,60,61,107,629.5,-60.1640625
WOD_Ruins,0,WOD_Ruins_01,630,60,21,107,630.1640625,-60.1640625
WOD_Shrine,0,WOD_Shrine_Zenithar_Major_07,635,60,66,107,635.5,-60.1640625
WOD_BanditCamp,0,WOD_BanditCamp_07,636,60,21,64,636.1640625,-60.5
WOD_GuardTower,0,WOD_Guardtower_01,637,60,67,21,637.5,-60.8359375
WOD_Ruins,0,WOD_Ruins_06,639,60,107,107,639.8359375,-60.1640625
WOD_Ruins,0,WOD_Ruins_02,646,60,107,112,646.8359375,-60.1640625
WOD_Ruins,0,WOD_Ruins_01,651,60,56,56,651.5,-60.5
WOD_Ruins,0,WOD_Ruins_02,652,60,64,107,652.5,-60.1640625
WOD_Ruins,0,WOD_Ruins_01,653,60,64,21,653.5,-60.8359375
WOD_BanditCamp,0,WOD_BanditCamp_09,589,61,21,21,589.1640625,-61.8359375
WOD_BanditCamp,0,WOD_BanditCamp_04,596,61,107,107,596.8359375,-61.1640625
WOD_Shrine,0,WOD_Shrine_Stendarr_Minor_06,602,61,21,21,602.1640625,-61.8359375
WOD_Ruins,0,WOD_Ruins_03,611,61,64,107,611.5,-61.1640625
WOD_BanditCamp,0,WOD_BanditCamp_04,613,61,107,64,613.8359375,-61.5
WOD_BanditCamp,0,WOD_BanditCamp_07,622,61,21,28,622.1640625,-61.8359375
WOD_Ruins,0,WOD_Ruins_06,624,61,107,107,624.8359375,-61.1640625
WOD_BanditFort,0,WOD_BanditFort_01,625,61,64,21,625.5,-61.8359375
WOD_BanditCamp,0,WOD_BanditCamp_08,633,61,21,21,633.1640625,-61.8359375
WOD_BanditCamp,0,WOD_BanditCamp_03,633,61,107,107,633.8359375,-61.1640625
WOD_BanditCamp,0,WOD_BanditCamp_03,634,61,21,107,634.1640625,-61.1640625
WOD_BanditCamp,0,WOD_BanditCamp_07,635,61,21,64,635.1640625,-61.5
WOD_BanditCamp,0,WOD_BanditCamp_05,642,61,64,21,642.5,-61.8359375
WOD_Shrine,0,WOD_Shrine_Zenithar_Major_03,654,61,21,110,654.1640625,-61.1640625
WOD_BanditCamp,0,WOD_BanditCamp_02,561,62,21,64,561.1640625,-62.5
WOD_BanditCamp,0,WOD_BanditCamp_05,569,62,21,107,569.1640625,-62.1640625
WOD_BanditCamp,0,WOD_BanditCamp_09,569,62,107,21,569.8359375,-62.8359375
WOD_Ruins,0,WOD_Ruins_02,573,62,64,21,573.5,-62.8359375
WOD_Shrine,0,WOD_Shrine_Zenithar_Minor_03,577,62,107,110,577.8359375,-62.1640625
WOD_OrcCamp,0,WOD_OrcCamp_Small_03,577,62,21,21,577.1640625,-62.8359375
WOD_Shrine,0,WOD_Shrine_Stendarr_Minor_06,595,62,107,110,595.8359375,-62.1640625
WOD_BanditCamp,0,WOD_BanditCamp_08,595,62,107,21,595.8359375,-62.8359375
WOD_BanditCamp,0,WOD_BanditCamp_09,607,62,107,64,607.8359375,-62.5
WOD_BanditCamp,0,WOD_BanditCamp_09,611,62,21,21,611.1640625,-62.8359375
WOD_BanditFort,0,WOD_BanditFort_01,613,62,107,21,613.8359375,-62.8359375
WOD_BanditCamp,0,WOD_BanditCamp_03,615,62,107,107,615.8359375,-62.1640625
WOD_BanditFort,0,WOD_BanditFort_01,625,62,107,64,625.8359375,-62.5
WOD_BanditCamp,0,WOD_BanditCamp_08,629,62,64,107,629.5,-62.1640625
WOD_BanditCamp,0,WOD_BanditCamp_03,634,62,107,64,634.8359375,-62.5
WOD_Ruins,0,WOD_Ruins_02,635,62,107,107,635.8359375,-62.1640625
WOD_BanditCamp,0,WOD_BanditCamp_02,636,62,21,107,636.1640625,-62.1640625
WOD_Ruins,0,WOD_Ruins_04,636,62,64,21,636.5,-62.8359375
WOD_GuardTower,0,WOD_Guardtower_01,637,62,107,25,637.8359375,-62.8359375
WOD_Ruins,0,WOD_Ruins_06,637,62,21,21,637.1640625,-62.8359375
WOD_Ruins,0,WOD_Ruins_01,645,62,56,64,645.5,-62.5
WOD_Ruins,0,WOD_Ruins_06,645,62,64,107,645.5,-62.1640625
WOD_BanditCamp,0,WOD_BanditCamp_01,558,63,21,107,558.1640625,-63.1640625
WOD_Ruins,0,WOD_Ruins_06,563,63,107,58,563.8359375,-63.5
WOD_Shrine,0,WOD_Shrine_Stendarr_Major_04,564,63,21,21,564.1640625,-63.8359375
WOD_BanditCamp,0,WOD_BanditCamp_05,567,63,21,21,567.1640625,-63.8359375
WOD_Shrine,0,WOD_Shrine_Stendarr_Major_03,577,63,62,107,577.5,-63.1640625
WOD_Ruins,0,WOD_Ruins_06,577,63,64,21,577.5,-63.8359375
WOD_BanditCamp,0,WOD_BanditCamp_07,589,63,107,64,589.8359375,-63.5
WOD_BanditCamp,0,WOD_BanditCamp_07,592,63,64,21,592.5,-63.8359375
WOD_BanditCamp,0,WOD_BanditCamp_09,593,63,21,21,593.1640625,-63.8359375
WOD_Ruins,0,WOD_Ruins_01,598,63,21,21,598.1640625,-63.8359375
WOD_BanditCamp,0,WOD_BanditCamp_04,598,63,64,107,598.5,-63.1640625
WOD_BanditCamp,0,WOD_BanditCamp_04,599,63,107,107,599.8359375,-63.1640625
WOD_GuardTower,0,WOD_Guardtower_01,602,63,67,21,602.5,-63.8359375
WOD_Shrine,0,WOD_Shrine_Stendarr_Major_05,612,63,107,24,612.8359375,-63.8359375
WOD_BanditCamp,0,WOD_BanditCamp_02,613,63,21,64,613.1640625,-63.5
WOD_BanditCamp,0,WOD_BanditCamp_02,617,63,21,64,617.1640625,-63.5
WOD_BanditCamp,0,WOD_BanditCamp_02,620,63,107,21,620.8359375,-63.8359375
WOD_BanditCamp,0,WOD_BanditCamp_01,621,63,60,64,621.5,-63.5
WOD_Shrine,0,WOD_Shrine_Zenithar_Minor_01,632,63,21,64,632.1640625,-63.5
WOD_BanditCamp,0,WOD_BanditCamp_08,632,63,64,107,632.5,-63.1640625
WOD_BanditCamp,0,WOD_BanditCamp_02,635,63,21,107,635.1640625,-63.1640625
WOD_BanditCamp,0,WOD_BanditCamp_01,637,63,64,21,637.5,-63.8359375
WOD_Ruins,0,WOD_Ruins_05,645,63,59,21,645.5,-63.8359375
WOD_Ruins,0,WOD_Ruins_05,650,63,64,21,650.5,-63.8359375
WOD_BanditCamp,0,WOD_BanditCamp_05,559,64,21,21,559.1640625,-64.8359375
WOD_Ruins,0,WOD_Ruins_04,561,64,64,21,561.5,-64.8359375
WOD_BanditCamp,0,WOD_BanditCamp_06,562,64,64,107,562.5,-64.1640625
WOD_Ruins,0,WOD_Ruins_04,563,64,21,107,563.1640625,-64.1640625
WOD_BanditCamp,0,WOD_BanditCamp_03,567,64,57,21,567.5,-64.8359375
WOD_Shrine,0,WOD_Shrine_Stendarr_Minor_07,567,64,61,107,567.5,-64.1640625
WOD_BanditCamp,0,WOD_BanditCamp_02,567,64,107,107,567.8359375,-64.1640625
WOD_BanditFort,0,WOD_BanditFort_01,576,64,21,28,576.1640625,-64.8359375
WOD_Ruins,0,WOD_Ruins_02,581,64,64,21,581.5,-64.8359375
WOD_Ruins,0,WOD_Ruins_05,582,64,64,21,582.5,-64.8359375
WOD_BanditCamp,0,WOD_BanditCamp_09,590,64,107,107,590.8359375,-64.1640625
WOD_Ruins,0,WOD_Ruins_04,595,64,64,21,595.5,-64.8359375
WOD_BanditFort,0,WOD_BanditFort_01,597,64,107,64,597.8359375,-64.5
WOD_BanditCamp,0,WOD_BanditCamp_04,602,64,71,21,602.5,-64.8359375
WOD_GuardTower,0,WOD_Guardtower_01,602,64,61,107,602.5,-64.1640625
WOD_Ruins,0,WOD_Ruins_01,603,64,64,21,603.5,-64.8359375
WOD_BanditCamp,0,WOD_BanditCamp_02,604,64,21,64,604.1640625,-64.5
WOD_Ruins,0,WOD_Ruins_03,606,64,107,21,606.8359375,-64.8359375
WOD_Shrine,0,WOD_Shrine_Dibella_01,613,64,58,64,613.5,-64.5
WOD_Shrine,0,WOD_Shrine_Stendarr_Major_05,613,64,21,110,613.1640625,-64.1640625
WOD_Shrine,0,WOD_Shrine_Zenithar_Major_07,625,64,21,107,625.1640625,-64.1640625
WOD_Ruins,0,WOD_Ruins_02,625,64,64,107,625.5,-64.1640625
WOD_Ruins,0,WOD_Ruins_02,629,64,107,64,629.8359375,-64.5
WOD_Ruins,0,WOD_Ruins_03,633,64,64,107,633.5,-64.1640625
WOD_Shrine,0,WOD_Shrine_Stendarr_Minor_04,635,64,62,64,635.5,-64.5
WOD_BanditFort,0,WOD_BanditFort_01,636,64,21,107,636.1640625,-64.1640625
WOD_BanditCamp,0,WOD_BanditCamp_02,638,64,107,107,638.8359375,-64.1640625
WOD_BanditCamp,0,WOD_BanditCamp_04,639,64,21,64,639.1640625,-64.5
WOD_Ruins,0,WOD_Ruins_05,641,64,21,107,641.1640625,-64.1640625
WOD_Shrine,0,WOD_Shrine_Zenithar_Major_01,645,64,62,21,645.5,-64.8359375
WOD_BanditCamp,0,WOD_BanditCamp_05,645,64,107,107,645.8359375,-64.1640625
WOD_Ruins,0,WOD_Ruins_05,560,65,64,21,560.5,-65.8359375
WOD_Ruins,0,WOD_Ruins_06,561,65,107,114,561.8359375,-65.1640625
WOD_BanditCamp,0,WOD_BanditCamp_08,567,65,107,64,567.8359375,-65.5
WOD_BanditFort,0,WOD_BanditFort_01,568,65,21,21,568.1640625,-65.8359375
WOD_Ruins,0,WOD_Ruins_04,575,65,107,112,575.8359375,-65.1640625
WOD_Ruins,0,WOD_Ruins_02,577,65,64,21,577.5,-65.8359375
WOD_BanditCamp,0,WOD_BanditCamp_01,579,65,107,27,579.8359375,-65.8359375
WOD_Ruins,0,WOD_Ruins_05,583,65,21,21,583.1640625,-65.8359375
WOD_BanditFort,0,WOD_BanditFort_01,583,65,64,107,583.5,-65.1640625
WOD_Shrine,0,WOD_Shrine_Zenithar_Major_01,584,65,21,24,584.1640625,-65.8359375
WOD_Ruins,0,WOD_Ruins_05,584,65,64,107,584.5,-65.1640625
WOD_BanditFort,0,WOD_BanditFort_01,586,65,107,107,586.8359375,-65.1640625
WOD_Ruins,0,WOD_Ruins_01,593,65,107,114,593.8359375,-65.1640625
WOD_Ruins,0,WOD_Ruins_01,612,65,107,107,612.8359375,-65.1640625
WOD_Shrine,0,WOD_Shrine_Zenithar_Major_08,614,65,107,62,614.8359375,-65.5
WOD_Shrine,0,WOD_Shrine_Stendarr_Minor_04,614,65,107,107,614.8359375,-65.1640625
WOD_BanditCamp,0,WOD_BanditCamp_01,615,65,21,107,615.1640625,-65.1640625
WOD_BanditCamp,0,WOD_BanditCamp_06,615,65,107,21,615.8359375,-65.8359375
WOD_GuardTower,0,WOD_Guardtower_01,615,65,107,60,615.8359375,-65.5
WOD_Ruins,0,WOD_Ruins_03,621,65,68,64,621.5,-65.5
WOD_Ruins,0,WOD_Ruins_05,621,65,59,107,621.5,-65.1640625
WOD_Ruins,0,WOD_Ruins_04,629,65,107,107,629.8359375,-65.1640625
WOD_BanditCamp,0,WOD_BanditCamp_08,635,65,107,29,635.8359375,-65.8359375
WOD_Ruins,0,WOD_Ruins_02,646,65,64,107,646.5,-65.1640625
WOD_Ruins,0,WOD_Ruins_01,648,65,21,64,648.1640625,-65.5
WOD_BanditCamp,0,WOD_BanditCamp_05,557,66,64,21,557.5,-66.8359375
WOD_Ruins,0,WOD_Ruins_05,559,66,21,21,559.1640625,-66.8359375
WOD_Ruins,0,WOD_Ruins_01,564,66,64,107,564.5,-66.1640625
WOD_GuardTower,0,WOD_Guardtower_01,565,66,62,64,565.5,-66.5
WOD_GuardTower,0,WOD_Guardtower_01,565,66,61,21,565.5,-66.8359375
WOD_Ruins,0,WOD_Ruins_02,566,66,21,21,566.1640625,-66.8359375
WOD_Ruins,0,WOD_Ruins_02,567,66,107,64,567.8359375,-66.5
WOD_Ruins,0,WOD_Ruins_02,573,66,107,107,573.8359375,-66.1640625
WOD_BanditCamp,0,WOD_BanditCamp_05,574,66,21,64,574.1640625,-66.5
WOD_BanditCamp,0,WOD_BanditCamp_01,574,66,21,107,574.1640625,-66.1640625
WOD_Ruins,0,WOD_Ruins_03,582,66,21,64,582.1640625,-66.5
WOD_BanditFort,0,WOD_BanditFort_01,583,66,64,56,583.5,-66.5
WOD_Ruins,0,WOD_Ruins_01,584,66,21,107,584.1640625,-66.1640625
WOD_Shrine,0,WOD_Shrine_Stendarr_Minor_02,585,66,62,107,585.5,-66.1640625
WOD_GuardTower,0,WOD_Guardtower_01,585,66,67,21,585.5,-66.8359375
WOD_Ruins,0,WOD_Ruins_04,591,66,64,21,591.5,-66.8359375
WOD_BanditCamp,0,WOD_BanditCamp_01,592,66,64,21,592.5,-66.8359375
WOD_Ruins,0,WOD_Ruins_01,592,66,64,107,592.5,-66.1640625
WOD_Ruins,0,WOD_Ruins_01,592,66,107,21,592.8359375,-66.8359375
WOD_BanditFort,0,WOD_BanditFort_01,608,66,64,107,608.5,-66.1640625
WOD_BanditCamp,0,WOD_BanditCamp_02,611,66,64,21,611.5,-66.8359375
WOD_Shrine,0,WOD_Shrine_Zenithar_Minor_06,618,66,21,107,618.1640625,-66.1640625
WOD_BanditFort,0,WOD_BanditFort_01,629,66,21,21,629.1640625,-66.8359375
WOD_BanditCamp,0,WOD_BanditCamp_06,629,66,21,64,629.1640625,-66.5
WOD_BanditCamp,0,WOD_BanditCamp_02,629,66,64,107,629.5,-66.1640625
WOD_BanditCamp,0,WOD_BanditCamp_09,629,66,107,21,629.8359375,-66.8359375
WOD_Ruins,0,WOD_Ruins_02,634,66,64,107,634.5,-66.1640625
WOD_Ruins,0,WOD_Ruins_04,638,66,21,64,638.1640625,-66.5
WOD_BanditCamp,0,WOD_BanditCamp_08,638,66,107,64,638.8359375,-66.5
WOD_GuardTower,0,WOD_Guardtower_01,646,66,107,64,646.8359375,-66.5
WOD_GuardTower,0,WOD_Guardtower_01,646,66,107,107,646.8359375,-66.1640625
WOD_Ruins,0,WOD_Ruins_05,649,66,21,64,649.1640625,-66.5
WOD_Ruins,0,WOD_Ruins_06,650,66,21,107,650.1640625,-66.1640625
WOD_OrcCamp,0,WOD_OrcCamp_Medium_01,651,66,21,107,651.1640625,-66.1640625
WOD_Shrine,0,WOD_Shrine_Stendarr_Major_01,654,66,107,107,654.8359375,-66.1640625
WOD_BanditCamp,0,WOD_BanditCamp_09,655,66,21,64,655.1640625,-66.5
WOD_BanditCamp,0,WOD_BanditCamp_05,558,67,107,21,558.8359375,-67.8359375
WOD_BanditCamp,0,WOD_BanditCamp_02,559,67,68,21,559.5,-67.8359375
WOD_BanditCamp,0,WOD_BanditCamp_01,563,67,107,64,563.8359375,-67.5
WOD_GuardTower,0,WOD_Guardtower_01,565,67,61,21,565.5,-67.8359375
WOD_BanditCamp,0,WOD_BanditCamp_02,568,67,60,21,568.5,-67.8359375
WOD_BanditCamp,0,WOD_BanditCamp_04,571,67,21,21,571.1640625,-67.8359375
WOD_Ruins,0,WOD_Ruins_03,571,67,64,107,571.5,-67.1640625
WOD_OrcCamp,0,WOD_OrcCamp_Small_01,572,67,21,107,572.1640625,-67.1640625
WOD_BanditCamp,0,WOD_BanditCamp_07,573,67,107,114,573.8359375,-67.1640625
WOD_BanditCamp,0,WOD_BanditCamp_06,573,67,21,27,573.1640625,-67.8359375
WOD_BanditFort,0,WOD_BanditFort_01,573,67,107,21,573.8359375,-67.8359375
WOD_BanditCamp,0,WOD_BanditCamp_09,579,67,64,21,579.5,-67.8359375
WOD_Shrine,0,WOD_Shrine_Zenithar_Major_07,581,67,21,21,581.1640625,-67.8359375
WOD_BanditCamp,0,WOD_BanditCamp_07,581,67,21,64,581.1640625,-67.5
WOD_OrcCamp,0,WOD_OrcCamp_Small_01,581,67,21,115,581.1640625,-67.1640625
WOD_Ruins,0,WOD_Ruins_04,588,67,64,107,588.5,-67.1640625
WOD_BanditFort,0,WOD_BanditFort_01,591,67,69,21,591.5,-67.8359375
WOD_Ruins,0,WOD_Ruins_06,601,67,64,21,601.5,-67.8359375
WOD_GuardTower,0,WOD_Guardtower_01,620,67,107,68,620.8359375,-67.5
WOD_BanditCamp,0,WOD_BanditCamp_06,624,67,64,21,624.5,-67.8359375
WOD_Ruins,0,WOD_Ruins_02,636,67,61,64,636.5,-67.5
WOD_Ruins,0,WOD_Ruins_02,636,67,68,107,636.5,-67.1640625
WOD_Shrine,0,WOD_Shrine_Zenithar_Major_03,650,67,66,21,650.5,-67.8359375
WOD_BanditCamp,0,WOD_BanditCamp_06,559,68,59,107,559.5,-68.1640625
WOD_OrcCamp,0,WOD_OrcCamp_Small_02,560,68,21,107,560.1640625,-68.1640625
WOD_GuardTower,0,WOD_Guardtower_01,565,68,67,107,565.5,-68.1640625
WOD_BanditCamp,0,WOD_BanditCamp_07,571,68,107,107,571.8359375,-68.1640625
WOD_Ruins,0,WOD_Ruins_06,572,68,21,28,572.1640625,-68.8359375
WOD_Ruins,0,WOD_Ruins_04,577,68,21,64,577.1640625,-68.5
WOD_BanditCamp,0,WOD_BanditCamp_03,577,68,64,107,577.5,-68.1640625
WOD_BanditFort,0,WOD_BanditFort_01,578,68,64,107,578.5,-68.1640625
WOD_BanditCamp,0,WOD_BanditCamp_09,581,68,74,64,581.5,-68.5
WOD_BanditCamp,0,WOD_BanditCamp_05,583,68,21,64,583.1640625,-68.5
WOD_Ruins,0,WOD_Ruins_03,583,68,64,21,583.5,-68.8359375
WOD_BanditFort,0,WOD_BanditFort_01,585,68,21,64,585.1640625,-68.5
WOD_BanditCamp,0,WOD_BanditCamp_04,604,68,64,107,604.5,-68.1640625
WOD_BanditCamp,0,WOD_BanditCamp_05,611,68,107,21,611.8359375,-68.8359375
WOD_Ruins,0,WOD_Ruins_03,611,68,107,107,611.8359375,-68.1640625
WOD_BanditCamp,0,WOD_BanditCamp_02,616,68,64,21,616.5,-68.8359375
WOD_Ruins,0,WOD_Ruins_02,617,68,21,21,617.1640625,-68.8359375
WOD_Shrine,0,WOD_Shrine_Stendarr_Minor_06,621,68,66,21,621.5,-68.8359375
WOD_Shrine,0,WOD_Shrine_Zenithar_Minor_04,624,68,107,66,624.8359375,-68.5
WOD_Ruins,0,WOD_Ruins_02,624,68,21,60,624.1640625,-68.5
WOD_BanditCamp,0,WOD_BanditCamp_03,624,68,107,21,624.8359375,-68.8359375
WOD_Shrine,0,WOD_Shrine_Zenithar_Major_07,626,68,64,68,626.5,-68.5
WOD_Ruins,0,WOD_Ruins_04,632,68,64,107,632.5,-68.1640625
WOD_BanditCamp,0,WOD_BanditCamp_01,632,68,107,21,632.8359375,-68.8359375
WOD_Shrine,0,WOD_Shrine_Zenithar_Minor_04,636,68,66,21,636.5,-68.8359375
WOD_BanditCamp,0,WOD_BanditCamp_01,636,68,68,107,636.5,-68.1640625
WOD_Shrine,0,WOD_Shrine_Zenithar_Major_02,643,68,64,68,643.5,-68.5
WOD_GuardTower,0,WOD_Guardtower_01,643,68,107,25,643.8359375,-68.8359375
WOD_BanditCamp,0,WOD_BanditCamp_08,645,68,21,64,645.1640625,-68.5
WOD_BanditCamp,0,WOD_BanditCamp_05,647,68,107,21,647.8359375,-68.8359375
WOD_GuardTower,0,WOD_Guardtower_01,650,68,61,107,650.5,-68.1640625
WOD_Ruins,0,WOD_Ruins_06,559,69,70,107,559.5,-69.1640625
WOD_Ruins,0,WOD_Ruins_01,560,69,64,21,560.5,-69.8359375
WOD_BanditCamp,0,WOD_BanditCamp_03,563,69,107,64,563.8359375,-69.5
WOD_Ruins,0,WOD_Ruins_02,566,69,64,107,566.5,-69.1640625
WOD_Shrine,0,WOD_Shrine_Zenithar_Minor_02,568,69,107,24,568.8359375,-69.8359375
WOD_BanditCamp,0,WOD_BanditCamp_04,570,69,21,21,570.1640625,-69.8359375
WOD_BanditCamp,0,WOD_BanditCamp_01,571,69,21,21,571.1640625,-69.8359375
WOD_Ruins,0,WOD_Ruins_06,571,69,107,114,571.8359375,-69.1640625
WOD_Ruins,0,WOD_Ruins_01,573,69,107,107,573.8359375,-69.1640625
WOD_BanditFort,0,WOD_BanditFort_01,575,69,107,107,575.8359375,-69.1640625
WOD_Ruins,0,WOD_Ruins_05,582,69,107,28,582.8359375,-69.8359375
WOD_BanditCamp,0,WOD_BanditCamp_04,586,69,107,64,586.8359375,-69.5
WOD_Shrine,0,WOD_Shrine_Stendarr_Major_05,590,69,21,64,590.1640625,-69.5
WOD_Ruins,0,WOD_Ruins_05,590,69,107,64,590.8359375,-69.5
WOD_BanditFort,0,WOD_BanditFort_01,591,69,107,21,591.8359375,-69.8359375
WOD_Ruins,0,WOD_Ruins_02,593,69,21,107,593.1640625,-69.1640625
WOD_BanditCamp,0,WOD_BanditCamp_08,604,69,107,21,604.8359375,-69.8359375
WOD_GuardTower,0,WOD_Guardtower_01,605,69,21,111,605.1640625,-69.1640625
WOD_BanditCamp,0,WOD_BanditCamp_06,608,69,64,21,608.5,-69.8359375
WOD_BanditCamp,0,WOD_BanditCamp_09,611,69,64,21,611.5,-69.8359375
WOD_Shrine,0,WOD_Shrine_Zenithar_Minor_05,612,69,64,62,612.5,-69.5
WOD_BanditCamp,0,WOD_BanditCamp_03,615,69,21,107,615.1640625,-69.1640625
WOD_Ruins,0,WOD_Ruins_01,618,69,21,64,618.1640625,-69.5
WOD_Ruins,0,WOD_Ruins_06,618,69,64,21,618.5,-69.8359375
WOD_BanditCamp,0,WOD_BanditCamp_05,623,69,21,64,623.1640625,-69.5
WOD_BanditFort,0,WOD_BanditFort_01,623,69,64,21,623.5,-69.8359375
WOD_BanditCamp,0,WOD_BanditCamp_06,623,69,107,21,623.8359375,-69.8359375
WOD_Shrine,0,WOD_Shrine_Stendarr_Minor_01,623,69,107,107,623.8359375,-69.1640625
WOD_BanditCamp,0,WOD_BanditCamp_03,627,69,64,74,627.5,-69.5
WOD_Shrine,0,WOD_Shrine_Zenithar_Major_05,628,69,107,66,628.8359375,-69.5
WOD_Shrine,0,WOD_Shrine_Stendarr_Minor_01,629,69,64,68,629.5,-69.5
WOD_Ruins,0,WOD_Ruins_05,636,69,68,64,636.5,-69.5
WOD_Shrine,0,WOD_Shrine_Stendarr_Minor_07,636,69,61,107,636.5,-69.1640625
WOD_Shrine,0,WOD_Shrine_Zenithar_Major_08,644,69,64,60,644.5,-69.5
WOD_BanditCamp,0,WOD_BanditCamp_04,645,69,21,21,645.1640625,-69.8359375
WOD_BanditCamp,0,WOD_BanditCamp_03,646,69,64,21,646.5,-69.8359375
WOD_GuardTower,0,WOD_Guardtower_01,650,69,62,64,650.5,-69.5
WOD_Ruins,0,WOD_Ruins_02,650,69,68,107,650.5,-69.1640625
WOD_BanditCamp,0,WOD_BanditCamp_08,651,69,21,21,651.1640625,-69.8359375
WOD_BanditCamp,0,WOD_BanditCamp_09,558,70,21,107,558.1640625,-70.1640625
WOD_BanditCamp,0,WOD_BanditCamp_02,559,70,107,21,559.8359375,-70.8359375
WOD_BanditCamp,0,WOD_BanditCamp_07,560,70,107,64,560.8359375,-70.5
WOD_GuardTower,0,WOD_Guardtower_01,565,70,61,21,565.5,-70.8359375
WOD_BanditCamp,0,WOD_BanditCamp_08,565,70,107,21,565.8359375,-70.8359375
WOD_BanditCamp,0,WOD_BanditCamp_04,568,70,21,64,568.1640625,-70.5
WOD_Ruins,0,WOD_Ruins_02,583,70,107,107,583.8359375,-70.1640625
WOD_Ruins,0,WOD_Ruins_02,586,70,21,21,586.1640625,-70.8359375
WOD_Ruins,0,WOD_Ruins_03,586,70,64,21,586.5,-70.8359375
WOD_OrcCamp,0,WOD_OrcCamp_Small_02,586,70,107,21,586.8359375,-70.8359375
WOD_Ruins,0,WOD_Ruins_05,586,70,107,107,586.8359375,-70.1640625
WOD_BanditFort,0,WOD_BanditFort_01,589,70,21,28,589.1640625,-70.8359375
WOD_Ruins,0,WOD_Ruins_01,592,70,107,64,592.8359375,-70.5
WOD_BanditCamp,0,WOD_BanditCamp_07,593,70,21,64,593.1640625,-70.5
WOD_Ruins,0,WOD_Ruins_05,610,70,64,107,610.5,-70.1640625
WOD_Ruins,0,WOD_Ruins_03,630,70,107,28,630.8359375,-70.8359375
WOD_Ruins,0,WOD_Ruins_02,633,70,64,21,633.5,-70.8359375
WOD_Ruins,0,WOD_Ruins_02,633,70,107,21,633.8359375,-70.8359375
WOD_BanditCamp,0,WOD_BanditCamp_01,636,70,21,107,636.1640625,-70.1640625
WOD_Shrine,0,WOD_Shrine_Stendarr_Major_03,639,70,21,21,639.1640625,-70.8359375
WOD_Ruins,0,WOD_Ruins_01,639,70,21,107,639.1640625,-70.1640625
WOD_BanditFort,0,WOD_BanditFort_01,639,70,64,107,639.5,-70.1640625
WOD_Ruins,0,WOD_Ruins_06,639,70,107,64,639.8359375,-70.5
WOD_BanditCamp,0,WOD_BanditCamp_08,644,70,21,21,644.1640625,-70.8359375
WOD_Shrine,0,WOD_Shrine_Zenithar_Major_03,645,70,64,68,645.5,-70.5
WOD_GuardTower,0,WOD_Guardtower_01,645,70,21,111,645.1640625,-70.1640625
WOD_Shrine,0,WOD_Shrine_Zenithar_Minor_05,645,70,64,107,645.5,-70.1640625
WOD_BanditCamp,0,WOD_BanditCamp_02,654,70,21,64,654.1640625,-70.5
WOD_BanditCamp,0,WOD_BanditCamp_02,557,71,21,69,557.1640625,-71.5
WOD_Shrine,0,WOD_Shrine_Stendarr_Minor_01,559,71,66,64,559.5,-71.5
WOD_Ruins,0,WOD_Ruins_05,559,71,21,64,559.1640625,-71.5
WOD_BanditCamp,0,WOD_BanditCamp_03,559,71,57,107,559.5,-71.1640625
WOD_Shrine,0,WOD_Shrine_Zenithar_Minor_05,565,71,66,21,565.5,-71.8359375
WOD_Ruins,0,WOD_Ruins_06,565,71,21,64,565.1640625,-71.5
WOD_Ruins,0,WOD_Ruins_04,575,71,64,107,575.5,-71.1640625
WOD_BanditCamp,0,WOD_BanditCamp_02,576,71,64,21,576.5,-71.8359375
WOD_GuardTower,0,WOD_Guardtower_01,583,71,107,111,583.8359375,-71.1640625
WOD_Shrine,0,WOD_Shrine_Zenithar_Major_08,588,71,64,21,588.5,-71.8359375
WOD_Ruins,0,WOD_Ruins_04,588,71,64,107,588.5,-71.1640625
WOD_Ruins,0,WOD_Ruins_03,602,71,107,107,602.8359375,-71.1640625
WOD_Ruins,0,WOD_Ruins_02,606,71,21,64,606.1640625,-71.5
WOD_Ruins,0,WOD_Ruins_02,609,71,21,64,609.1640625,-71.5
WOD_BanditCamp,0,WOD_BanditCamp_01,612,71,21,64,612.1640625,-71.5
WOD_BanditCamp,0,WOD_BanditCamp_07,619,71,64,107,619.5,-71.1640625
WOD_BanditCamp,0,WOD_BanditCamp_01,620,71,64,21,620.5,-71.8359375
WOD_BanditCamp,0,WOD_BanditCamp_08,624,71,64,21,624.5,-71.8359375
WOD_BanditFort,0,WOD_BanditFort_01,636,71,21,28,636.1640625,-71.8359375
WOD_Shrine,0,WOD_Shrine_Stendarr_Minor_06,646,71,107,24,646.8359375,-71.8359375
WOD_Ruins,0,WOD_Ruins_02,646,71,107,107,646.8359375,-71.1640625
WOD_GuardTower,0,WOD_Guardtower_01,650,71,61,107,650.5,-71.1640625
WOD_BanditCamp,0,WOD_BanditCamp_09,654,71,21,64,654.1640625,-71.5
WOD_BanditFort,0,WOD_BanditFort_01,654,71,107,64,654.8359375,-71.5
WOD_GuardTower,0,WOD_Guardtower_01,559,72,107,64,559.8359375,-72.5
WOD_Ruins,0,WOD_Ruins_01,564,72,21,64,564.1640625,-72.5
WOD_Ruins,0,WOD_Ruins_03,565,72,69,107,565.5,-72.1640625
WOD_GuardTower,0,WOD_Guardtower_01,565,72,21,25,565.1640625,-72.8359375
WOD_Ruins,0,WOD_Ruins_03,566,72,64,21,566.5,-72.8359375
WOD_Ruins,0,WOD_Ruins_02,573,72,107,64,573.8359375,-72.5
WOD_BanditCamp,0,WOD_BanditCamp_04,578,72,107,21,578.8359375,-72.8359375
WOD_BanditCamp,0,WOD_BanditCamp_07,582,72,21,64,582.1640625,-72.5
WOD_GuardTower,0,WOD_Guardtower_01,583,72,64,59,583.5,-72.5
WOD_Ruins,0,WOD_Ruins_02,584,72,64,70,584.5,-72.5
WOD_BanditCamp,0,WOD_BanditCamp_05,584,72,21,114,584.1640625,-72.1640625
WOD_BanditCamp,0,WOD_BanditCamp_09,584,72,21,64,584.1640625,-72.5
WOD_Ruins,0,WOD_Ruins_04,590,72,107,21,590.8359375,-72.8359375
WOD_Ruins,0,WOD_Ruins_01,604,72,21,21,604.1640625,-72.8359375
WOD_BanditCamp,0,WOD_BanditCamp_05,604,72,21,64,604.1640625,-72.5
WOD_BanditCamp,0,WOD_BanditCamp_05,604,72,21,107,604.1640625,-72.1640625
WOD_BanditCamp,0,WOD_BanditCamp_02,604,72,64,107,604.5,-72.1640625
WOD_Shrine,0,WOD_Shrine_Stendarr_Minor_04,606,72,62,64,606.5,-72.5
WOD_Ruins,0,WOD_Ruins_01,608,72,70,21,608.5,-72.8359375
WOD_BanditFort,0,WOD_BanditFort_01,619,72,107,107,619.8359375,-72.1640625
WOD_Ruins,0,WOD_Ruins_03,620,72,107,21,620.8359375,-72.8359375
WOD_GuardTower,0,WOD_Guardtower_01,621,72,67,21,621.5,-72.8359375
WOD_BanditCamp,0,WOD_BanditCamp_07,621,72,21,107,621.1640625,-72.1640625
WOD_BanditCamp,0,WOD_BanditCamp_02,624,72,21,64,624.1640625,-72.5
WOD_BanditCamp,0,WOD_BanditCamp_04,630,72,21,21,630.1640625,-72.8359375
WOD_BanditCamp,0,WOD_BanditCamp_04,630,72,107,107,630.8359375,-72.1640625
WOD_Ruins,0,WOD_Ruins_02,632,72,21,21,632.1640625,-72.8359375
WOD_BanditCamp,0,WOD_BanditCamp_01,632,72,107,59,632.8359375,-72.5
WOD_Ruins,0,WOD_Ruins_01,633,72,107,28,633.8359375,-72.8359375
WOD_Ruins,0,WOD_Ruins_03,639,72,107,107,639.8359375,-72.1640625
WOD_BanditCamp,0,WOD_BanditCamp_01,640,72,21,64,640.1640625,-72.5
WOD_GuardTower,0,WOD_Guardtower_01,647,72,21,111,647.1640625,-72.1640625
WOD_BanditCamp,0,WOD_BanditCamp_06,647,72,21,21,647.1640625,-72.8359375
WOD_BanditCamp,0,WOD_BanditCamp_02,653,72,21,107,653.1640625,-72.1640625
WOD_BanditCamp,0,WOD_BanditCamp_08,655,72,107,64,655.8359375,-72.5
WOD_BanditCamp,0,WOD_BanditCamp_02,557,73,21,107,557.1640625,-73.1640625
WOD_BanditFort,0,WOD_BanditFort_01,560,73,21,64,560.1640625,-73.5
WOD_BanditCamp,0,WOD_BanditCamp_05,563,73,64,21,563.5,-73.8359375
WOD_Ruins,0,WOD_Ruins_04,563,73,107,64,563.8359375,-73.5
WOD_GuardTower,0,WOD_Guardtower_01,564,73,64,59,564.5,-73.5
WOD_Ruins,0,WOD_Ruins_02,564,73,21,26,564.1640625,-73.8359375
WOD_BanditCamp,0,WOD_BanditCamp_01,570,73,21,27,570.1640625,-73.8359375
WOD_GuardTower,0,WOD_Guardtower_01,582,73,107,111,582.8359375,-73.1640625
WOD_Ruins,0,WOD_Ruins_05,587,73,107,64,587.8359375,-73.5
WOD_Shrine,0,WOD_Shrine_Stendarr_Minor_06,591,73,107,67,591.8359375,-73.5
WOD_BanditCamp,0,WOD_BanditCamp_02,591,73,21,27,591.1640625,-73.8359375
WOD_GuardTower,0,WOD_Guardtower_01,592,73,21,21,592.1640625,-73.8359375
WOD_Shrine,0,WOD_Shrine_Stendarr_Major_05,592,73,107,21,592.8359375,-73.8359375
WOD_GuardTower,0,WOD_Guardtower_01,592,73,107,60,592.8359375,-73.5
WOD_Shrine,0,WOD_Shrine_Stendarr_Minor_06,593,73,107,61,593.8359375,-73.5
WOD_Ruins,0,WOD_Ruins_04,597,73,21,21,597.1640625,-73.8359375
WOD_BanditCamp,0,WOD_BanditCamp_07,598,73,107,21,598.8359375,-73.8359375
WOD_Ruins,0,WOD_Ruins_05,599,73,21,64,599.1640625,-73.5
WOD_BanditCamp,0,WOD_BanditCamp_05,604,73,64,21,604.5,-73.8359375
WOD_BanditCamp,0,WOD_BanditCamp_08,614,73,21,64,614.1640625,-73.5
WOD_BanditCamp,0,WOD_BanditCamp_08,620,73,21,21,620.1640625,-73.8359375
WOD_GuardTower,0,WOD_Guardtower_01,621,73,62,64,621.5,-73.5
WOD_BanditFort,0,WOD_BanditFort_01,627,73,21,64,627.1640625,-73.5
WOD_BanditFort,0,WOD_BanditFort_01,634,73,107,114,634.8359375,-73.1640625
WOD_Ruins,0,WOD_Ruins_02,634,73,21,112,634.1640625,-73.1640625
WOD_Ruins,0,WOD_Ruins_06,634,73,21,64,634.1640625,-73.5
WOD_Ruins,0,WOD_Ruins_06,639,73,21,107,639.1640625,-73.1640625
WOD_Ruins,0,WOD_Ruins_04,642,73,107,64,642.8359375,-73.5
WOD_Ruins,0,WOD_Ruins_03,647,73,21,64,647.1640625,-73.5
WOD_Shrine,0,WOD_Shrine_Dibella_01,651,73,64,58,651.5,-73.5
WOD_Ruins,0,WOD_Ruins_01,651,73,21,114,651.1640625,-73.1640625
WOD_Shrine,0,WOD_Shrine_Zenithar_Minor_07,651,73,21,21,651.1640625,-73.8359375
WOD_BanditCamp,0,WOD_BanditCamp_04,651,73,64,107,651.5,-73.1640625
WOD_Shrine,0,WOD_Shrine_Zenithar_Minor_02,652,73,21,21,652.1640625,-73.8359375
WOD_BanditCamp,0,WOD_BanditCamp_04,557,74,64,107,557.5,-74.1640625
WOD_BanditCamp,0,WOD_BanditCamp_04,560,74,107,21,560.8359375,-74.8359375
WOD_GuardTower,0,WOD_Guardtower_01,563,74,64,59,563.5,-74.5
WOD_GuardTower,0,WOD_Guardtower_01,563,74,21,25,563.1640625,-74.8359375
WOD_BanditCamp,0,WOD_BanditCamp_06,569,74,64,57,569.5,-74.5
WOD_Shrine,0,WOD_Shrine_Zenithar_Major_07,569,74,21,24,569.1640625,-74.8359375
WOD_BanditCamp,0,WOD_BanditCamp_07,569,74,107,21,569.8359375,-74.8359375
WOD_BanditCamp,0,WOD_BanditCamp_01,579,74,21,64,579.1640625,-74.5
WOD_Ruins,0,WOD_Ruins_04,582,74,107,64,582.8359375,-74.5
WOD_Shrine,0,WOD_Shrine_Zenithar_Minor_02,586,74,64,68,586.5,-74.5
WOD_Ruins,0,WOD_Ruins_01,586,74,21,21,586.1640625,-74.8359375
WOD_BanditFort,0,WOD_BanditFort_01,587,74,21,21,587.1640625,-74.8359375
WOD_BanditCamp,0,WOD_BanditCamp_01,588,74,64,21,588.5,-74.8359375
WOD_BanditCamp,0,WOD_BanditCamp_03,588,74,64,107,588.5,-74.1640625
WOD_Shrine,0,WOD_Shrine_Stendarr_Major_01,589,74,107,66,589.8359375,-74.5
WOD_Ruins,0,WOD_Ruins_04,592,74,107,26,592.8359375,-74.8359375
WOD_Ruins,0,WOD_Ruins_05,592,74,107,64,592.8359375,-74.5
WOD_BanditCamp,0,WOD_BanditCamp_04,596,74,54,64,596.5,-74.5
WOD_BanditCamp,0,WOD_BanditCamp_01,596,74,64,107,596.5,-74.1640625
WOD_BanditFort,0,WOD_BanditFort_01,597,74,64,107,597.5,-74.1640625
WOD_Shrine,0,WOD_Shrine_Zenithar_Minor_07,597,74,107,66,597.8359375,-74.5
WOD_BanditFort,0,WOD_BanditFort_01,600,74,64,60,600.5,-74.5
WOD_Ruins,0,WOD_Ruins_03,603,74,107,70,603.8359375,-74.5
WOD_BanditCamp,0,WOD_BanditCamp_08,603,74,21,58,603.1640625,-74.5
WOD_BanditCamp,0,WOD_BanditCamp_01,604,74,64,21,604.5,-74.8359375
WOD_BanditCamp,0,WOD_BanditCamp_09,605,74,64,58,605.5,-74.5
WOD_Shrine,0,WOD_Shrine_Zenithar_Minor_07,605,74,21,62,605.1640625,-74.5
WOD_GuardTower,0,WOD_Guardtower_01,621,74,21,25,621.1640625,-74.8359375
WOD_Shrine,0,WOD_Shrine_Stendarr_Minor_07,625,74,21,21,625.1640625,-74.8359375
WOD_BanditCamp,0,WOD_BanditCamp_07,631,74,21,21,631.1640625,-74.8359375
WOD_BanditCamp,0,WOD_BanditCamp_05,633,74,21,107,633.1640625,-74.1640625
WOD_Ruins,0,WOD_Ruins_04,633,74,107,21,633.8359375,-74.8359375
WOD_BanditCamp,0,WOD_BanditCamp_04,633,74,107,107,633.8359375,-74.1640625
WOD_BanditCamp,0,WOD_BanditCamp_05,635,74,21,21,635.1640625,-74.8359375
WOD_Ruins,0,WOD_Ruins_04,635,74,64,21,635.5,-74.8359375
WOD_Ruins,0,WOD_Ruins_04,642,74,107,107,642.8359375,-74.1640625
WOD_Shrine,0,WOD_Shrine_Zenithar_Major_05,647,74,66,107,647.5,-74.1640625
WOD_OrcCamp,0,WOD_OrcCamp_Medium_01,649,74,107,64,649.8359375,-74.5
WOD_BanditCamp,0,WOD_BanditCamp_09,557,75,107,70,557.8359375,-75.5
WOD_Ruins,0,WOD_Ruins_05,557,75,64,107,557.5,-75.1640625
WOD_Ruins,0,WOD_Ruins_05,557,75,107,107,557.8359375,-75.1640625
WOD_Ruins,0,WOD_Ruins_06,558,75,21,107,558.1640625,-75.1640625
WOD_BanditCamp,0,WOD_BanditCamp_02,559,75,64,107,559.5,-75.1640625
WOD_Shrine,0,WOD_Shrine_Zenithar_Major_03,561,75,21,66,561.1640625,-75.5
WOD_BanditCamp,0,WOD_BanditCamp_03,561,75,21,21,561.1640625,-75.8359375
WOD_BanditCamp,0,WOD_BanditCamp_02,563,75,21,107,563.1640625,-75.1640625
WOD_Ruins,0,WOD_Ruins_01,565,75,21,60,565.1640625,-75.5
WOD_Ruins,0,WOD_Ruins_05,568,75,21,59,568.1640625,-75.5
WOD_BanditFort,0,WOD_BanditFort_01,568,75,107,114,568.8359375,-75.1640625
WOD_BanditCamp,0,WOD_BanditCamp_05,569,75,21,21,569.1640625,-75.8359375
WOD_BanditFort,0,WOD_BanditFort_01,593,75,59,21,593.5,-75.8359375
WOD_BanditFort,0,WOD_BanditFort_01,600,75,21,21,600.1640625,-75.8359375
WOD_Shrine,0,WOD_Shrine_Stendarr_Minor_02,608,75,60,64,608.5,-75.5
WOD_BanditCamp,0,WOD_BanditCamp_01,609,75,64,21,609.5,-75.8359375
WOD_BanditCamp,0,WOD_BanditCamp_05,611,75,64,21,611.5,-75.8359375
WOD_Shrine,0,WOD_Shrine_Stendarr_Minor_06,612,75,64,107,612.5,-75.1640625
WOD_Ruins,0,WOD_Ruins_04,612,75,107,21,612.8359375,-75.8359375
WOD_Ruins,0,WOD_Ruins_06,616,75,21,64,616.1640625,-75.5
WOD_Ruins,0,WOD_Ruins_06,617,75,21,107,617.1640625,-75.1640625
WOD_Ruins,0,WOD_Ruins_01,619,75,107,64,619.8359375,-75.5
WOD_Shrine,0,WOD_Shrine_Dibella_01,620,75,58,64,620.5,-75.5
WOD_GuardTower,0,WOD_Guardtower_01,620,75,21,25,620.1640625,-75.8359375
WOD_Shrine,0,WOD_Shrine_Stendarr_Major_02,634,75,66,107,634.5,-75.1640625
WOD_BanditCamp,0,WOD_BanditCamp_05,639,75,21,21,639.1640625,-75.8359375
WOD_Ruins,0,WOD_Ruins_06,640,75,21,107,640.1640625,-75.1640625
WOD_Ruins,0,WOD_Ruins_04,640,75,64,21,640.5,-75.8359375
WOD_BanditFort,0,WOD_BanditFort_01,648,75,64,107,648.5,-75.1640625
WOD_Ruins,0,WOD_Ruins_05,655,75,107,107,655.8359375,-75.1640625
WOD_Shrine,0,WOD_Shrine_Zenithar_Major_02,656,75,21,110,656.1640625,-75.1640625
WOD_BanditCamp,0,WOD_BanditCamp_06,657,75,21,27,657.1640625,-75.8359375
WOD_BanditFort,0,WOD_BanditFort_01,561,76,21,64,561.1640625,-76.5
WOD_BanditFort,0,WOD_BanditFort_01,561,76,107,21,561.8359375,-76.8359375
WOD_GuardTower,0,WOD_Guardtower_01,562,76,66,64,562.5,-76.5
WOD_GuardTower,0,WOD_Guardtower_01,562,76,67,107,562.5,-76.1640625
WOD_Ruins,0,WOD_Ruins_06,562,76,21,21,562.1640625,-76.8359375
WOD_Shrine,0,WOD_Shrine_Stendarr_Minor_07,569,76,21,110,569.1640625,-76.1640625
WOD_Ruins,0,WOD_Ruins_05,573,76,21,107,573.1640625,-76.1640625
WOD_Shrine,0,WOD_Shrine_Zenithar_Minor_03,573,76,107,21,573.8359375,-76.8359375
WOD_Ruins,0,WOD_Ruins_02,578,76,64,107,578.5,-76.1640625
WOD_BanditCamp,0,WOD_BanditCamp_05,585,76,64,21,585.5,-76.8359375
WOD_Shrine,0,WOD_Shrine_Zenithar_Major_04,593,76,62,107,593.5,-76.1640625
WOD_BanditCamp,0,WOD_BanditCamp_09,596,76,21,21,596.1640625,-76.8359375
WOD_Ruins,0,WOD_Ruins_06,596,76,21,64,596.1640625,-76.5
WOD_Ruins,0,WOD_Ruins_02,596,76,21,107,596.1640625,-76.1640625
WOD_Ruins,0,WOD_Ruins_01,602,76,64,21,602.5,-76.8359375
WOD_Ruins,0,WOD_Ruins_04,603,76,21,21,603.1640625,-76.8359375
WOD_BanditCamp,0,WOD_BanditCamp_02,604,76,64,107,604.5,-76.1640625
WOD_OrcCamp,0,WOD_OrcCamp_Small_03,609,76,107,64,609.8359375,-76.5
WOD_Ruins,0,WOD_Ruins_01,616,76,21,64,616.1640625,-76.5
WOD_BanditCamp,0,WOD_BanditCamp_05,618,76,21,107,618.1640625,-76.1640625
WOD_BanditCamp,0,WOD_BanditCamp_06,619,76,107,21,619.8359375,-76.8359375
WOD_BanditFort,0,WOD_BanditFort_01,619,76,107,64,619.8359375,-76.5
WOD_BanditCamp,0,WOD_BanditCamp_02,621,76,21,64,621.1640625,-76.5
WOD_BanditCamp,0,WOD_BanditCamp_09,625,76,107,64,625.8359375,-76.5
WOD_Ruins,0,WOD_Ruins_03,629,76,107,64,629.8359375,-76.5
WOD_BanditCamp,0,WOD_BanditCamp_02,652,76,64,21,652.5,-76.8359375
WOD_Shrine,0,WOD_Shrine_Zenithar_Minor_02,652,76,107,64,652.8359375,-76.5
WOD_Ruins,0,WOD_Ruins_01,654,76,21,64,654.1640625,-76.5
WOD_GuardTower,0,WOD_Guardtower_01,657,76,107,25,657.8359375,-76.8359375
WOD_Ruins,0,WOD_Ruins_01,559,77,21,21,559.1640625,-77.8359375
WOD_BanditFort,0,WOD_BanditFort_01,559,77,107,107,559.8359375,-77.1640625
WOD_BanditFort,0,WOD_BanditFort_01,562,77,69,107,562.5,-77.1640625
WOD_OrcCamp,0,WOD_OrcCamp_Small_02,563,77,64,107,563.5,-77.1640625
WOD_BanditCamp,0,WOD_BanditCamp_09,564,77,107,107,564.8359375,-77.1640625
WOD_BanditCamp,0,WOD_BanditCamp_09,566,77,64,21,566.5,-77.8359375
WOD_BanditFort,0,WOD_BanditFort_01,567,77,64,107,567.5,-77.1640625
WOD_Ruins,0,WOD_Ruins_05,570,77,64,72,570.5,-77.5
WOD_Ruins,0,WOD_Ruins_04,576,77,64,21,576.5,-77.8359375
WOD_Shrine,0,WOD_Shrine_Zenithar_Major_07,582,77,62,21,582.5,-77.8359375
WOD_BanditCamp,0,WOD_BanditCamp_03,583,77,107,107,583.8359375,-77.1640625
WOD_BanditCamp,0,WOD_BanditCamp_08,587,77,107,21,587.8359375,-77.8359375
WOD_BanditCamp,0,WOD_BanditCamp_04,587,77,107,64,587.8359375,-77.5
WOD_Ruins,0,WOD_Ruins_02,587,77,107,107,587.8359375,-77.1640625
WOD_Ruins,0,WOD_Ruins_05,592,77,64,107,592.5,-77.1640625
WOD_Shrine,0,WOD_Shrine_Stendarr_Minor_05,593,77,66,107,593.5,-77.1640625
WOD_BanditFort,0,WOD_BanditFort_01,598,77,21,64,598.1640625,-77.5
WOD_Ruins,0,WOD_Ruins_03,607,77,107,64,607.8359375,-77.5
WOD_BanditFort,0,WOD_BanditFort_01,610,77,107,59,610.8359375,-77.5
WOD_BanditCamp,0,WOD_BanditCamp_02,610,77,64,21,610.5,-77.8359375
WOD_Ruins,0,WOD_Ruins_06,612,77,21,64,612.1640625,-77.5
WOD_BanditFort,0,WOD_BanditFort_01,616,77,64,21,616.5,-77.8359375
WOD_Ruins,0,WOD_Ruins_01,621,77,21,21,621.1640625,-77.8359375
WOD_Ruins,0,WOD_Ruins_05,621,77,107,64,621.8359375,-77.5
WOD_Ruins,0,WOD_Ruins_01,621,77,107,107,621.8359375,-77.1640625
WOD_Shrine,0,WOD_Shrine_Zenithar_Minor_01,636,77,21,24,636.1640625,-77.8359375
WOD_Ruins,0,WOD_Ruins_02,636,77,64,107,636.5,-77.1640625
WOD_BanditCamp,0,WOD_BanditCamp_07,637,77,21,21,637.1640625,-77.8359375
WOD_Ruins,0,WOD_Ruins_03,637,77,107,21,637.8359375,-77.8359375
WOD_Shrine,0,WOD_Shrine_Dibella_01,638,77,64,107,638.5,-77.1640625
WOD_Shrine,0,WOD_Shrine_Zenithar_Major_06,639,77,107,24,639.8359375,-77.8359375
WOD_BanditCamp,0,WOD_BanditCamp_08,639,77,21,58,639.1640625,-77.5
WOD_Ruins,0,WOD_Ruins_05,640,77,21,64,640.1640625,-77.5
WOD_Shrine,0,WOD_Shrine_Stendarr_Major_02,647,77,66,21,647.5,-77.8359375
WOD_Shrine,0,WOD_Shrine_Zenithar_Major_05,647,77,21,110,647.1640625,-77.1640625
WOD_GuardTower,0,WOD_Guardtower_01,655,77,59,64,655.5,-77.5
WOD_BanditFort,0,WOD_BanditFort_01,655,77,21,107,655.1640625,-77.1640625
WOD_BanditCamp,0,WOD_BanditCamp_09,655,77,64,107,655.5,-77.1640625
WOD_OrcCamp,0,WOD_OrcCamp_Medium_01,561,78,107,64,561.8359375,-78.5
WOD_Shrine,0,WOD_Shrine_Zenithar_Major_04,563,78,107,21,563.8359375,-78.8359375
WOD_BanditFort,0,WOD_BanditFort_01,566,78,107,107,566.8359375,-78.1640625
WOD_Ruins,0,WOD_Ruins_04,572,78,21,64,572.1640625,-78.5
WOD_BanditCamp,0,WOD_BanditCamp_06,572,78,107,21,572.8359375,-78.8359375
WOD_Shrine,0,WOD_Shrine_Stendarr_Major_04,582,78,66,21,582.5,-78.8359375
WOD_Ruins,0,WOD_Ruins_01,596,78,21,64,596.1640625,-78.5
WOD_BanditCamp,0,WOD_BanditCamp_07,604,78,64,72,604.5,-78.5
WOD_Ruins,0,WOD_Ruins_03,609,78,21,21,609.1640625,-78.8359375
WOD_BanditCamp,0,WOD_BanditCamp_09,612,78,21,21,612.1640625,-78.8359375
WOD_BanditCamp,0,WOD_BanditCamp_06,616,78,107,64,616.8359375,-78.5
WOD_BanditCamp,0,WOD_BanditCamp_01,620,78,21,21,620.1640625,-78.8359375
WOD_Ruins,0,WOD_Ruins_06,632,78,107,107,632.8359375,-78.1640625
WOD_GuardTower,0,WOD_Guardtower_01,634,78,107,21,634.8359375,-78.8359375
WOD_Ruins,0,WOD_Ruins_02,642,78,64,21,642.5,-78.8359375
WOD_BanditCamp,0,WOD_BanditCamp_04,650,78,21,21,650.1640625,-78.8359375
WOD_Ruins,0,WOD_Ruins_05,650,78,107,21,650.8359375,-78.8359375
WOD_Shrine,0,WOD_Shrine_Stendarr_Minor_03,653,78,21,64,653.1640625,-78.5
WOD_Shrine,0,WOD_Shrine_Stendarr_Minor_07,654,78,107,110,654.8359375,-78.1640625
WOD_Shrine,0,WOD_Shrine_Stendarr_Minor_03,654,78,21,24,654.1640625,-78.8359375
WOD_BanditFort,0,WOD_BanditFort_01,656,78,59,107,656.5,-78.1640625
WOD_BanditCamp,0,WOD_BanditCamp_04,558,79,107,64,558.8359375,-79.5
WOD_BanditCamp,0,WOD_BanditCamp_05,568,79,21,107,568.1640625,-79.1640625
WOD_BanditCamp,0,WOD_BanditCamp_02,568,79,64,21,568.5,-79.8359375
WOD_BanditFort,0,WOD_BanditFort_01,569,79,107,21,569.8359375,-79.8359375
WOD_BanditCamp,0,WOD_BanditCamp_01,572,79,107,107,572.8359375,-79.1640625
WOD_Ruins,0,WOD_Ruins_06,578,79,21,64,578.1640625,-79.5
WOD_Shrine,0,WOD_Shrine_Stendarr_Minor_05,584,79,64,21,584.5,-79.8359375
WOD_Shrine,0,WOD_Shrine_Zenithar_Minor_06,585,79,107,107,585.8359375,-79.1640625
WOD_BanditCamp,0,WOD_BanditCamp_06,591,79,107,113,591.8359375,-79.1640625
WOD_BanditFort,0,WOD_BanditFort_01,599,79,64,21,599.5,-79.8359375
WOD_GuardTower,0,WOD_Guardtower_01,603,79,64,69,603.5,-79.5
WOD_Shrine,0,WOD_Shrine_Zenithar_Minor_03,603,79,21,21,603.1640625,-79.8359375
WOD_BanditCamp,0,WOD_BanditCamp_03,604,79,21,107,604.1640625,-79.1640625
WOD_BanditFort,0,WOD_BanditFort_01,607,79,64,21,607.5,-79.8359375
WOD_Shrine,0,WOD_Shrine_Zenithar_Major_08,608,79,64,107,608.5,-79.1640625
WOD_GuardTower,0,WOD_Guardtower_01,609,79,107,25,609.8359375,-79.8359375
WOD_Shrine,0,WOD_Shrine_Stendarr_Major_01,609,79,21,107,609.1640625,-79.1640625
WOD_Ruins,0,WOD_Ruins_05,612,79,21,21,612.1640625,-79.8359375
WOD_OrcCamp,0,WOD_OrcCamp_Small_03,612,79,107,64,612.8359375,-79.5
WOD_Ruins,0,WOD_Ruins_01,613,79,21,107,613.1640625,-79.1640625
WOD_BanditCamp,0,WOD_BanditCamp_09,614,79,21,64,614.1640625,-79.5
WOD_Shrine,0,WOD_Shrine_Zenithar_Major_07,618,79,66,64,618.5,-79.5
WOD_BanditCamp,0,WOD_BanditCamp_02,618,79,68,21,618.5,-79.8359375
WOD_Ruins,0,WOD_Ruins_01,619,79,21,21,619.1640625,-79.8359375
WOD_Ruins,0,WOD_Ruins_03,622,79,21,21,622.1640625,-79.8359375
WOD_Ruins,0,WOD_Ruins_03,627,79,21,64,627.1640625,-79.5
WOD_BanditFort,0,WOD_BanditFort_01,630,79,107,21,630.8359375,-79.8359375
WOD_BanditCamp,0,WOD_BanditCamp_08,631,79,107,58,631.8359375,-79.5
WOD_Ruins,0,WOD_Ruins_03,631,79,64,107,631.5,-79.1640625
WOD_Ruins,0,WOD_Ruins_05,634,79,21,107,634.1640625,-79.1640625
WOD_BanditCamp,0,WOD_BanditCamp_02,635,79,64,107,635.5,-79.1640625
WOD_Ruins,0,WOD_Ruins_04,642,79,107,21,642.8359375,-79.8359375
WOD_Shrine,0,WOD_Shrine_Stendarr_Major_05,644,79,64,62,644.5,-79.5
WOD_Shrine,0,WOD_Shrine_Stendarr_Minor_01,644,79,107,67,644.8359375,-79.5
WOD_Shrine,0,WOD_Shrine_Stendarr_Major_05,644,79,21,62,644.1640625,-79.5
WOD_Shrine,0,WOD_Shrine_Stendarr_Minor_03,645,79,64,66,645.5,-79.5
WOD_BanditCamp,0,WOD_BanditCamp_07,645,79,21,60,645.1640625,-79.5
WOD_Ruins,0,WOD_Ruins_01,646,79,107,114,646.8359375,-79.1640625
WOD_BanditCamp,0,WOD_BanditCamp_07,648,79,107,28,648.8359375,-79.8359375
WOD_Shrine,0,WOD_Shrine_Stendarr_Major_01,652,79,60,64,652.5,-79.5
WOD_Shrine,0,WOD_Shrine_Stendarr_Major_04,652,79,107,66,652.8359375,-79.5
WOD_Shrine,0,WOD_Shrine_Stendarr_Major_04,653,79,21,66,653.1640625,-79.5
WOD_Ruins,0,WOD_Ruins_06,655,79,64,21,655.5,-79.8359375
WOD_Ruins,0,WOD_Ruins_03,656,79,60,64,656.5,-79.5
WOD_BanditCamp,0,WOD_BanditCamp_06,656,79,59,107,656.5,-79.1640625
WOD_Shrine,0,WOD_Shrine_Dibella_01,558,80,107,68,558.8359375,-80.5
WOD_BanditCamp,0,WOD_BanditCamp_06,558,80,21,64,558.1640625,-80.5
WOD_GuardTower,0,WOD_Guardtower_01,560,80,107,68,560.8359375,-80.5
WOD_Shrine,0,WOD_Shrine_Stendarr_Major_02,561,80,107,21,561.8359375,-80.8359375
WOD_BanditFort,0,WOD_BanditFort_01,561,80,107,107,561.8359375,-80.1640625
WOD_Ruins,0,WOD_Ruins_06,564,80,107,64,564.8359375,-80.5
WOD_Ruins,0,WOD_Ruins_06,571,80,21,114,571.1640625,-80.1640625
WOD_BanditCamp,0,WOD_BanditCamp_09,571,80,64,107,571.5,-80.1640625
WOD_BanditCamp,0,WOD_BanditCamp_05,580,80,21,64,580.1640625,-80.5
WOD_BanditCamp,0,WOD_BanditCamp_08,583,80,21,107,583.1640625,-80.1640625
WOD_BanditCamp,0,WOD_BanditCamp_06,588,80,21,64,588.1640625,-80.5
WOD_BanditCamp,0,WOD_BanditCamp_01,588,80,64,21,588.5,-80.8359375
WOD_BanditCamp,0,WOD_BanditCamp_03,595,80,64,21,595.5,-80.8359375
WOD_BanditCamp,0,WOD_BanditCamp_07,599,80,107,107,599.8359375,-80.1640625
WOD_GuardTower,0,WOD_Guardtower_01,603,80,69,64,603.5,-80.5
WOD_BanditCamp,0,WOD_BanditCamp_02,606,80,21,64,606.1640625,-80.5
WOD_BanditCamp,0,WOD_BanditCamp_01,608,80,64,21,608.5,-80.8359375
WOD_Ruins,0,WOD_Ruins_05,610,80,21,64,610.1640625,-80.5
WOD_BanditCamp,0,WOD_BanditCamp_03,611,80,107,71,611.8359375,-80.5
WOD_BanditCamp,0,WOD_BanditCamp_03,612,80,21,21,612.1640625,-80.8359375
WOD_GuardTower,0,WOD_Guardtower_01,612,80,21,68,612.1640625,-80.5
WOD_Shrine,0,WOD_Shrine_Stendarr_Major_03,612,80,107,107,612.8359375,-80.1640625
WOD_Ruins,0,WOD_Ruins_02,613,80,107,64,613.8359375,-80.5
WOD_BanditCamp,0,WOD_BanditCamp_03,617,80,107,107,617.8359375,-80.1640625
WOD_GuardTower,0,WOD_Guardtower_01,618,80,67,21,618.5,-80.8359375
WOD_BanditCamp,0,WOD_BanditCamp_02,618,80,21,107,618.1640625,-80.1640625
WOD_Ruins,0,WOD_Ruins_05,620,80,21,107,620.1640625,-80.1640625
WOD_BanditCamp,0,WOD_BanditCamp_07,620,80,107,64,620.8359375,-80.5
WOD_BanditCamp,0,WOD_BanditCamp_04,621,80,107,107,621.8359375,-80.1640625
WOD_BanditCamp,0,WOD_BanditCamp_01,624,80,21,107,624.1640625,-80.1640625
WOD_Shrine,0,WOD_Shrine_Stendarr_Minor_01,629,80,107,21,629.8359375,-80.8359375
WOD_BanditCamp,0,WOD_BanditCamp_02,644,80,21,21,644.1640625,-80.8359375
WOD_BanditCamp,0,WOD_BanditCamp_08,645,80,21,107,645.1640625,-80.1640625
WOD_Ruins,0,WOD_Ruins_06,649,80,21,114,649.1640625,-80.1640625
WOD_GuardTower,0,WOD_Guardtower_01,651,80,107,111,651.8359375,-80.1640625
WOD_Ruins,0,WOD_Ruins_05,656,80,69,21,656.5,-80.8359375
WOD_OrcCamp,0,WOD_OrcCamp_Medium_01,558,81,64,107,558.5,-81.1640625
WOD_BanditCamp,0,WOD_BanditCamp_03,558,81,107,64,558.8359375,-81.5
WOD_BanditCamp,0,WOD_BanditCamp_04,562,81,107,21,562.8359375,-81.8359375
WOD_Ruins,0,WOD_Ruins_03,564,81,21,21,564.1640625,-81.8359375
WOD_BanditCamp,0,WOD_BanditCamp_03,572,81,64,54,572.5,-81.5
WOD_Shrine,0,WOD_Shrine_Zenithar_Major_07,577,81,64,21,577.5,-81.8359375
WOD_Shrine,0,WOD_Shrine_Zenithar_Major_08,587,81,21,21,587.1640625,-81.8359375
WOD_Ruins,0,WOD_Ruins_06,588,81,21,21,588.1640625,-81.8359375
WOD_Ruins,0,WOD_Ruins_02,591,81,107,64,591.8359375,-81.5
WOD_OrcCamp,0,WOD_OrcCamp_Medium_03,600,81,21,21,600.1640625,-81.8359375
WOD_Ruins,0,WOD_Ruins_06,605,81,21,64,605.1640625,-81.5
WOD_Ruins,0,WOD_Ruins_01,605,81,107,107,605.8359375,-81.1640625
WOD_Ruins,0,WOD_Ruins_03,610,81,21,64,610.1640625,-81.5
WOD_Ruins,0,WOD_Ruins_03,611,81,107,107,611.8359375,-81.1640625
WOD_GuardTower,0,WOD_Guardtower_01,614,81,64,69,614.5,-81.5
WOD_BanditCamp,0,WOD_BanditCamp_07,614,81,107,68,614.8359375,-81.5
WOD_BanditCamp,0,WOD_BanditCamp_04,615,81,21,107,615.1640625,-81.1640625
WOD_GuardTower,0,WOD_Guardtower_01,615,81,107,68,615.8359375,-81.5
WOD_BanditCamp,0,WOD_BanditCamp_01,619,81,64,107,619.5,-81.1640625
WOD_Shrine,0,WOD_Shrine_Stendarr_Major_04,620,81,64,21,620.5,-81.8359375
WOD_Ruins,0,WOD_Ruins_03,628,81,21,21,628.1640625,-81.8359375
WOD_BanditCamp,0,WOD_BanditCamp_01,641,81,107,64,641.8359375,-81.5
WOD_BanditCamp,0,WOD_BanditCamp_08,646,81,64,107,646.5,-81.1640625
WOD_GuardTower,0,WOD_Guardtower_01,649,81,64,69,649.5,-81.5
WOD_BanditCamp,0,WOD_BanditCamp_01,651,81,21,107,651.1640625,-81.1640625
WOD_Ruins,0,WOD_Ruins_02,655,81,64,21,655.5,-81.8359375
WOD_BanditFort,0,WOD_BanditFort_01,656,81,107,107,656.8359375,-81.1640625
WOD_BanditCamp,0,WOD_BanditCamp_08,559,82,21,64,559.1640625,-82.5
WOD_Ruins,0,WOD_Ruins_06,561,82,21,107,561.1640625,-82.1640625
WOD_BanditCamp,0,WOD_BanditCamp_04,562,82,21,64,562.1640625,-82.5
WOD_GuardTower,0,WOD_Guardtower_01,563,82,61,107,563.5,-82.1640625
WOD_Shrine,0,WOD_Shrine_Zenithar_Major_08,573,82,21,110,573.1640625,-82.1640625
WOD_Ruins,0,WOD_Ruins_05,574,82,21,21,574.1640625,-82.8359375
WOD_BanditCamp,0,WOD_BanditCamp_01,575,82,21,21,575.1640625,-82.8359375
WOD_Ruins,0,WOD_Ruins_03,578,82,64,68,578.5,-82.5
WOD_Ruins,0,WOD_Ruins_02,578,82,107,107,578.8359375,-82.1640625
WOD_BanditCamp,0,WOD_BanditCamp_09,579,82,64,70,579.5,-82.5
WOD_BanditFort,0,WOD_BanditFort_01,581,82,64,60,581.5,-82.5
WOD_BanditCamp,0,WOD_BanditCamp_06,581,82,21,60,581.1640625,-82.5
WOD_Shrine,0,WOD_Shrine_Dibella_01,582,82,64,70,582.5,-82.5
WOD_Ruins,0,WOD_Ruins_01,582,82,21,68,582.1640625,-82.5
WOD_Ruins,0,WOD_Ruins_04,584,82,107,107,584.8359375,-82.1640625
WOD_Ruins,0,WOD_Ruins_06,585,82,21,21,585.1640625,-82.8359375
WOD_Ruins,0,WOD_Ruins_01,586,82,21,64,586.1640625,-82.5
WOD_Ruins,0,WOD_Ruins_01,586,82,64,21,586.5,-82.8359375
WOD_BanditCamp,0,WOD_BanditCamp_03,588,82,74,64,588.5,-82.5
WOD_Ruins,0,WOD_Ruins_05,594,82,64,21,594.5,-82.8359375
WOD_Ruins,0,WOD_Ruins_04,594,82,107,107,594.8359375,-82.1640625
WOD_Ruins,0,WOD_Ruins_04,596,82,21,21,596.1640625,-82.8359375
WOD_BanditFort,0,WOD_BanditFort_01,596,82,107,107,596.8359375,-82.1640625
WOD_BanditCamp,0,WOD_BanditCamp_03,597,82,107,21,597.8359375,-82.8359375
WOD_BanditCamp,0,WOD_BanditCamp_05,598,82,21,107,598.1640625,-82.1640625
WOD_GuardTower,0,WOD_Guardtower_01,601,82,107,111,601.8359375,-82.1640625
WOD_BanditFort,0,WOD_BanditFort_01,601,82,21,64,601.1640625,-82.5
WOD_Ruins,0,WOD_Ruins_02,612,82,107,21,612.8359375,-82.8359375
WOD_BanditCamp,0,WOD_BanditCamp_08,617,82,21,107,617.1640625,-82.1640625
WOD_Ruins,0,WOD_Ruins_04,627,82,64,107,627.5,-82.1640625
WOD_Ruins,0,WOD_Ruins_02,627,82,107,21,627.8359375,-82.8359375
WOD_BanditCamp,0,WOD_BanditCamp_06,634,82,107,107,634.8359375,-82.1640625
WOD_Ruins,0,WOD_Ruins_04,637,82,107,64,637.8359375,-82.5
WOD_OrcCamp,0,WOD_OrcCamp_Large_01,645,82,21,21,645.1640625,-82.8359375
WOD_Shrine,0,WOD_Shrine_Zenithar_Major_05,648,82,21,24,648.1640625,-82.8359375
WOD_BanditCamp,0,WOD_BanditCamp_04,652,82,107,21,652.8359375,-82.8359375
WOD_BanditFort,0,WOD_BanditFort_01,653,82,21,21,653.1640625,-82.8359375
WOD_Shrine,0,WOD_Shrine_Stendarr_Major_03,653,82,21,64,653.1640625,-82.5
WOD_BanditCamp,0,WOD_BanditCamp_07,653,82,64,21,653.5,-82.8359375
WOD_Ruins,0,WOD_Ruins_05,653,82,107,21,653.8359375,-82.8359375
WOD_Ruins,0,WOD_Ruins_01,654,82,21,107,654.1640625,-82.1640625
WOD_Ruins,0,WOD_Ruins_02,655,82,21,26,655.1640625,-82.8359375
WOD_GuardTower,0,WOD_Guardtower_01,655,82,64,21,655.5,-82.8359375
WOD_BanditFort,0,WOD_BanditFort_01,558,83,64,107,558.5,-83.1640625
WOD_GuardTower,0,WOD_Guardtower_01,563,83,107,25,563.8359375,-83.8359375
WOD_Ruins,0,WOD_Ruins_01,563,83,21,21,563.1640625,-83.8359375
WOD_BanditCamp,0,WOD_BanditCamp_03,565,83,21,21,565.1640625,-83.8359375
WOD_GuardTower,0,WOD_Guardtower_01,580,83,61,21,580.5,-83.8359375
WOD_Shrine,0,WOD_Shrine_Zenithar_Minor_01,583,83,21,21,583.1640625,-83.8359375
WOD_Ruins,0,WOD_Ruins_03,588,83,21,21,588.1640625,-83.8359375
WOD_BanditCamp,0,WOD_BanditCamp_02,588,83,21,64,588.1640625,-83.5
WOD_GuardTower,0,WOD_Guardtower_01,592,83,21,68,592.1640625,-83.5
WOD_GuardTower,0,WOD_Guardtower_01,592,83,107,68,592.8359375,-83.5
WOD_GuardTower,0,WOD_Guardtower_01,593,83,21,68,593.1640625,-83.5
WOD_GuardTower,0,WOD_Guardtower_01,594,83,107,68,594.8359375,-83.5
WOD_GuardTower,0,WOD_Guardtower_01,595,83,64,62,595.5,-83.5
WOD_Shrine,0,WOD_Shrine_Stendarr_Minor_05,595,83,21,67,595.1640625,-83.5
WOD_BanditCamp,0,WOD_BanditCamp_08,596,83,21,58,596.1640625,-83.5
WOD_Shrine,0,WOD_Shrine_Zenithar_Minor_07,596,83,107,107,596.8359375,-83.1640625
WOD_Shrine,0,WOD_Shrine_Zenithar_Major_06,597,83,64,62,597.5,-83.5
WOD_BanditCamp,0,WOD_BanditCamp_08,600,83,21,58,600.1640625,-83.5
WOD_Ruins,0,WOD_Ruins_03,602,83,21,107,602.1640625,-83.1640625
WOD_Ruins,0,WOD_Ruins_03,607,83,107,64,607.8359375,-83.5
WOD_BanditCamp,0,WOD_BanditCamp_04,609,83,107,57,609.8359375,-83.5
WOD_Shrine,0,WOD_Shrine_Zenithar_Major_01,609,83,21,24,609.1640625,-83.8359375
WOD_Shrine,0,WOD_Shrine_Stendarr_Minor_07,610,83,68,64,610.5,-83.5
WOD_BanditFort,0,WOD_BanditFort_01,610,83,21,59,610.1640625,-83.5
WOD_Ruins,0,WOD_Ruins_06,615,83,21,64,615.1640625,-83.5
WOD_Ruins,0,WOD_Ruins_05,615,83,107,64,615.8359375,-83.5
WOD_Ruins,0,WOD_Ruins_06,617,83,21,107,617.1640625,-83.1640625
WOD_GuardTower,0,WOD_Guardtower_01,618,83,66,64,618.5,-83.5
WOD_Ruins,0,WOD_Ruins_02,618,83,107,107,618.8359375,-83.1640625
WOD_Ruins,0,WOD_Ruins_04,619,83,21,21,619.1640625,-83.8359375
WOD_Ruins,0,WOD_Ruins_04,619,83,64,107,619.5,-83.1640625
WOD_Ruins,0,WOD_Ruins_06,622,83,107,64,622.8359375,-83.5
WOD_BanditCamp,0,WOD_BanditCamp_06,626,83,107,107,626.8359375,-83.1640625
WOD_BanditCamp,0,WOD_BanditCamp_09,627,83,21,30,627.1640625,-83.8359375
WOD_Ruins,0,WOD_Ruins_02,629,83,21,64,629.1640625,-83.5
WOD_Shrine,0,WOD_Shrine_Zenithar_Minor_02,637,83,68,64,637.5,-83.5
WOD_BanditCamp,0,WOD_BanditCamp_07,637,83,21,114,637.1640625,-83.1640625
WOD_Ruins,0,WOD_Ruins_01,639,83,21,21,639.1640625,-83.8359375
WOD_BanditCamp,0,WOD_BanditCamp_02,639,83,107,64,639.8359375,-83.5
WOD_Shrine,0,WOD_Shrine_Zenithar_Major_01,642,83,21,21,642.1640625,-83.8359375
WOD_BanditCamp,0,WOD_BanditCamp_08,642,83,107,64,642.8359375,-83.5
WOD_Ruins,0,WOD_Ruins_06,643,83,21,107,643.1640625,-83.1640625
WOD_Shrine,0,WOD_Shrine_Zenithar_Major_05,652,83,21,62,652.1640625,-83.5
WOD_Ruins,0,WOD_Ruins_01,656,83,64,107,656.5,-83.1640625
WOD_Shrine,0,WOD_Shrine_Stendarr_Minor_01,564,84,64,68,564.5,-84.5
WOD_GuardTower,0,WOD_Guardtower_01,564,84,21,111,564.1640625,-84.1640625
WOD_Ruins,0,WOD_Ruins_04,568,84,107,64,568.8359375,-84.5
WOD_BanditFort,0,WOD_BanditFort_01,577,84,64,21,577.5,-84.8359375
WOD_BanditCamp,0,WOD_BanditCamp_01,577,84,107,21,577.8359375,-84.8359375
WOD_BanditCamp,0,WOD_BanditCamp_07,579,84,107,21,579.8359375,-84.8359375
WOD_BanditCamp,0,WOD_BanditCamp_02,581,84,21,64,581.1640625,-84.5
WOD_Ruins,0,WOD_Ruins_04,584,84,70,64,584.5,-84.5
WOD_BanditCamp,0,WOD_BanditCamp_02,589,84,21,107,589.1640625,-84.1640625
WOD_BanditCamp,0,WOD_BanditCamp_04,603,84,107,21,603.8359375,-84.8359375
WOD_Ruins,0,WOD_Ruins_05,607,84,64,21,607.5,-84.8359375
WOD_Shrine,0,WOD_Shrine_Zenithar_Minor_06,608,84,21,21,608.1640625,-84.8359375
WOD_BanditCamp,0,WOD_BanditCamp_07,610,84,107,64,610.8359375,-84.5
WOD_Ruins,0,WOD_Ruins_02,613,84,21,21,613.1640625,-84.8359375
WOD_BanditCamp,0,WOD_BanditCamp_03,613,84,107,107,613.8359375,-84.1640625
WOD_Shrine,0,WOD_Shrine_Zenithar_Major_02,623,84,64,68,623.5,-84.5
WOD_BanditCamp,0,WOD_BanditCamp_01,624,84,107,59,624.8359375,-84.5
WOD_Shrine,0,WOD_Shrine_Zenithar_Major_08,625,84,64,62,625.5,-84.5
WOD_Shrine,0,WOD_Shrine_Stendarr_Minor_07,626,84,21,21,626.1640625,-84.8359375
WOD_Ruins,0,WOD_Ruins_01,634,84,21,64,634.1640625,-84.5
WOD_Ruins,0,WOD_Ruins_05,635,84,64,107,635.5,-84.1640625
WOD_Ruins,0,WOD_Ruins_03,637,84,107,28,637.8359375,-84.8359375
WOD_BanditCamp,0,WOD_BanditCamp_06,642,84,64,21,642.5,-84.8359375
WOD_Ruins,0,WOD_Ruins_02,643,84,107,64,643.8359375,-84.5
WOD_Ruins,0,WOD_Ruins_04,646,84,64,107,646.5,-84.1640625
WOD_Shrine,0,WOD_Shrine_Stendarr_Major_01,647,84,60,64,647.5,-84.5
WOD_BanditCamp,0,WOD_BanditCamp_08,647,84,64,21,647.5,-84.8359375
WOD_BanditCamp,0,WOD_BanditCamp_02,653,84,64,107,653.5,-84.1640625
WOD_GuardTower,0,WOD_Guardtower_01,653,84,107,60,653.8359375,-84.5
WOD_GuardTower,0,WOD_Guardtower_01,656,84,21,68,656.1640625,-84.5
WOD_BanditCamp,0,WOD_BanditCamp_02,656,84,107,21,656.8359375,-84.8359375
WOD_Shrine,0,WOD_Shrine_Stendarr_Minor_07,657,84,21,66,657.1640625,-84.5
WOD_BanditCamp,0,WOD_BanditCamp_08,559,85,55,64,559.5,-85.5
WOD_BanditCamp,0,WOD_BanditCamp_06,560,85,21,107,560.1640625,-85.1640625
WOD_Ruins,0,WOD_Ruins_04,561,85,21,21,561.1640625,-85.8359375
WOD_BanditFort,0,WOD_BanditFort_01,561,85,21,107,561.1640625,-85.1640625
WOD_Shrine,0,WOD_Shrine_Zenithar_Major_03,561,85,107,24,561.8359375,-85.8359375
WOD_Ruins,0,WOD_Ruins_01,562,85,21,64,562.1640625,-85.5
WOD_BanditCamp,0,WOD_BanditCamp_05,563,85,21,64,563.1640625,-85.5
WOD_Ruins,0,WOD_Ruins_01,563,85,64,107,563.5,-85.1640625
WOD_BanditCamp,0,WOD_BanditCamp_05,563,85,107,107,563.8359375,-85.1640625
WOD_OrcCamp,0,WOD_OrcCamp_Large_01,565,85,21,21,565.1640625,-85.8359375
WOD_BanditFort,0,WOD_BanditFort_01,566,85,21,21,566.1640625,-85.8359375
WOD_BanditCamp,0,WOD_BanditCamp_01,568,85,64,107,568.5,-85.1640625
WOD_BanditCamp,0,WOD_BanditCamp_03,578,85,107,107,578.8359375,-85.1640625
WOD_BanditCamp,0,WOD_BanditCamp_02,580,85,21,64,580.1640625,-85.5
WOD_BanditFort,0,WOD_BanditFort_01,580,85,64,107,580.5,-85.1640625
WOD_BanditFort,0,WOD_BanditFort_01,582,85,64,21,582.5,-85.8359375
WOD_Ruins,0,WOD_Ruins_04,585,85,107,21,585.8359375,-85.8359375
WOD_Ruins,0,WOD_Ruins_01,586,85,107,68,586.8359375,-85.5
WOD_BanditCamp,0,WOD_BanditCamp_09,586,85,21,58,586.1640625,-85.5
WOD_Shrine,0,WOD_Shrine_Zenithar_Major_07,587,85,21,66,587.1640625,-85.5
WOD_Ruins,0,WOD_Ruins_02,588,85,21,60,588.1640625,-85.5
WOD_BanditCamp,0,WOD_BanditCamp_07,607,85,21,21,607.1640625,-85.8359375
WOD_Ruins,0,WOD_Ruins_01,608,85,107,107,608.8359375,-85.1640625
WOD_Ruins,0,WOD_Ruins_05,612,85,64,107,612.5,-85.1640625
WOD_Shrine,0,WOD_Shrine_Stendarr_Minor_02,618,85,21,64,618.1640625,-85.5
WOD_BanditCamp,0,WOD_BanditCamp_02,619,85,21,21,619.1640625,-85.8359375
WOD_Shrine,0,WOD_Shrine_Zenithar_Major_02,626,85,62,21,626.5,-85.8359375
WOD_BanditFort,0,WOD_BanditFort_01,626,85,107,21,626.8359375,-85.8359375
WOD_BanditFort,0,WOD_BanditFort_01,634,85,107,21,634.8359375,-85.8359375
WOD_Ruins,0,WOD_Ruins_05,638,85,21,64,638.1640625,-85.5
WOD_GuardTower,0,WOD_Guardtower_01,646,85,107,111,646.8359375,-85.1640625
WOD_BanditFort,0,WOD_BanditFort_01,648,85,64,21,648.5,-85.8359375
WOD_Ruins,0,WOD_Ruins_05,651,85,64,72,651.5,-85.5
WOD_BanditCamp,0,WOD_BanditCamp_05,651,85,107,58,651.8359375,-85.5
WOD_Ruins,0,WOD_Ruins_04,651,85,21,26,651.1640625,-85.8359375
WOD_Ruins,0,WOD_Ruins_02,655,85,107,107,655.8359375,-85.1640625
WOD_Ruins,0,WOD_Ruins_04,657,85,21,64,657.1640625,-85.5
WOD_Shrine,0,WOD_Shrine_Stendarr_Major_01,562,86,21,110,562.1640625,-86.1640625
WOD_BanditFort,0,WOD_BanditFort_01,565,86,64,21,565.5,-86.8359375
WOD_BanditCamp,0,WOD_BanditCamp_04,578,86,64,107,578.5,-86.1640625
WOD_Shrine,0,WOD_Shrine_Dibella_01,584,86,58,64,584.5,-86.5
WOD_BanditCamp,0,WOD_BanditCamp_06,584,86,107,64,584.8359375,-86.5
WOD_BanditCamp,0,WOD_BanditCamp_08,589,86,64,21,589.5,-86.8359375
WOD_BanditCamp,0,WOD_BanditCamp_08,589,86,107,107,589.8359375,-86.1640625
WOD_Ruins,0,WOD_Ruins_02,595,86,64,107,595.5,-86.1640625
WOD_Ruins,0,WOD_Ruins_05,597,86,64,56,597.5,-86.5
WOD_BanditCamp,0,WOD_BanditCamp_07,604,86,64,21,604.5,-86.8359375
WOD_BanditCamp,0,WOD_BanditCamp_01,608,86,64,21,608.5,-86.8359375
WOD_Shrine,0,WOD_Shrine_Zenithar_Minor_07,608,86,107,21,608.8359375,-86.8359375
WOD_Ruins,0,WOD_Ruins_03,613,86,107,64,613.8359375,-86.5
WOD_BanditCamp,0,WOD_BanditCamp_08,619,86,107,64,619.8359375,-86.5
WOD_Ruins,0,WOD_Ruins_06,626,86,21,21,626.1640625,-86.8359375
WOD_BanditCamp,0,WOD_BanditCamp_09,626,86,107,21,626.8359375,-86.8359375
WOD_Ruins,0,WOD_Ruins_04,633,86,21,107,633.1640625,-86.1640625
WOD_Shrine,0,WOD_Shrine_Zenithar_Major_05,639,86,107,66,639.8359375,-86.5
WOD_Ruins,0,WOD_Ruins_01,639,86,21,114,639.1640625,-86.1640625
WOD_BanditCamp,0,WOD_BanditCamp_04,640,86,107,30,640.8359375,-86.8359375
WOD_Ruins,0,WOD_Ruins_04,643,86,107,21,643.8359375,-86.8359375
WOD_GuardTower,0,WOD_Guardtower_01,645,86,21,25,645.1640625,-86.8359375
WOD_BanditCamp,0,WOD_BanditCamp_07,652,86,21,21,652.1640625,-86.8359375
WOD_Ruins,0,WOD_Ruins_05,653,86,21,21,653.1640625,-86.8359375
WOD_BanditFort,0,WOD_BanditFort_01,653,86,107,21,653.8359375,-86.8359375
WOD_BanditCamp,0,WOD_BanditCamp_07,558,87,21,21,558.1640625,-87.8359375
WOD_Shrine,0,WOD_Shrine_Stendarr_Major_05,558,87,64,21,558.5,-87.8359375
WOD_Shrine,0,WOD_Shrine_Zenithar_Minor_07,558,87,64,107,558.5,-87.1640625
WOD_Ruins,0,WOD_Ruins_04,562,87,107,26,562.8359375,-87.8359375
WOD_Ruins,0,WOD_Ruins_01,562,87,21,64,562.1640625,-87.5
WOD_BanditCamp,0,WOD_BanditCamp_09,565,87,107,107,565.8359375,-87.1640625
WOD_GuardTower,0,WOD_Guardtower_01,566,87,61,107,566.5,-87.1640625
WOD_BanditCamp,0,WOD_BanditCamp_03,566,87,107,21,566.8359375,-87.8359375
WOD_BanditCamp,0,WOD_BanditCamp_01,570,87,107,107,570.8359375,-87.1640625
WOD_Ruins,0,WOD_Ruins_05,571,87,107,107,571.8359375,-87.1640625
WOD_Ruins,0,WOD_Ruins_01,572,87,21,21,572.1640625,-87.8359375
WOD_BanditCamp,0,WOD_BanditCamp_06,578,87,60,64,578.5,-87.5
WOD_GuardTower,0,WOD_Guardtower_01,578,87,61,21,578.5,-87.8359375
WOD_Shrine,0,WOD_Shrine_Stendarr_Minor_07,578,87,107,21,578.8359375,-87.8359375
WOD_Ruins,0,WOD_Ruins_01,583,87,72,64,583.5,-87.5
WOD_BanditFort,0,WOD_BanditFort_01,584,87,107,21,584.8359375,-87.8359375
WOD_Ruins,0,WOD_Ruins_02,587,87,21,107,587.1640625,-87.1640625
WOD_BanditCamp,0,WOD_BanditCamp_05,590,87,107,21,590.8359375,-87.8359375
WOD_BanditCamp,0,WOD_BanditCamp_04,591,87,107,107,591.8359375,-87.1640625
WOD_Shrine,0,WOD_Shrine_Stendarr_Minor_06,596,87,68,64,596.5,-87.5
WOD_BanditCamp,0,WOD_BanditCamp_09,598,87,107,116,598.8359375,-87.1640625
WOD_Ruins,0,WOD_Ruins_03,600,87,107,28,600.8359375,-87.8359375
WOD_Ruins,0,WOD_Ruins_01,602,87,64,21,602.5,-87.8359375
WOD_Ruins,0,WOD_Ruins_05,607,87,107,21,607.8359375,-87.8359375
WOD_BanditFort,0,WOD_BanditFort_01,607,87,107,64,607.8359375,-87.5
WOD_Ruins,0,WOD_Ruins_03,608,87,21,107,608.1640625,-87.1640625
WOD_Ruins,0,WOD_Ruins_03,614,87,21,107,614.1640625,-87.1640625
WOD_BanditCamp,0,WOD_BanditCamp_04,618,87,21,21,618.1640625,-87.8359375
WOD_Shrine,0,WOD_Shrine_Zenithar_Major_06,625,87,21,64,625.1640625,-87.5
WOD_BanditCamp,0,WOD_BanditCamp_05,625,87,107,21,625.8359375,-87.8359375
WOD_Shrine,0,WOD_Shrine_Stendarr_Minor_05,626,87,66,64,626.5,-87.5
WOD_Shrine,0,WOD_Shrine_Zenithar_Major_05,626,87,66,107,626.5,-87.1640625
WOD_BanditCamp,0,WOD_BanditCamp_02,626,87,68,21,626.5,-87.8359375
WOD_Ruins,0,WOD_Ruins_03,653,87,64,107,653.5,-87.1640625
WOD_BanditCamp,0,WOD_BanditCamp_09,560,88,64,21,560.5,-88.8359375
WOD_Ruins,0,WOD_Ruins_03,560,88,107,21,560.8359375,-88.8359375
WOD_BanditCamp,0,WOD_BanditCamp_05,564,88,64,21,564.5,-88.8359375
WOD_Ruins,0,WOD_Ruins_05,565,88,21,21,565.1640625,-88.8359375
WOD_Ruins,0,WOD_Ruins_06,570,88,21,107,570.1640625,-88.1640625
WOD_BanditCamp,0,WOD_BanditCamp_05,574,88,21,21,574.1640625,-88.8359375
WOD_BanditCamp,0,WOD_BanditCamp_01,581,88,21,21,581.1640625,-88.8359375
WOD_BanditCamp,0,WOD_BanditCamp_06,584,88,21,107,584.1640625,-88.1640625
WOD_Shrine,0,WOD_Shrine_Zenithar_Minor_01,593,88,107,62,593.8359375,-88.5
WOD_Ruins,0,WOD_Ruins_06,594,88,107,70,594.8359375,-88.5
WOD_BanditCamp,0,WOD_BanditCamp_03,597,88,107,116,597.8359375,-88.1640625
WOD_BanditCamp,0,WOD_BanditCamp_08,601,88,55,64,601.5,-88.5
WOD_BanditCamp,0,WOD_BanditCamp_04,604,88,64,107,604.5,-88.1640625
WOD_Ruins,0,WOD_Ruins_04,605,88,107,107,605.8359375,-88.1640625
WOD_Ruins,0,WOD_Ruins_01,611,88,64,21,611.5,-88.8359375
WOD_BanditCamp,0,WOD_BanditCamp_03,616,88,21,107,616.1640625,-88.1640625
WOD_Ruins,0,WOD_Ruins_05,618,88,59,21,618.5,-88.8359375
WOD_BanditCamp,0,WOD_BanditCamp_08,565,89,107,21,565.8359375,-89.8359375
WOD_BanditCamp,0,WOD_BanditCamp_04,573,89,64,21,573.5,-89.8359375
WOD_Ruins,0,WOD_Ruins_03,576,89,64,107,576.5,-89.1640625
WOD_BanditCamp,0,WOD_BanditCamp_05,576,89,107,21,576.8359375,-89.8359375
WOD_GuardTower,0,WOD_Guardtower_01,578,89,61,107,578.5,-89.1640625
WOD_Ruins,0,WOD_Ruins_05,597,89,21,107,597.1640625,-89.1640625
WOD_BanditFort,0,WOD_BanditFort_01,603,89,64,60,603.5,-89.5
WOD_BanditCamp,0,WOD_BanditCamp_06,603,89,21,60,603.1640625,-89.5
WOD_Ruins,0,WOD_Ruins_06,604,89,21,58,604.1640625,-89.5
WOD_BanditCamp,0,WOD_BanditCamp_04,605,89,107,107,605.8359375,-89.1640625
WOD_BanditCamp,0,WOD_BanditCamp_09,609,89,64,21,609.5,-89.8359375
WOD_BanditFort,0,WOD_BanditFort_01,611,89,107,21,611.8359375,-89.8359375
WOD_Shrine,0,WOD_Shrine_Stendarr_Minor_01,566,90,21,21,566.1640625,-90.8359375
WOD_Ruins,0,WOD_Ruins_01,574,90,64,107,574.5,-90.1640625
WOD_BanditCamp,0,WOD_BanditCamp_04,583,90,21,30,583.1640625,-90.8359375
WOD_Ruins,0,WOD_Ruins_06,583,90,107,107,583.8359375,-90.1640625
WOD_GuardTower,0,WOD_Guardtower_01,596,90,67,21,596.5,-90.8359375
WOD_Shrine,0,WOD_Shrine_Zenithar_Minor_05,596,90,21,107,596.1640625,-90.1640625
WOD_BanditCamp,0,WOD_BanditCamp_09,602,90,58,21,602.5,-90.8359375
WOD_BanditCamp,0,WOD_BanditCamp_05,605,90,107,58,605.8359375,-90.5
WOD_BanditCamp,0,WOD_BanditCamp_02,605,90,21,64,605.1640625,-90.5
WOD_Ruins,0,WOD_Ruins_04,607,90,21,60,607.1640625,-90.5
WOD_OrcCamp,0,WOD_OrcCamp_Small_01,607,90,21,107,607.1640625,-90.1640625
WOD_OrcCamp,0,WOD_OrcCamp_Medium_02,608,90,107,64,608.8359375,-90.5
WOD_Ruins,0,WOD_Ruins_05,611,90,64,107,611.5,-90.1640625
WOD_BanditFort,0,WOD_BanditFort_01,560,91,21,21,560.1640625,-91.8359375
WOD_GuardTower,0,WOD_Guardtower_01,566,91,107,25,566.8359375,-91.8359375
WOD_BanditCamp,0,WOD_BanditCamp_03,575,91,21,107,575.1640625,-91.1640625
WOD_GuardTower,0,WOD_Guardtower_01,576,91,64,59,576.5,-91.5
WOD_GuardTower,0,WOD_Guardtower_01,576,91,107,111,576.8359375,-91.1640625
WOD_BanditCamp,0,WOD_BanditCamp_02,576,91,64,21,576.5,-91.8359375
WOD_Ruins,0,WOD_Ruins_05,579,91,107,21,579.8359375,-91.8359375
WOD_BanditCamp,0,WOD_BanditCamp_05,590,91,107,64,590.8359375,-91.5
WOD_BanditCamp,0,WOD_BanditCamp_06,608,91,21,64,608.1640625,-91.5
WOD_Ruins,0,WOD_Ruins_03,562,92,64,107,562.5,-92.1640625
WOD_OrcCamp,0,WOD_OrcCamp_Medium_01,569,92,107,64,569.8359375,-92.5
WOD_Ruins,0,WOD_Ruins_02,571,92,21,21,571.1640625,-92.8359375
WOD_Shrine,0,WOD_Shrine_Zenithar_Major_02,571,92,21,64,571.1640625,-92.5
WOD_BanditCamp,0,WOD_BanditCamp_04,571,92,64,21,571.5,-92.8359375
WOD_Ruins,0,WOD_Ruins_05,574,92,21,64,574.1640625,-92.5
WOD_Ruins,0,WOD_Ruins_05,581,92,72,64,581.5,-92.5
WOD_Ruins,0,WOD_Ruins_06,581,92,21,21,581.1640625,-92.8359375
WOD_GuardTower,0,WOD_Guardtower_01,596,92,61,107,596.5,-92.1640625
WOD_BanditCamp,0,WOD_BanditCamp_04,596,92,107,64,596.8359375,-92.5
WOD_Shrine,0,WOD_Shrine_Zenithar_Minor_07,568,93,64,68,568.5,-93.5
WOD_Ruins,0,WOD_Ruins_05,568,93,21,21,568.1640625,-93.8359375
WOD_GuardTower,0,WOD_Guardtower_01,574,93,107,111,574.8359375,-93.1640625
WOD_BanditFort,0,WOD_BanditFort_01,574,93,64,107,574.5,-93.1640625
WOD_Ruins,0,WOD_Ruins_01,574,93,107,21,574.8359375,-93.8359375
WOD_BanditCamp,0,WOD_BanditCamp_09,581,93,70,107,581.5,-93.1640625
WOD_Ruins,0,WOD_Ruins_03,589,93,107,107,589.8359375,-93.1640625
WOD_Ruins,0,WOD_Ruins_04,596,93,70,64,596.5,-93.5
WOD_BanditCamp,0,WOD_BanditCamp_01,596,93,68,107,596.5,-93.1640625
WOD_BanditCamp,0,WOD_BanditCamp_01,560,94,64,107,560.5,-94.1640625
WOD_BanditCamp,0,WOD_BanditCamp_04,560,94,107,107,560.8359375,-94.1640625
WOD_BanditCamp,0,WOD_BanditCamp_02,561,94,64,21,561.5,-94.8359375
WOD_BanditCamp,0,WOD_BanditCamp_03,564,94,107,21,564.8359375,-94.8359375
WOD_GuardTower,0,WOD_Guardtower_01,568,94,61,107,568.5,-94.1640625
WOD_Shrine,0,WOD_Shrine_Stendarr_Major_05,568,94,107,64,568.8359375,-94.5
WOD_Ruins,0,WOD_Ruins_01,569,94,107,107,569.8359375,-94.1640625
WOD_Ruins,0,WOD_Ruins_05,572,94,107,21,572.8359375,-94.8359375
WOD_Ruins,0,WOD_Ruins_05,579,94,21,21,579.1640625,-94.8359375
WOD_BanditFort,0,WOD_BanditFort_01,583,94,107,21,583.8359375,-94.8359375
WOD_OrcCamp,0,WOD_OrcCamp_Medium_03,587,94,64,21,587.5,-94.8359375
WOD_BanditCamp,0,WOD_BanditCamp_06,566,95,21,107,566.1640625,-95.1640625
WOD_GuardTower,0,WOD_Guardtower_01,570,95,107,68,570.8359375,-95.5
WOD_Ruins,0,WOD_Ruins_01,571,95,21,21,571.1640625,-95.8359375
WOD_Shrine,0,WOD_Shrine_Zenithar_Major_08,571,95,107,62,571.8359375,-95.5
WOD_GuardTower,0,WOD_Guardtower_01,572,95,64,69,572.5,-95.5
WOD_BanditCamp,0,WOD_BanditCamp_05,573,95,107,107,573.8359375,-95.1640625
WOD_BanditCamp,0,WOD_BanditCamp_02,576,95,21,107,576.1640625,-95.1640625
WOD_Shrine,0,WOD_Shrine_Zenithar_Major_01,581,95,62,107,581.5,-95.1640625
WOD_Ruins,0,WOD_Ruins_04,581,95,21,21,581.1640625,-95.8359375
WOD_Ruins,0,WOD_Ruins_05,591,95,107,107,591.8359375,-95.1640625
WOD_GuardTower,0,WOD_Guardtower_01,594,95,69,64,594.5,-95.5
WOD_GuardTower,0,WOD_Guardtower_01,594,95,21,25,594.1640625,-95.8359375
WOD_BanditCamp,0,WOD_BanditCamp_01,565,96,107,107,565.8359375,-96.1640625
WOD_BanditCamp,0,WOD_BanditCamp_02,566,96,21,21,566.1640625,-96.8359375
WOD_OrcCamp,0,WOD_OrcCamp_Medium_01,566,96,21,107,566.1640625,-96.1640625
WOD_BanditCamp,0,WOD_BanditCamp_05,566,96,107,107,566.8359375,-96.1640625
WOD_Shrine,0,WOD_Shrine_Stendarr_Minor_06,567,96,64,60,567.5,-96.5
WOD_Shrine,0,WOD_Shrine_Zenithar_Major_08,568,96,21,66,568.1640625,-96.5
WOD_GuardTower,0,WOD_Guardtower_01,568,96,67,107,568.5,-96.1640625
WOD_BanditCamp,0,WOD_BanditCamp_01,577,96,64,107,577.5,-96.1640625
WOD_Shrine,0,WOD_Shrine_Zenithar_Major_07,581,96,62,107,581.5,-96.1640625
WOD_Shrine,0,WOD_Shrine_Zenithar_Minor_04,581,96,107,21,581.8359375,-96.8359375
WOD_BanditCamp,0,WOD_BanditCamp_07,585,96,64,107,585.5,-96.1640625
WOD_BanditCamp,0,WOD_BanditCamp_04,589,96,64,21,589.5,-96.8359375
WOD_BanditCamp,0,WOD_BanditCamp_01,589,96,64,107,589.5,-96.1640625
WOD_Ruins,0,WOD_Ruins_01,589,96,107,107,589.8359375,-96.1640625
WOD_BanditFort,0,WOD_BanditFort_01,593,96,64,72,593.5,-96.5
WOD_GuardTower,0,WOD_Guardtower_01,564,97,64,62,564.5,-97.5
WOD_Shrine,0,WOD_Shrine_Stendarr_Major_04,568,97,21,64,568.1640625,-97.5
WOD_Ruins,0,WOD_Ruins_05,568,97,21,107,568.1640625,-97.1640625
WOD_GuardTower,0,WOD_Guardtower_01,568,97,67,107,568.5,-97.1640625
WOD_Ruins,0,WOD_Ruins_05,570,97,107,64,570.8359375,-97.5
WOD_BanditCamp,0,WOD_BanditCamp_01,573,97,64,21,573.5,-97.8359375
WOD_BanditFort,0,WOD_BanditFort_01,580,97,21,64,580.1640625,-97.5
WOD_BanditCamp,0,WOD_BanditCamp_03,592,97,21,30,592.1640625,-97.8359375
WOD_BanditCamp,0,WOD_BanditCamp_05,569,98,56,64,569.5,-98.5
WOD_Ruins,0,WOD_Ruins_02,569,98,21,112,569.1640625,-98.1640625
WOD_Ruins,0,WOD_Ruins_03,575,98,21,107,575.1640625,-98.1640625
WOD_GuardTower,0,WOD_Guardtower_01,591,98,69,64,591.5,-98.5
WOD_GuardTower,0,WOD_Guardtower_01,591,98,21,25,591.1640625,-98.8359375
WOD_BanditCamp,0,WOD_BanditCamp_08,591,98,21,107,591.1640625,-98.1640625
WOD_Ruins,0,WOD_Ruins_06,564,99,107,64,564.8359375,-99.5
WOD_BanditCamp,0,WOD_BanditCamp_07,570,99,21,21,570.1640625,-99.8359375
WOD_BanditCamp,0,WOD_BanditCamp_08,575,99,64,58,575.5,-99.5
WOD_GuardTower,0,WOD_Guardtower_01,575,99,21,68,575.1640625,-99.5
WOD_Shrine,0,WOD_Shrine_Stendarr_Major_02,575,99,64,21,575.5,-99.8359375
WOD_Ruins,0,WOD_Ruins_05,576,99,21,21,576.1640625,-99.8359375
WOD_GuardTower,0,WOD_Guardtower_01,577,99,64,62,577.5,-99.5
WOD_Shrine,0,WOD_Shrine_Stendarr_Minor_05,577,99,64,107,577.5,-99.1640625
WOD_Ruins,0,WOD_Ruins_05,578,99,64,107,578.5,-99.1640625
WOD_GuardTower,0,WOD_Guardtower_01,579,99,21,68,579.1640625,-99.5
WOD_GuardTower,0,WOD_Guardtower_01,580,99,64,66,580.5,-99.5
WOD_Shrine,0,WOD_Shrine_Stendarr_Minor_06,580,99,107,61,580.8359375,-99.5
WOD_Shrine,0,WOD_Shrine_Zenithar_Minor_06,582,99,21,62,582.1640625,-99.5
WOD_OrcCamp,0,WOD_OrcCamp_Large_01,582,99,107,64,582.8359375,-99.5
WOD_Shrine,0,WOD_Shrine_Stendarr_Major_05,571,100,62,21,571.5,-100.8359375
WOD_BanditCamp,0,WOD_BanditCamp_07,575,100,107,107,575.8359375,-100.1640625
WOD_Ruins,0,WOD_Ruins_05,580,100,21,107,580.1640625,-100.1640625
WOD_GuardTower,0,WOD_Guardtower_01,581,100,61,107,581.5,-100.1640625
WOD_GuardTower,0,WOD_Guardtower_01,581,100,21,25,581.1640625,-100.8359375
WOD_Ruins,0,WOD_Ruins_05,584,100,64,68,584.5,-100.5
WOD_BanditCamp,0,WOD_BanditCamp_05,584,100,107,107,584.8359375,-100.1640625
WOD_GuardTower,0,WOD_Guardtower_01,587,100,64,59,587.5,-100.5
WOD_Ruins,0,WOD_Ruins_02,587,100,107,26,587.8359375,-100.8359375
WOD_Shrine,0,WOD_Shrine_Stendarr_Major_01,592,100,21,107,592.1640625,-100.1640625
WOD_BanditCamp,0,WOD_BanditCamp_06,571,101,59,107,571.5,-101.1640625
WOD_BanditCamp,0,WOD_BanditCamp_08,572,101,21,21,572.1640625,-101.8359375
WOD_BanditCamp,0,WOD_BanditCamp_05,575,101,107,107,575.8359375,-101.1640625
WOD_Shrine,0,WOD_Shrine_Zenithar_Major_01,577,101,107,107,577.8359375,-101.1640625
WOD_GuardTower,0,WOD_Guardtower_01,579,101,107,60,579.8359375,-101.5
WOD_Shrine,0,WOD_Shrine_Zenithar_Major_03,580,101,64,60,580.5,-101.5
WOD_Ruins,0,WOD_Ruins_03,581,101,107,21,581.8359375,-101.8359375
WOD_Ruins,0,WOD_Ruins_05,589,101,21,21,589.1640625,-101.8359375
WOD_Ruins,0,WOD_Ruins_02,576,102,107,112,576.8359375,-102.1640625
WOD_BanditCamp,0,WOD_BanditCamp_01,576,102,64,21,576.5,-102.8359375
WOD_BanditCamp,0,WOD_BanditCamp_09,577,102,64,107,577.5,-102.1640625
WOD_BanditCamp,0,WOD_BanditCamp_03,579,102,21,107,579.1640625,-102.1640625
WOD_BanditCamp,0,WOD_BanditCamp_03,583,102,21,107,583.1640625,-102.1640625
WOD_Ruins,0,WOD_Ruins_06,575,103,107,114,575.8359375,-103.1640625
WOD_Shrine,0,WOD_Shrine_Dibella_01,575,103,21,26,575.1640625,-103.8359375
WOD_Ruins,0,WOD_Ruins_04,579,103,64,107,579.5,-103.1640625
WOD_Ruins,0,WOD_Ruins_06,580,103,21,64,580.1640625,-103.5
WOD_OrcCamp,0,WOD_OrcCamp_Small_01,577,107,107,21,577.8359375,-107.8359375
