name,type,prefab,worldX,worldY,locationID,terrainX,terrainY,region,rotYaxis,heightOffset
Rocks,1,WOD_Rocks_Large_01,682,290,6818729184,4,1,Lainlyn,-122,-20
Rocks,1,WOD_Rocks_Large_08,676,285,6764628695,88,9,Lainlyn,-169,-20
Rocks,1,WOD_Rocks_Small_02,730,284,7301928481,45,107,Lainlyn,-150,0
Rocks,1,WOD_Rocks_Small_07,722,309,72235310106,62,5,Lainlyn,-132,0
Rocks,1,WOD_Rocks_Small_10,755,298,7556729835,85,53,Lainlyn,-158,0
Rocks,1,WOD_Rocks_Medium_02,717,297,7179329735,125,67,Lainlyn,-154,-14
Rocks,1,WOD_Rocks_Medium_05,697,281,6973228176,65,109,Lainlyn,-5,-22
Rocks,1,WOD_Rocks_Medium_08,743,281,7430128174,40,113,Lainlyn,-17,-4
Rocks,1,WOD_Rocks_Large_04,745,302,7456930392,110,5,Lainlyn,173,-3
Rocks,1,WOD_Rocks_Small_03,751,279,7513127901,53,20,Lainlyn,-141,0
Rocks,1,WOD_Rocks_Small_06,754,287,7548728793,109,115,Lainlyn,20,0
Rocks,1,WOD_Rocks_Small_07,753,280,7537428004,101,31,Lainlyn,147,0
Rocks,1,WOD_Rocks_Medium_01,756,282,7568628245,111,70,Lainlyn,-72,-28
Rocks,1,WOD_Rocks_Medium_03,667,294,6676829473,101,106,Lainlyn,147,-10
Rocks,1,WOD_Rocks_Medium_05,676,308,6763230833,65,66,Lainlyn,-121,-6
Rocks,1,WOD_Rocks_Medium_09,748,314,74710431444,12,76,Lainlyn,-6,-6
Rocks,1,WOD_Rocks_Medium_11,727,285,7276728526,96,55,Lainlyn,-62,-15
Rocks,1,WOD_Rocks_Medium_12,689,283,6891728378,34,95,Lainlyn,-144,-3
Rocks,1,WOD_Rocks_Large_06,759,279,7594527981,84,120,Lainlyn,-95,-29
Rocks,1,WOD_Rocks_Small_06,708,284,7080928482,31,104,Lainlyn,77,0
Rocks,1,WOD_Rocks_Medium_02,768,296,7681529678,47,110,Lainlyn,81,-10
Rocks,1,WOD_Rocks_Medium_06,668,283,66711628395,23,126,Lainlyn,-168,-19
Rocks,1,WOD_Rocks_Medium_07,757,300,7573830077,71,110,Lainlyn,-16,-6
Rocks,1,WOD_Rocks_Medium_09,670,295,67006296102,42,6,Lainlyn,-69,-27
Rocks,1,WOD_Rocks_Medium_11,760,288,7601528868,44,97,Lainlyn,51,-14
Rocks,1,WOD_Rocks_Large_01,735,281,7357028297,115,14,Lainlyn,-33,-4
Rocks,1,WOD_Rocks_Large_04,761,278,76012427990,37,3,Lainlyn,-105,-25
Rocks,1,WOD_Rocks_Large_05,697,298,6969329882,5,122,Lainlyn,38,-12
Rocks,1,WOD_Rocks_Large_06,713,298,71210429861,15,100,Lainlyn,-167,-29
Rocks,1,WOD_Rocks_Large_09,765,293,7650129320,39,54,Lainlyn,-49,-28
Rocks,1,WOD_Rocks_Small_02,762,283,7623728301,63,27,Lainlyn,-142,0
Rocks,1,WOD_Rocks_Small_03,753,278,75381279111,103,2,Lainlyn,38,0
Rocks,1,WOD_Rocks_Small_06,727,291,72769292113,91,7,Lainlyn,-120,0
Rocks,1,WOD_Rocks_Small_09,734,286,7340028633,16,49,Lainlyn,125,0
Rocks,1,WOD_Rocks_Medium_07,660,280,65911028197,15,2,Lainlyn,133,-18
Rocks,1,WOD_Rocks_Medium_09,669,283,6692728324,63,56,Lainlyn,-47,-29
Rocks,1,WOD_Rocks_Large_06,703,288,70379289101,118,12,Lainlyn,179,-11
Rocks,1,WOD_Rocks_Small_06,650,281,6506828168,90,90,Lainlyn,102,0
Rocks,1,WOD_Rocks_Medium_02,728,295,72893296106,125,10,Lainlyn,158,-17
Rocks,1,WOD_Rocks_Medium_04,704,289,7039228979,6,121,Lainlyn,-61,-13
Rocks,1,WOD_Rocks_Medium_06,677,296,6778229692,117,123,Lainlyn,66,-29
Rocks,1,WOD_Rocks_Medium_07,720,288,7201228828,45,61,Lainlyn,-82,-20
Rocks,1,WOD_Rocks_Medium_08,681,287,6811728703,56,42,Lainlyn,103,-28
Rocks,1,WOD_Rocks_Medium_09,706,294,70650295125,86,29,Lainlyn,-124,-7
Rocks,1,WOD_Rocks_Medium_11,673,303,6734130384,70,113,Lainlyn,-78,-21
Rocks,1,WOD_Rocks_Medium_12,695,308,69511030827,127,44,Lainlyn,-112,-17
Rocks,1,WOD_Rocks_Large_07,769,298,76906299105,50,21,Lainlyn,-122,-19
Rocks,1,WOD_Rocks_Large_09,684,315,68440316104,78,10,Lainlyn,-44,-29
Rocks,1,WOD_Rocks_Small_01,765,301,7658430117,108,41,Lainlyn,-117,0
Rocks,1,WOD_Rocks_Small_02,681,291,6816129174,87,100,Lainlyn,-54,0
Rocks,1,WOD_Rocks_Small_04,750,306,7502830699,52,123,Lainlyn,-68,0
Rocks,1,WOD_Rocks_Small_07,769,298,76945299109,72,8,Lainlyn,-104,0
Rocks,1,WOD_Rocks_Small_09,742,281,7427228188,88,104,Lainlyn,74,0
Rocks,1,WOD_Rocks_Small_10,760,295,7607429583,92,101,Lainlyn,157,0
Rocks,1,WOD_Rocks_Medium_03,748,294,7487429454,107,87,Lainlyn,-1,-30
Rocks,1,WOD_Rocks_Large_01,693,294,69383295124,128,41,Lainlyn,-44,-29
Rocks,1,WOD_Rocks_Large_05,706,304,7061230482,52,122,Lainlyn,107,-22
Rocks,1,WOD_Rocks_Large_07,723,282,72210828386,24,2,Lainlyn,-33,-30
Rocks,1,WOD_Rocks_Large_09,742,280,74206281113,44,19,Lainlyn,160,-25
Rocks,1,WOD_Rocks_Small_03,681,297,68110529779,127,98,Lainlyn,-132,0
Rocks,1,WOD_Rocks_Small_04,707,305,7076830582,92,106,Lainlyn,145,0
Rocks,1,WOD_Rocks_Small_05,719,283,7199028399,113,122,Lainlyn,-152,0
Rocks,1,WOD_Rocks_Large_05,751,300,7517230070,112,110,Lainlyn,-71,-11
Rocks,1,WOD_Rocks_Large_07,663,301,66320302101,64,17,Lainlyn,-143,-9
Rocks,1,WOD_Rocks_Large_08,689,317,6898131770,123,112,Lainlyn,48,-26
Rocks,1,WOD_Rocks_Small_05,721,312,7211531259,38,82,Lainlyn,117,0
Rocks,1,WOD_Rocks_Small_06,736,310,7365831086,80,108,Lainlyn,-61,0
Rocks,1,WOD_Rocks_Small_07,741,311,7419531168,122,95,Lainlyn,-90,0
Rocks,1,WOD_Rocks_Small_09,712,305,71112730577,15,93,Lainlyn,72,0
Rocks,1,WOD_Rocks_Small_10,702,311,70240312124,58,14,Lainlyn,116,0
Rocks,1,WOD_Rocks_Medium_05,673,302,67340303110,73,15,Lainlyn,40,-18
Rocks,1,WOD_Rocks_Medium_06,689,297,6898429701,119,32,Lainlyn,38,-30
Rocks,1,WOD_Rocks_Medium_10,716,310,7165631086,98,128,Lainlyn,-41,-16
Rocks,1,WOD_Rocks_Medium_12,701,311,7011431142,31,59,Lainlyn,-31,-23
Rocks,1,WOD_Rocks_Large_01,735,287,73558288104,103,21,Lainlyn,70,-6
Rocks,1,WOD_Rocks_Large_03,696,297,6962329731,62,70,Lainlyn,26,-4
Rocks,1,WOD_Rocks_Large_06,713,301,7137330164,112,103,Lainlyn,-60,-2
Rocks,1,WOD_Rocks_Small_01,708,292,70810229256,126,80,Lainlyn,94,0
Rocks,1,WOD_Rocks_Small_10,662,293,6629529372,113,90,Lainlyn,-173,0
Rocks,1,WOD_Rocks_Medium_07,712,297,7128729896,120,1,Lainlyn,166,-1
Rocks,1,WOD_Rocks_Medium_11,717,284,7177428483,103,112,Lainlyn,163,-15
Rocks,1,WOD_Rocks_Medium_12,685,292,6856529273,82,90,Lainlyn,9,-12
Rocks,1,WOD_Rocks_Large_06,690,306,6908430631,123,70,Lainlyn,50,-24
Rocks,1,WOD_Rocks_Small_07,718,283,7189528361,122,88,Lainlyn,35,0
Rocks,1,WOD_Rocks_Small_08,765,293,76520294119,47,18,Lainlyn,-156,0
Rocks,1,WOD_Rocks_Medium_05,664,294,66312229423,27,56,Lainlyn,-77,-24
Rocks,1,WOD_Rocks_Medium_07,769,290,76811029084,15,117,Lainlyn,-9,-17
Rocks,1,WOD_Rocks_Medium_10,672,305,67112430526,38,68,Lainlyn,-40,-15
Rocks,1,WOD_Rocks_Large_02,751,310,750127311100,36,9,Lainlyn,-33,-5
Rocks,1,WOD_Rocks_Large_04,671,285,6710928576,50,117,Lainlyn,56,-16
Rocks,1,WOD_Rocks_Large_06,765,293,76582294101,121,12,Lainlyn,24,-14
Rocks,1,WOD_Rocks_Large_07,742,285,74244286105,88,21,Lainlyn,142,-19
Rocks,1,WOD_Rocks_Small_03,761,298,76150298104,72,123,Lainlyn,-59,0
Rocks,1,WOD_Rocks_Small_04,690,295,69047296113,71,9,Lainlyn,-174,0
Rocks,1,WOD_Rocks_Small_06,645,281,6457428199,96,121,Lainlyn,100,0
Rocks,1,WOD_Rocks_Small_10,656,282,65633283111,51,1,Lainlyn,-111,0
Rocks,1,WOD_Rocks_Medium_02,704,313,7046431383,96,115,Lainlyn,-61,-12
Rocks,1,WOD_Rocks_Medium_05,670,293,6701829314,51,47,Lainlyn,104,-16
Rocks,1,WOD_Rocks_Medium_07,740,296,7401929629,52,62,Lainlyn,55,-18
Rocks,1,WOD_Rocks_Medium_12,754,291,7542329165,40,82,Lainlyn,49,-12
Rocks,1,WOD_Rocks_Large_02,763,278,76335279110,72,19,Lainlyn,3,-26
Rocks,1,WOD_Rocks_Large_05,700,312,7008131227,121,67,Lainlyn,132,-12
Rocks,1,WOD_Rocks_Small_01,770,309,77077310110,101,6,Lainlyn,-40,0
Rocks,1,WOD_Rocks_Small_04,732,304,7327430442,98,66,Lainlyn,20,0
Rocks,1,WOD_Rocks_Small_09,758,290,75878290100,94,116,Lainlyn,63,0
Rocks,1,WOD_Rocks_Medium_01,760,288,75910828887,5,112,Lainlyn,180,-27
Rocks,1,WOD_Rocks_Medium_02,765,280,7654928001,81,33,Lainlyn,-168,-22
Rocks,1,WOD_Rocks_Medium_07,697,288,696100289108,5,13,Lainlyn,37,-27
Rocks,1,WOD_Rocks_Medium_11,664,283,6646028378,89,107,Lainlyn,156,-3
Rocks,1,WOD_Rocks_Large_06,769,299,7696129967,100,106,Lainlyn,-43,-2
Rocks,1,WOD_Rocks_Small_03,756,310,75673310108,95,127,Lainlyn,63,0
Rocks,1,WOD_Rocks_Small_09,759,290,75913291118,29,6,Lainlyn,95,0
Rocks,1,WOD_Rocks_Small_10,758,285,75845285108,63,126,Lainlyn,-20,0
Rocks,1,WOD_Rocks_Medium_01,683,308,68350309109,75,6,Lainlyn,-115,-1
Rocks,1,WOD_Rocks_Medium_02,644,278,6449327846,125,78,Lainlyn,129,-6
Rocks,1,WOD_Rocks_Medium_04,734,304,73484305109,126,23,Lainlyn,71,-28
Rocks,1,WOD_Rocks_Medium_06,754,286,7543228604,67,35,Lainlyn,48,-28
Rocks,1,WOD_Rocks_Medium_07,739,308,7395630841,89,74,Lainlyn,135,-13
Rocks,1,WOD_Rocks_Medium_09,665,288,66576289118,112,22,Lainlyn,107,-16
Rocks,1,WOD_Rocks_Medium_11,716,308,7166130850,90,79,Lainlyn,26,-16
Rocks,1,WOD_Rocks_Medium_12,759,315,7591731567,34,84,Lainlyn,172,-18
Rocks,1,WOD_Rocks_Large_01,729,298,72812829837,45,82,Lainlyn,-130,-24
Rocks,1,WOD_Rocks_Large_02,672,301,67110130184,10,121,Lainlyn,-107,-15
Rocks,1,WOD_Rocks_Large_04,667,289,66733290105,74,18,Lainlyn,95,-5
Rocks,1,WOD_Rocks_Large_06,691,280,6916528052,104,91,Lainlyn,-22,-10
Rocks,1,WOD_Rocks_Large_08,748,316,74836317101,78,15,Lainlyn,-162,-23
Rocks,1,WOD_Rocks_Small_01,694,283,6947228319,96,43,Lainlyn,-63,0
Rocks,1,WOD_Rocks_Small_02,696,280,6968128037,107,63,Lainlyn,87,0
Rocks,1,WOD_Rocks_Small_03,681,283,6814628303,68,22,Lainlyn,-95,0
Rocks,1,WOD_Rocks_Small_04,700,280,7007028064,94,88,Lainlyn,0,0
Rocks,1,WOD_Rocks_Small_05,659,297,65812729790,22,113,Lainlyn,-56,0
Rocks,1,WOD_Rocks_Small_06,679,313,6799931315,121,37,Lainlyn,47,0
Rocks,1,WOD_Rocks_Small_10,713,287,71211128773,1,91,Lainlyn,-122,0
Rocks,1,WOD_Rocks_Medium_01,688,317,6888331774,108,99,Lainlyn,-27,-13
Rocks,1,WOD_Rocks_Medium_02,718,301,71712730191,31,123,Lainlyn,9,-10
Rocks,1,WOD_Rocks_Medium_04,655,294,65411429588,28,2,Lainlyn,7,-25
Rocks,1,WOD_Rocks_Medium_06,677,288,6775828835,93,66,Lainlyn,140,-29
Rocks,1,WOD_Rocks_Medium_07,712,311,7128831167,121,100,Lainlyn,-44,-13
Rocks,1,WOD_Rocks_Medium_08,668,289,66711028944,21,83,Lainlyn,-134,-7
Rocks,1,WOD_Rocks_Medium_10,696,299,6961529903,57,45,Lainlyn,-69,-19
Rocks,1,WOD_Rocks_Medium_11,703,286,70309287128,38,29,Lainlyn,-163,-15
Rocks,1,WOD_Rocks_Medium_12,746,310,7460331088,20,105,Lainlyn,-14,-3
Rocks,1,WOD_Rocks_Large_02,650,289,6504228906,79,43,Lainlyn,-148,-23
Rocks,1,WOD_Rocks_Large_04,662,287,6619628744,9,85,Lainlyn,1,-20
Rocks,1,WOD_Rocks_Large_05,745,302,74515303124,55,36,Lainlyn,12,0
Rocks,1,WOD_Rocks_Large_07,686,299,6862929904,73,48,Lainlyn,72,-5
Rocks,1,WOD_Rocks_Large_08,716,294,7161429442,56,84,Lainlyn,-6,-11
Rocks,1,WOD_Rocks_Large_09,659,289,6592028905,58,39,Lainlyn,-14,-16
Rocks,1,WOD_Rocks_Small_01,762,283,7629928317,123,41,Lainlyn,-8,0
Rocks,1,WOD_Rocks_Small_02,740,289,7401928976,45,102,Lainlyn,69,0
Rocks,1,WOD_Rocks_Small_04,746,297,7466529759,89,83,Lainlyn,-44,0
Rocks,1,WOD_Rocks_Small_05,739,307,73810630724,1,47,Lainlyn,69,0
Rocks,1,WOD_Rocks_Small_06,752,306,7520530645,27,67,Lainlyn,-102,0
Rocks,1,WOD_Rocks_Small_07,734,301,7341830119,45,46,Lainlyn,-80,0
Rocks,1,WOD_Rocks_Small_08,679,313,6799231382,119,109,Lainlyn,42,0
Rocks,1,WOD_Rocks_Small_09,764,290,76312729006,15,22,Lainlyn,77,0
Rocks,1,WOD_Rocks_Small_10,709,294,70935295125,53,15,Lainlyn,-44,0
Rocks,1,WOD_Rocks_Medium_01,694,289,6942828958,53,83,Lainlyn,-21,-8
Rocks,1,WOD_Rocks_Medium_02,702,311,70111831118,22,50,Lainlyn,-142,-30
Rocks,1,WOD_Rocks_Medium_03,737,285,736120286109,25,14,Lainlyn,-159,-23
Rocks,1,WOD_Rocks_Medium_05,677,306,6778130663,114,96,Lainlyn,-158,-10
Rocks,1,WOD_Rocks_Medium_07,758,308,75710430849,9,82,Lainlyn,-48,-20
Rocks,1,WOD_Rocks_Medium_10,736,306,7368430636,126,78,Lainlyn,122,-19
Rocks,1,WOD_Rocks_Medium_11,722,307,7227730765,106,94,Lainlyn,60,-24
Rocks,1,WOD_Rocks_Medium_12,725,301,7253330104,50,21,Lainlyn,98,-13
Rocks,1,WOD_Rocks_Large_01,722,280,72282281113,127,30,Lainlyn,-4,-4
Rocks,1,WOD_Rocks_Large_02,664,296,6639329638,2,75,Lainlyn,136,-30
Rocks,1,WOD_Rocks_Large_05,737,308,73610830812,20,52,Lainlyn,-40,-15
Rocks,1,WOD_Rocks_Large_06,757,319,75612531903,36,42,Lainlyn,-17,-23
Rocks,1,WOD_Rocks_Large_08,688,300,68711630084,30,126,Lainlyn,-50,-3
Rocks,1,WOD_Rocks_Large_09,652,291,6521429181,52,115,Lainlyn,-90,-3
Rocks,1,WOD_Rocks_Small_02,741,302,7416330238,89,64,Lainlyn,132,0
Rocks,1,WOD_Rocks_Small_03,749,303,7494130369,63,88,Lainlyn,18,0
Rocks,1,WOD_Rocks_Small_04,690,315,69010231508,126,32,Lainlyn,-145,0
Rocks,1,WOD_Rocks_Small_06,751,304,75110630426,128,48,Lainlyn,-55,0
Rocks,1,WOD_Rocks_Small_07,703,309,7034630954,73,81,Lainlyn,-156,0
Rocks,1,WOD_Rocks_Small_08,769,278,768125279114,24,13,Lainlyn,-90,0
Rocks,1,WOD_Rocks_Small_10,758,304,75810930450,127,68,Lainlyn,-41,0
Rocks,1,WOD_Rocks_Medium_01,692,297,6924029767,65,92,Lainlyn,45,-10
Rocks,1,WOD_Rocks_Medium_03,677,300,6779230031,125,64,Lainlyn,-11,-15
Rocks,1,WOD_Rocks_Medium_04,664,287,663105288102,19,16,Lainlyn,-90,-30
Rocks,1,WOD_Rocks_Medium_06,710,283,71033284123,68,26,Lainlyn,-75,-25
Rocks,1,WOD_Rocks_Medium_09,744,280,7443728052,73,84,Lainlyn,131,-14
Rocks,1,WOD_Rocks_Medium_10,731,298,7316729864,109,106,Lainlyn,-72,-15
Rocks,1,WOD_Rocks_Medium_11,675,301,6754630120,75,49,Lainlyn,-15,-4
Rocks,1,WOD_Rocks_Medium_12,710,297,71058297105,75,122,Lainlyn,169,-22
Rocks,1,WOD_Rocks_Large_01,663,285,6634728563,92,108,Lainlyn,119,-3
Rocks,1,WOD_Rocks_Large_02,755,298,75524299109,61,18,Lainlyn,-85,-12
Rocks,1,WOD_Rocks_Large_04,739,302,7390330203,44,44,Lainlyn,89,-14
Rocks,1,WOD_Rocks_Large_05,761,306,7612230626,62,66,Lainlyn,-107,-3
Rocks,1,WOD_Rocks_Large_06,665,288,6650628845,45,84,Lainlyn,18,-22
Rocks,1,WOD_Rocks_Large_07,747,303,7476030373,104,117,Lainlyn,74,-7
Rocks,1,WOD_Rocks_Large_08,709,291,7088729109,1,51,Lainlyn,-15,-20
Rocks,1,WOD_Rocks_Small_02,770,287,7702628714,52,40,Lainlyn,-34,0
Rocks,1,WOD_Rocks_Small_03,730,285,72910928540,3,59,Lainlyn,-28,0
Rocks,1,WOD_Rocks_Small_05,694,308,6943230800,55,23,Lainlyn,-99,0
Rocks,1,WOD_Rocks_Small_06,670,282,6704028241,62,63,Lainlyn,-64,0
Rocks,1,WOD_Rocks_Small_07,738,310,73854311124,81,23,Lainlyn,-83,0
Rocks,1,WOD_Rocks_Small_08,742,300,7425130003,78,30,Lainlyn,161,0
Rocks,1,WOD_Rocks_Small_10,752,293,7524029396,58,114,Lainlyn,33,0
Rocks,1,WOD_Rocks_Medium_01,714,285,7144128582,66,107,Lainlyn,89,-10
Rocks,1,WOD_Rocks_Medium_02,763,282,76324283111,56,15,Lainlyn,66,-29
Rocks,1,WOD_Rocks_Medium_04,767,296,7677329646,115,88,Lainlyn,-13,-11
Rocks,1,WOD_Rocks_Medium_06,739,298,7397229860,107,91,Lainlyn,50,-25
Rocks,1,WOD_Rocks_Medium_07,718,299,71873300114,106,19,Lainlyn,-13,-22
Rocks,1,WOD_Rocks_Medium_08,647,278,64610427838,15,77,Lainlyn,-56,-11
Rocks,1,WOD_Rocks_Medium_12,713,298,71212029891,9,108,Lainlyn,-165,-8
Rocks,1,WOD_Rocks_Large_01,756,295,7565029572,95,117,Lainlyn,-130,-16
Rocks,1,WOD_Rocks_Large_03,767,312,7671231241,51,80,Lainlyn,-162,-13
Rocks,1,WOD_Rocks_Large_04,660,282,6600528242,46,83,Lainlyn,120,-30
Rocks,1,WOD_Rocks_Large_05,745,309,7449230977,4,117,Lainlyn,-88,-25
Rocks,1,WOD_Rocks_Large_07,646,278,64652279113,96,29,Lainlyn,135,-16
Rocks,1,WOD_Rocks_Large_09,698,287,6985128728,89,62,Lainlyn,-96,-27
Rocks,1,WOD_Rocks_Small_01,686,288,6860328884,27,108,Lainlyn,168,0
Rocks,1,WOD_Rocks_Small_02,705,295,7052829584,54,110,Lainlyn,169,0
Rocks,1,WOD_Rocks_Small_03,755,302,7553130272,53,91,Lainlyn,62,0
Rocks,1,WOD_Rocks_Small_04,645,279,6453127922,55,46,Lainlyn,77,0
Rocks,1,WOD_Rocks_Small_05,715,304,71595304102,118,125,Lainlyn,-142,0
Rocks,1,WOD_Rocks_Small_06,727,282,72708283108,30,2,Lainlyn,162,0
Rocks,1,WOD_Rocks_Small_08,681,289,68011528973,14,100,Lainlyn,-96,0
Rocks,1,WOD_Rocks_Small_09,753,320,75212532097,13,113,Lainlyn,-149,0
Rocks,1,WOD_Rocks_Medium_02,733,289,7334528931,77,63,Lainlyn,-51,-20
Rocks,1,WOD_Rocks_Medium_03,760,279,76004280120,37,25,Lainlyn,-59,-28
Rocks,1,WOD_Rocks_Medium_05,680,315,67911331546,18,79,Lainlyn,-102,-3
Rocks,1,WOD_Rocks_Medium_06,739,307,7395930723,94,54,Lainlyn,-26,-11
Rocks,1,WOD_Rocks_Medium_07,676,304,6763830597,71,2,Lainlyn,-111,-21
Rocks,1,WOD_Rocks_Medium_10,675,297,67410429727,18,69,Lainlyn,-130,0
Rocks,1,WOD_Rocks_Medium_11,746,287,74511428749,15,78,Lainlyn,-93,-5
Rocks,1,WOD_Rocks_Medium_12,744,281,7441728128,34,45,Lainlyn,-16,-24
Rocks,1,WOD_Rocks_Large_05,758,312,7583231235,72,75,Lainlyn,174,-29
Rocks,1,WOD_Rocks_Large_06,696,300,69512030072,31,111,Lainlyn,-19,-13
Rocks,1,WOD_Rocks_Large_07,739,292,7396529238,109,82,Lainlyn,83,-30
Rocks,1,WOD_Rocks_Large_09,743,307,7434930774,87,108,Lainlyn,-123,-20
Rocks,1,WOD_Rocks_Small_02,674,298,673106299125,4,23,Lainlyn,-96,0
Rocks,1,WOD_Rocks_Small_03,756,285,7565228527,74,46,Lainlyn,-91,0
Rocks,1,WOD_Rocks_Small_05,677,297,67746297105,69,128,Lainlyn,-147,0
Rocks,1,WOD_Rocks_Small_07,687,312,6874531279,72,106,Lainlyn,-127,0
Rocks,1,WOD_Rocks_Small_10,770,286,77073287115,91,5,Lainlyn,-50,0
Rocks,1,WOD_Rocks_Medium_01,690,312,6905031277,75,102,Lainlyn,-124,-26
Rocks,1,WOD_Rocks_Medium_02,738,306,73879307122,111,26,Lainlyn,-127,-29
Rocks,1,WOD_Rocks_Medium_03,713,305,71210630565,11,98,Lainlyn,3,-9
Rocks,1,WOD_Rocks_Medium_04,709,286,70973287109,115,23,Lainlyn,-27,-11
Rocks,1,WOD_Rocks_Medium_05,741,305,7410630528,39,61,Lainlyn,-142,-14
Rocks,1,WOD_Rocks_Medium_06,685,312,6855531270,90,101,Lainlyn,-104,-21
Rocks,1,WOD_Rocks_Medium_08,718,311,7180431135,43,74,Lainlyn,-86,-23
Rocks,1,WOD_Rocks_Medium_09,655,279,6551527940,51,72,Lainlyn,73,-30
Rocks,1,WOD_Rocks_Medium_10,751,291,7508829176,2,118,Lainlyn,-137,-14
Rocks,1,WOD_Rocks_Medium_11,712,308,7125830835,87,64,Lainlyn,-20,-15
Rocks,1,WOD_Rocks_Medium_12,708,299,7083529906,52,23,Lainlyn,-25,-15
Rocks,1,WOD_Rocks_Large_01,763,299,7637329947,118,92,Lainlyn,30,-9
Rocks,1,WOD_Rocks_Large_04,707,282,70610028276,13,117,Lainlyn,-29,-2
Rocks,1,WOD_Rocks_Large_06,706,281,70665282114,104,25,Lainlyn,116,-5
Rocks,1,WOD_Rocks_Large_07,768,294,7683629592,80,8,Lainlyn,-27,-4
Rocks,1,WOD_Rocks_Large_08,663,286,6629028796,4,10,Lainlyn,-162,-2
Rocks,1,WOD_Rocks_Small_01,757,312,75737313114,61,10,Lainlyn,-77,0
Rocks,1,WOD_Rocks_Small_02,767,305,7671930517,45,43,Lainlyn,-138,0
Rocks,1,WOD_Rocks_Small_03,657,296,6578229676,104,95,Lainlyn,-127,0
Rocks,1,WOD_Rocks_Small_06,665,303,6653230363,54,85,Lainlyn,-177,0
Rocks,1,WOD_Rocks_Small_08,759,310,75961311110,88,9,Lainlyn,-28,0
Rocks,1,WOD_Rocks_Small_10,685,288,6855228899,70,117,Lainlyn,-129,0
Rocks,1,WOD_Rocks_Medium_01,678,313,67711931314,16,39,Lainlyn,73,-18
Rocks,1,WOD_Rocks_Medium_02,741,284,74193285110,125,14,Lainlyn,11,-13
Rocks,1,WOD_Rocks_Medium_03,721,308,7216730999,100,4,Lainlyn,150,-22
Rocks,1,WOD_Rocks_Medium_05,686,313,6869031499,123,4,Lainlyn,-10,-28
Rocks,1,WOD_Rocks_Medium_06,677,298,6770029896,35,127,Lainlyn,-79,-9
Rocks,1,WOD_Rocks_Medium_07,696,287,6963828732,71,65,Lainlyn,-74,-7
Rocks,1,WOD_Rocks_Medium_08,673,300,6733130024,70,63,Lainlyn,10,-22
Rocks,1,WOD_Rocks_Medium_09,699,316,6996031638,96,70,Lainlyn,59,-19
Rocks,1,WOD_Rocks_Large_01,655,292,65576293120,121,37,Lainlyn,-9,-29
Rocks,1,WOD_Rocks_Large_02,684,302,6840930268,46,105,Lainlyn,-58,-10
Rocks,1,WOD_Rocks_Large_03,685,301,6857930104,118,43,Lainlyn,-72,-15
Rocks,1,WOD_Rocks_Large_06,692,282,69110928204,20,43,Lainlyn,-49,-15
Rocks,1,WOD_Rocks_Large_07,753,300,75295301101,11,17,Lainlyn,62,-8
Rocks,1,WOD_Rocks_Large_08,751,286,75010428610,18,52,Lainlyn,-114,-18
Rocks,1,WOD_Rocks_Large_09,749,304,7492030415,58,49,Lainlyn,97,-9
Rocks,1,WOD_Rocks_Small_01,710,296,70912429631,20,55,Lainlyn,161,0
Rocks,1,WOD_Rocks_Small_04,697,303,69742303104,66,128,Lainlyn,86,0
Rocks,1,WOD_Rocks_Small_07,711,297,7116329793,90,120,Lainlyn,-73,0
Rocks,1,WOD_Rocks_Small_09,673,284,672113285119,1,7,Lainlyn,69,0
Rocks,1,WOD_Rocks_Small_10,752,297,7528229712,100,30,Lainlyn,-137,0
Rocks,1,WOD_Rocks_Medium_01,735,293,7352229352,47,77,Lainlyn,-166,-6
Rocks,1,WOD_Rocks_Medium_03,688,308,68812309106,45,11,Lainlyn,13,-1
Rocks,1,WOD_Rocks_Medium_04,719,285,7197728526,119,68,Lainlyn,109,0
Rocks,1,WOD_Rocks_Medium_05,736,294,73654295122,87,27,Lainlyn,-30,-15
Rocks,1,WOD_Rocks_Medium_06,673,307,67351308127,86,30,Lainlyn,-102,-12
Rocks,1,WOD_Rocks_Medium_07,731,286,7316528629,98,62,Lainlyn,-176,-12
Rocks,1,WOD_Rocks_Medium_11,737,312,73610031231,1,60,Lainlyn,134,-18
Rocks,1,WOD_Rocks_Large_01,676,307,6767230735,117,80,Lainlyn,-106,-11
Rocks,1,WOD_Rocks_Large_03,718,283,7179028497,1,8,Lainlyn,141,-3
Rocks,1,WOD_Rocks_Large_06,710,282,7100428259,43,98,Lainlyn,-54,-27
Rocks,1,WOD_Rocks_Large_07,708,291,707105292113,21,29,Lainlyn,33,-24
Rocks,1,WOD_Rocks_Large_08,753,319,75382320115,124,29,Lainlyn,37,-15
Rocks,1,WOD_Rocks_Small_02,719,297,71959298120,85,18,Lainlyn,-50,0
Rocks,1,WOD_Rocks_Small_03,771,312,77012231267,16,86,Lainlyn,153,0
Rocks,1,WOD_Rocks_Small_05,768,292,7680929223,32,46,Lainlyn,-147,0
Rocks,1,WOD_Rocks_Small_06,762,315,7624931570,71,92,Lainlyn,-38,0
Rocks,1,WOD_Rocks_Small_08,763,287,76210528736,4,63,Lainlyn,-28,0
Rocks,1,WOD_Rocks_Small_09,727,284,7272428463,40,79,Lainlyn,112,0
Rocks,1,WOD_Rocks_Small_10,727,281,7279728176,115,94,Lainlyn,-8,0
Rocks,1,WOD_Rocks_Medium_01,677,298,6778229828,107,53,Lainlyn,-97,-7
Rocks,1,WOD_Rocks_Medium_03,742,300,7422730197,60,2,Lainlyn,63,-2
Rocks,1,WOD_Rocks_Medium_04,657,290,6571529197,57,11,Lainlyn,-177,-9
Rocks,1,WOD_Rocks_Medium_05,769,284,768119285111,24,16,Lainlyn,6,-3
Rocks,1,WOD_Rocks_Medium_06,743,289,7432628944,61,75,Lainlyn,161,-1
Rocks,1,WOD_Rocks_Medium_08,681,283,6814228301,81,40,Lainlyn,-93,-21
Rocks,1,WOD_Rocks_Medium_12,654,286,65426287113,43,2,Lainlyn,135,-30
Rocks,1,WOD_Rocks_Large_01,721,302,72010630399,23,16,Lainlyn,-117,-7
Rocks,1,WOD_Rocks_Large_04,711,298,7112429838,65,79,Lainlyn,-25,-21
Rocks,1,WOD_Rocks_Small_02,720,306,7201230678,38,104,Lainlyn,80,0
Rocks,1,WOD_Rocks_Small_04,751,295,7510829591,32,115,Lainlyn,156,0
Rocks,1,WOD_Rocks_Small_05,740,299,7407829931,101,54,Lainlyn,90,0
Rocks,1,WOD_Rocks_Small_06,696,287,69512028714,14,36,Lainlyn,-96,0
Rocks,1,WOD_Rocks_Small_07,768,300,7683730029,64,56,Lainlyn,-111,0
Rocks,1,WOD_Rocks_Small_09,685,297,68411829706,6,22,Lainlyn,-81,0
Rocks,1,WOD_Rocks_Small_10,714,285,7143128588,49,106,Lainlyn,151,0
Rocks,1,WOD_Rocks_Medium_01,711,293,7115129391,76,116,Lainlyn,-115,-7
Rocks,1,WOD_Rocks_Medium_05,754,281,75311428164,19,97,Lainlyn,144,-9
Rocks,1,WOD_Rocks_Medium_06,759,313,75811831365,25,96,Lainlyn,86,-8
Rocks,1,WOD_Rocks_Medium_07,678,295,6782829508,61,41,Lainlyn,-108,-25
Rocks,1,WOD_Rocks_Medium_08,668,293,6686529309,104,48,Lainlyn,4,-16
Rocks,1,WOD_Rocks_Medium_11,772,313,7727731336,106,65,Lainlyn,-56,-19
Rocks,1,WOD_Rocks_Medium_12,725,310,7258331040,100,57,Lainlyn,-65,-17
Rocks,1,WOD_Rocks_Large_02,748,280,74846281118,83,27,Lainlyn,81,-13
Rocks,1,WOD_Rocks_Large_03,752,306,75217307113,56,24,Lainlyn,60,-24
Rocks,1,WOD_Rocks_Large_04,710,296,70912329655,36,96,Lainlyn,-171,-18
Rocks,1,WOD_Rocks_Large_05,661,298,6612829879,68,119,Lainlyn,79,-6
Rocks,1,WOD_Rocks_Large_07,763,284,7632928446,73,90,Lainlyn,61,-27
Rocks,1,WOD_Rocks_Large_08,744,288,74456289123,98,37,Lainlyn,-65,-1
Rocks,1,WOD_Rocks_Large_09,757,296,7570129795,39,1,Lainlyn,-16,-28
Rocks,1,WOD_Rocks_Small_01,648,285,6487628556,100,80,Lainlyn,-6,0
Rocks,1,WOD_Rocks_Small_02,743,298,74210829891,6,117,Lainlyn,-118,0
Rocks,1,WOD_Rocks_Small_03,707,304,7078630409,108,28,Lainlyn,-127,0
Rocks,1,WOD_Rocks_Small_04,762,319,7628131978,105,102,Lainlyn,20,0
Rocks,1,WOD_Rocks_Small_05,745,285,7457228573,95,96,Lainlyn,119,0
Rocks,1,WOD_Rocks_Small_08,692,281,69236282110,63,9,Lainlyn,13,0
Rocks,1,WOD_Rocks_Small_09,758,282,75711628231,4,47,Lainlyn,170,0
Rocks,1,WOD_Rocks_Small_10,765,315,7651831540,36,58,Lainlyn,35,0
Rocks,1,WOD_Rocks_Medium_01,749,284,7490128409,26,34,Lainlyn,147,-27
Rocks,1,WOD_Rocks_Medium_04,734,293,7340829349,50,91,Lainlyn,-85,-23
Rocks,1,WOD_Rocks_Medium_06,690,288,6906728809,102,40,Lainlyn,33,-28
Rocks,1,WOD_Rocks_Medium_08,697,288,69610228842,13,81,Lainlyn,132,-10
Rocks,1,WOD_Rocks_Medium_09,653,291,65351292100,87,4,Lainlyn,-72,0
Rocks,1,WOD_Rocks_Medium_10,770,291,7705429113,96,55,Lainlyn,-146,-30
Rocks,1,WOD_Rocks_Medium_11,673,298,6736429844,93,73,Lainlyn,-86,-9
Rocks,1,WOD_Rocks_Large_01,698,283,6980028331,45,76,Lainlyn,-30,-17
Rocks,1,WOD_Rocks_Large_03,709,301,7096130137,100,76,Lainlyn,-105,-29
Rocks,1,WOD_Rocks_Large_07,661,283,66010128301,17,45,Lainlyn,146,0
Rocks,1,WOD_Rocks_Large_08,663,279,66332280124,74,38,Lainlyn,-116,-23
Rocks,1,WOD_Rocks_Small_01,756,287,7569628792,120,116,Lainlyn,71,0
Rocks,1,WOD_Rocks_Small_03,712,296,71111629670,10,89,Lainlyn,165,0
Rocks,1,WOD_Rocks_Small_04,724,284,723111285122,7,18,Lainlyn,-99,0
Rocks,1,WOD_Rocks_Small_05,695,310,6951531059,38,82,Lainlyn,120,0
Rocks,1,WOD_Rocks_Small_06,664,297,6649229732,114,54,Lainlyn,-9,0
Rocks,1,WOD_Rocks_Small_07,726,295,7260429563,31,90,Lainlyn,-32,0
Rocks,1,WOD_Rocks_Small_08,755,311,7558731131,114,58,Lainlyn,-118,0
Rocks,1,WOD_Rocks_Small_09,769,314,7698131451,97,67,Lainlyn,-156,0
Rocks,1,WOD_Rocks_Small_10,767,307,7673830736,56,54,Lainlyn,-54,0
Rocks,1,WOD_Rocks_Medium_01,729,282,7299928274,124,99,Lainlyn,-8,-21
Rocks,1,WOD_Rocks_Medium_02,690,289,6901528956,47,88,Lainlyn,49,-13
Rocks,1,WOD_Rocks_Medium_03,743,293,7436529377,98,110,Lainlyn,-77,-22
Rocks,1,WOD_Rocks_Medium_04,762,283,7624428491,86,5,Lainlyn,-125,-5
Rocks,1,WOD_Rocks_Medium_05,771,307,7717730701,110,34,Lainlyn,-95,-7
Rocks,1,WOD_Rocks_Medium_06,762,301,7629130108,126,39,Lainlyn,-113,-29
Rocks,1,WOD_Rocks_Medium_07,671,290,6712029028,53,61,Lainlyn,-96,-26
Rocks,1,WOD_Rocks_Medium_12,691,298,69012729831,16,48,Lainlyn,-3,-12
Rocks,1,WOD_Rocks_Large_03,747,301,74610030295,11,6,Lainlyn,12,-11
Rocks,1,WOD_Rocks_Large_05,730,285,7302828572,68,112,Lainlyn,33,-12
Rocks,1,WOD_Rocks_Large_07,691,289,69168290106,112,22,Lainlyn,80,-4
Rocks,1,WOD_Rocks_Large_08,740,311,7405931287,101,1,Lainlyn,158,-26
Rocks,1,WOD_Rocks_Large_09,744,282,7445128283,89,117,Lainlyn,123,-24
Rocks,1,WOD_Rocks_Small_01,673,304,6735130455,75,79,Lainlyn,64,0
Rocks,1,WOD_Rocks_Small_02,723,313,7230331381,29,107,Lainlyn,60,0
Rocks,1,WOD_Rocks_Small_03,665,301,6651930104,41,23,Lainlyn,-71,0
Rocks,1,WOD_Rocks_Small_04,758,288,7583228824,56,48,Lainlyn,119,0
Rocks,1,WOD_Rocks_Small_06,759,294,7596329412,85,34,Lainlyn,7,0
Rocks,1,WOD_Rocks_Small_07,726,282,7267928296,106,123,Lainlyn,53,0
Rocks,1,WOD_Rocks_Small_08,763,283,762118284118,17,17,Lainlyn,-158,0
Rocks,1,WOD_Rocks_Small_09,759,316,75812031688,8,104,Lainlyn,176,0
Rocks,1,WOD_Rocks_Medium_01,729,294,72970295105,95,2,Lainlyn,130,-7
Rocks,1,WOD_Rocks_Medium_02,697,291,69773292124,105,28,Lainlyn,-83,0
Rocks,1,WOD_Rocks_Medium_03,720,298,7206829867,101,100,Lainlyn,-4,-18
Rocks,1,WOD_Rocks_Medium_05,762,282,76111828215,23,48,Lainlyn,165,-3
Rocks,1,WOD_Rocks_Medium_06,764,305,7641030523,45,54,Lainlyn,-27,-11
Rocks,1,WOD_Rocks_Medium_08,709,294,7091529435,54,74,Lainlyn,-32,-27
Rocks,1,WOD_Rocks_Medium_11,729,297,7290429733,33,62,Lainlyn,92,-10
Rocks,1,WOD_Rocks_Large_01,695,294,6952429417,69,62,Lainlyn,-8,-25
Rocks,1,WOD_Rocks_Large_02,766,309,7666030949,97,86,Lainlyn,-112,-7
Rocks,1,WOD_Rocks_Large_03,699,312,6994431249,83,88,Lainlyn,-62,-5
Rocks,1,WOD_Rocks_Large_04,693,286,69374287102,115,15,Lainlyn,-105,0
Rocks,1,WOD_Rocks_Large_05,652,280,6528828192,128,4,Lainlyn,132,-15
Rocks,1,WOD_Rocks_Large_06,721,303,7211030338,49,77,Lainlyn,-49,-28
Rocks,1,WOD_Rocks_Large_09,711,301,71010130147,11,81,Lainlyn,50,-8
Rocks,1,WOD_Rocks_Small_01,741,310,7411331087,37,111,Lainlyn,-4,0
Rocks,1,WOD_Rocks_Small_04,768,289,7681228965,36,89,Lainlyn,-112,0
Rocks,1,WOD_Rocks_Small_05,732,286,73277287109,100,4,Lainlyn,139,0
Rocks,1,WOD_Rocks_Small_07,692,315,6923531596,62,123,Lainlyn,166,0
Rocks,1,WOD_Rocks_Small_10,699,293,69910429342,122,60,Lainlyn,-165,0
Rocks,1,WOD_Rocks_Medium_01,736,283,7362828313,53,38,Lainlyn,138,-24
Rocks,1,WOD_Rocks_Medium_03,729,312,72992313102,125,7,Lainlyn,-38,-25
Rocks,1,WOD_Rocks_Medium_04,762,280,76111928055,33,97,Lainlyn,7,-25
Rocks,1,WOD_Rocks_Medium_05,695,295,69410229569,7,102,Lainlyn,124,-30
Rocks,1,WOD_Rocks_Medium_06,737,281,7375028164,85,95,Lainlyn,-9,-11
Rocks,1,WOD_Rocks_Medium_07,754,312,7547731205,110,38,Lainlyn,-109,-2
Rocks,1,WOD_Rocks_Medium_08,653,288,65290289116,1,27,Lainlyn,115,-16
Rocks,1,WOD_Rocks_Medium_09,679,296,67944297101,80,5,Lainlyn,5,-14
Rocks,1,WOD_Rocks_Medium_10,740,296,7406729635,109,77,Lainlyn,-95,0
Rocks,1,WOD_Rocks_Medium_11,730,306,7302630690,55,119,Lainlyn,-164,-11
Rocks,1,WOD_Rocks_Medium_12,766,300,7661930081,36,98,Lainlyn,177,-16
Rocks,1,WOD_Rocks_Large_01,756,285,755108286115,25,32,Lainlyn,23,-28
Rocks,1,WOD_Rocks_Large_02,710,309,7100830942,45,79,Lainlyn,-118,-15
Rocks,1,WOD_Rocks_Large_03,709,293,7096329324,102,63,Lainlyn,114,0
Rocks,1,WOD_Rocks_Large_04,649,281,6489628173,9,114,Lainlyn,-67,-20
Rocks,1,WOD_Rocks_Large_05,672,289,67231290122,71,34,Lainlyn,-42,-9
Rocks,1,WOD_Rocks_Large_06,740,298,7399329826,4,65,Lainlyn,77,-21
Rocks,1,WOD_Rocks_Large_07,690,288,6907928854,123,98,Lainlyn,48,-11
Rocks,1,WOD_Rocks_Large_09,689,305,68981306118,119,24,Lainlyn,1,-5
Rocks,1,WOD_Rocks_Small_01,696,306,6964430654,68,78,Lainlyn,10,0
Rocks,1,WOD_Rocks_Small_02,760,313,7607331331,99,57,Lainlyn,-167,0
Rocks,1,WOD_Rocks_Small_03,679,300,67955300109,77,128,Lainlyn,145,0
Rocks,1,WOD_Rocks_Small_05,654,285,6544528523,68,46,Lainlyn,155,0
Rocks,1,WOD_Rocks_Small_06,701,300,700114300102,8,124,Lainlyn,73,0
Rocks,1,WOD_Rocks_Small_07,760,318,75911531852,14,79,Lainlyn,-93,0
Rocks,1,WOD_Rocks_Small_08,737,302,73611630223,15,50,Lainlyn,-133,0
Rocks,1,WOD_Rocks_Small_09,683,312,68212431210,12,26,Lainlyn,170,0
Rocks,1,WOD_Rocks_Medium_01,676,289,67511328955,10,80,Lainlyn,-33,-1
Rocks,1,WOD_Rocks_Medium_02,762,292,76242293100,74,4,Lainlyn,41,-9
Rocks,1,WOD_Rocks_Medium_03,723,282,7236028282,93,115,Lainlyn,-5,-24
Rocks,1,WOD_Rocks_Medium_08,734,309,73310830933,19,72,Lainlyn,-30,-19
Rocks,1,WOD_Rocks_Medium_09,750,282,7508728288,123,120,Lainlyn,83,-1
Rocks,1,WOD_Rocks_Medium_10,684,312,6842031265,62,107,Lainlyn,-135,-6
Rocks,1,WOD_Rocks_Medium_11,751,302,75011130274,12,103,Lainlyn,174,-13
Rocks,1,WOD_Rocks_Medium_12,692,279,69215279111,32,128,Lainlyn,-37,-1
Rocks,1,WOD_Rocks_Large_02,723,281,72337282125,74,34,Lainlyn,74,-12
Rocks,1,WOD_Rocks_Large_04,743,303,74318304101,59,14,Lainlyn,44,-8
Rocks,1,WOD_Rocks_Large_05,675,306,67542307118,82,30,Lainlyn,-40,-21
Rocks,1,WOD_Rocks_Large_06,742,302,74240303119,79,30,Lainlyn,-144,-18
Rocks,1,WOD_Rocks_Large_07,666,296,6664229610,86,54,Lainlyn,-96,-20
Rocks,1,WOD_Rocks_Large_09,679,315,6790431536,42,70,Lainlyn,180,-4
Rocks,1,WOD_Rocks_Small_02,742,301,7427430167,100,93,Lainlyn,-104,0
Rocks,1,WOD_Rocks_Small_03,755,316,7556831623,90,42,Lainlyn,132,0
Rocks,1,WOD_Rocks_Small_04,683,310,6836831006,92,30,Lainlyn,134,0
Rocks,1,WOD_Rocks_Small_05,731,288,7316028806,83,29,Lainlyn,180,0
Rocks,1,WOD_Rocks_Small_06,703,292,70211529284,9,106,Lainlyn,-135,0
Rocks,1,WOD_Rocks_Small_07,713,308,71210530859,4,86,Lainlyn,95,0
Rocks,1,WOD_Rocks_Small_09,749,302,7491530219,31,35,Lainlyn,88,0
Rocks,1,WOD_Rocks_Small_10,697,291,6974029118,58,36,Lainlyn,-74,0
Rocks,1,WOD_Rocks_Medium_01,717,283,7174528399,70,124,Lainlyn,41,-1
Rocks,1,WOD_Rocks_Medium_02,769,284,76923285102,55,6,Lainlyn,-114,-4
Rocks,1,WOD_Rocks_Medium_03,670,296,67032297109,65,14,Lainlyn,-138,-14
Rocks,1,WOD_Rocks_Medium_06,751,304,75112305116,47,19,Lainlyn,85,-27
Rocks,1,WOD_Rocks_Medium_10,696,289,6967428969,116,111,Lainlyn,-4,-3
Rocks,1,WOD_Rocks_Medium_11,738,291,73888292118,117,19,Lainlyn,29,-2
Rocks,1,WOD_Rocks_Medium_12,668,290,66813291118,30,7,Lainlyn,43,-20
Rocks,1,WOD_Rocks_Large_01,664,301,663110302123,27,40,Lainlyn,170,-17
Rocks,1,WOD_Rocks_Large_02,679,313,6799131347,128,84,Lainlyn,54,-10
Rocks,1,WOD_Rocks_Large_03,749,301,7496430101,103,40,Lainlyn,-16,-4
Rocks,1,WOD_Rocks_Large_04,681,299,6815129982,92,123,Lainlyn,103,-19
Rocks,1,WOD_Rocks_Large_05,768,303,7687730367,117,107,Lainlyn,-91,-10
Rocks,1,WOD_Rocks_Large_07,714,301,71311330146,29,90,Lainlyn,171,-10
Rocks,1,WOD_Rocks_Large_09,746,283,7463528345,73,79,Lainlyn,-171,-30
Rocks,1,WOD_Rocks_Small_01,705,303,7059130305,115,29,Lainlyn,-93,0
Rocks,1,WOD_Rocks_Small_02,686,296,6866029610,86,36,Lainlyn,37,0
Rocks,1,WOD_Rocks_Small_03,670,282,67040283115,62,6,Lainlyn,-106,0
Rocks,1,WOD_Rocks_Small_04,667,282,6677828223,102,47,Lainlyn,-153,0
Rocks,1,WOD_Rocks_Small_05,698,311,6984631105,69,28,Lainlyn,26,0
Rocks,1,WOD_Rocks_Small_06,663,292,66310429283,126,105,Lainlyn,-103,0
Rocks,1,WOD_Rocks_Small_08,643,282,6434728278,74,105,Lainlyn,-109,0
Rocks,1,WOD_Rocks_Small_09,762,298,7622829820,44,36,Lainlyn,-163,0
Rocks,1,WOD_Rocks_Small_10,707,298,7077229828,90,46,Lainlyn,-174,0
Rocks,1,WOD_Rocks_Medium_01,748,319,74855320127,80,24,Lainlyn,-103,-15
Rocks,1,WOD_Rocks_Medium_04,677,294,67768295104,110,18,Lainlyn,-158,-7
Rocks,1,WOD_Rocks_Medium_06,744,293,74310629390,13,121,Lainlyn,143,-23
Rocks,1,WOD_Rocks_Medium_07,762,317,7624431723,77,56,Lainlyn,149,-16
Rocks,1,WOD_Rocks_Medium_08,739,301,7394130149,80,88,Lainlyn,9,-8
Rocks,1,WOD_Rocks_Medium_09,731,309,7314731099,83,3,Lainlyn,179,-14
Rocks,1,WOD_Rocks_Medium_11,724,301,7249630164,125,93,Lainlyn,-57,-25
Rocks,1,WOD_Rocks_Medium_12,727,282,72740283115,57,4,Lainlyn,48,-6
Rocks,1,WOD_Rocks_Large_04,679,286,6791728677,58,118,Lainlyn,-94,-27
Rocks,1,WOD_Rocks_Large_07,752,308,7521530832,59,76,Lainlyn,164,0
Rocks,1,WOD_Rocks_Small_01,761,315,7613331559,57,83,Lainlyn,55,0
Rocks,1,WOD_Rocks_Small_02,757,286,7575828655,84,81,Lainlyn,117,0
Rocks,1,WOD_Rocks_Small_03,684,313,6843831363,60,82,Lainlyn,-154,0
Rocks,1,WOD_Rocks_Small_04,716,283,7164228342,66,66,Lainlyn,55,0
Rocks,1,WOD_Rocks_Small_05,732,294,73110629422,1,45,Lainlyn,-70,0
Rocks,1,WOD_Rocks_Small_06,736,298,7360929890,31,112,Lainlyn,-79,0
Rocks,1,WOD_Rocks_Small_07,681,315,68010231515,1,42,Lainlyn,96,0
Rocks,1,WOD_Rocks_Small_09,692,285,6922828528,44,44,Lainlyn,-132,0
Rocks,1,WOD_Rocks_Small_10,749,292,74918293118,36,8,Lainlyn,-171,0
Rocks,1,WOD_Rocks_Medium_01,689,316,688128316102,25,127,Lainlyn,41,-16
Rocks,1,WOD_Rocks_Medium_02,679,290,6794729078,79,110,Lainlyn,-16,-2
Rocks,1,WOD_Rocks_Medium_04,679,292,67893293114,7,28,Lainlyn,-1,-26
Rocks,1,WOD_Rocks_Medium_09,667,284,6676028400,96,32,Lainlyn,105,-19
Rocks,1,WOD_Rocks_Medium_10,682,298,6828629864,128,106,Lainlyn,114,-30
Rocks,1,WOD_Rocks_Medium_11,756,319,7565931987,88,116,Lainlyn,-130,-9
Rocks,1,WOD_Rocks_Medium_12,678,286,6785928652,76,69,Lainlyn,-80,-15
Rocks,1,WOD_Rocks_Large_01,680,312,6802431264,69,109,Lainlyn,-40,-10
Rocks,1,WOD_Rocks_Large_02,675,301,67412830161,37,98,Lainlyn,154,-22
Rocks,1,WOD_Rocks_Large_04,720,286,72006287100,47,13,Lainlyn,135,-17
Rocks,1,WOD_Rocks_Large_05,706,282,7062228251,62,91,Lainlyn,-69,-16
Rocks,1,WOD_Rocks_Large_06,741,303,7417830382,117,121,Lainlyn,-82,-3
Rocks,1,WOD_Rocks_Large_07,718,282,71847283123,91,39,Lainlyn,-80,-24
Rocks,1,WOD_Rocks_Large_08,725,290,724118291102,32,16,Lainlyn,-174,-12
Rocks,1,WOD_Rocks_Large_09,655,279,65410827979,18,113,Lainlyn,-57,-9
Rocks,1,WOD_Rocks_Small_02,692,302,69110830210,6,36,Lainlyn,-53,0
Rocks,1,WOD_Rocks_Small_03,749,303,74811330344,7,63,Lainlyn,17,0
Rocks,1,WOD_Rocks_Small_04,757,287,75710228777,126,101,Lainlyn,-160,0
Rocks,1,WOD_Rocks_Small_06,759,305,7591430500,36,22,Lainlyn,-32,0
Rocks,1,WOD_Rocks_Small_09,707,287,706120287100,8,116,Lainlyn,-103,0
Rocks,1,WOD_Rocks_Small_10,741,303,74187304111,105,1,Lainlyn,-144,0
Rocks,1,WOD_Rocks_Medium_01,762,282,7621528218,40,43,Lainlyn,-55,-20
Rocks,1,WOD_Rocks_Medium_02,717,286,7174928649,81,81,Lainlyn,-75,-29
Rocks,1,WOD_Rocks_Medium_06,700,304,69911330459,20,90,Lainlyn,131,-27
Rocks,1,WOD_Rocks_Medium_07,726,281,725122282108,27,13,Lainlyn,-76,-23
Rocks,1,WOD_Rocks_Medium_08,750,294,7508229419,121,58,Lainlyn,-45,-10
Rocks,1,WOD_Rocks_Medium_10,678,314,67710131470,15,112,Lainlyn,38,-30
Rocks,1,WOD_Rocks_Medium_12,763,288,7632228814,39,31,Lainlyn,120,-20
Rocks,1,WOD_Rocks_Large_01,733,311,7334131144,86,89,Lainlyn,-39,-6
Rocks,1,WOD_Rocks_Large_02,676,310,67510131074,10,111,Lainlyn,110,-25
Rocks,1,WOD_Rocks_Large_04,650,283,65013284128,54,41,Lainlyn,157,-6
Rocks,1,WOD_Rocks_Large_06,698,288,6982428851,63,90,Lainlyn,107,-20
Rocks,1,WOD_Rocks_Small_01,708,290,7083329005,57,29,Lainlyn,2,0
Rocks,1,WOD_Rocks_Small_02,694,309,6948730919,113,45,Lainlyn,67,0
Rocks,1,WOD_Rocks_Small_03,729,293,72910229361,124,80,Lainlyn,-58,0
Rocks,1,WOD_Rocks_Small_04,691,313,6913831335,62,59,Lainlyn,-134,0
Rocks,1,WOD_Rocks_Small_05,756,298,7569629868,119,91,Lainlyn,134,0
Rocks,1,WOD_Rocks_Small_06,687,306,6876730677,89,99,Lainlyn,-106,0
Rocks,1,WOD_Rocks_Small_07,703,288,70368289115,95,14,Lainlyn,40,0
Rocks,1,WOD_Rocks_Small_09,677,307,6775030740,66,56,Lainlyn,13,0
Rocks,1,WOD_Rocks_Medium_02,744,307,743122308124,26,28,Lainlyn,-170,-4
Rocks,1,WOD_Rocks_Medium_03,694,297,69310629718,11,51,Lainlyn,-28,0
Rocks,1,WOD_Rocks_Medium_04,718,302,71801303115,43,29,Lainlyn,167,-27
Rocks,1,WOD_Rocks_Medium_05,692,299,6924730096,80,1,Lainlyn,-71,-9
Rocks,1,WOD_Rocks_Medium_06,698,307,6979730763,4,94,Lainlyn,153,0
Rocks,1,WOD_Rocks_Medium_08,679,293,6796129355,100,94,Lainlyn,51,-19
Rocks,1,WOD_Rocks_Medium_11,649,285,6497828588,107,117,Lainlyn,73,-16
Rocks,1,WOD_Rocks_Medium_12,697,278,6977927888,96,105,Lainlyn,129,-27
Rocks,1,WOD_Rocks_Large_05,682,315,68111831564,30,104,Lainlyn,-61,-7
Rocks,1,WOD_Rocks_Large_08,685,299,6855630091,98,5,Lainlyn,71,-6
Rocks,1,WOD_Rocks_Large_09,697,282,6974928250,87,84,Lainlyn,-87,-17
Rocks,1,WOD_Rocks_Small_01,689,282,68811128219,7,43,Lainlyn,174,0
Rocks,1,WOD_Rocks_Small_03,648,284,64711528458,9,77,Lainlyn,-143,0
Rocks,1,WOD_Rocks_Small_04,682,287,6828128728,105,52,Lainlyn,-94,0
Rocks,1,WOD_Rocks_Small_05,751,304,7516930456,92,79,Lainlyn,-6,0
Rocks,1,WOD_Rocks_Small_06,758,288,7589528851,117,73,Lainlyn,141,0
Rocks,1,WOD_Rocks_Small_09,675,305,67591306120,107,8,Lainlyn,140,0
Rocks,1,WOD_Rocks_Small_10,690,295,6902729567,45,85,Lainlyn,-34,0
Rocks,1,WOD_Rocks_Medium_03,693,279,6938827913,121,46,Lainlyn,-104,0
Rocks,1,WOD_Rocks_Medium_04,690,288,6908628995,128,9,Lainlyn,-151,-14
Rocks,1,WOD_Rocks_Medium_05,708,288,7086728888,100,121,Lainlyn,-43,0
Rocks,1,WOD_Rocks_Medium_06,769,285,76940286119,75,22,Lainlyn,134,-14
Rocks,1,WOD_Rocks_Medium_07,742,296,74293297118,126,23,Lainlyn,-12,-12
Rocks,1,WOD_Rocks_Medium_08,665,285,66412328554,34,93,Lainlyn,-25,-5
Rocks,1,WOD_Rocks_Medium_09,724,293,7242929383,65,115,Lainlyn,-153,-13
Rocks,1,WOD_Rocks_Medium_10,760,282,7600428205,46,47,Lainlyn,168,-3
Rocks,1,WOD_Rocks_Medium_11,737,311,7370431187,33,116,Lainlyn,130,-10
Rocks,1,WOD_Rocks_Medium_12,717,294,7179529435,112,52,Lainlyn,-129,-5
Rocks,1,WOD_Rocks_Large_02,684,290,6841529038,52,75,Lainlyn,151,-6
Rocks,1,WOD_Rocks_Large_03,754,301,7546030127,99,66,Lainlyn,160,0
Rocks,1,WOD_Rocks_Large_04,709,309,7096930905,110,46,Lainlyn,-168,-21
Rocks,1,WOD_Rocks_Large_05,651,291,6512729299,67,11,Lainlyn,-102,-30
Rocks,1,WOD_Rocks_Large_07,687,311,6869031290,6,6,Lainlyn,77,-19
Rocks,1,WOD_Rocks_Large_08,676,300,67510930045,23,87,Lainlyn,97,-12
Rocks,1,WOD_Rocks_Small_01,708,309,707128310105,24,1,Lainlyn,-111,0
Rocks,1,WOD_Rocks_Small_03,725,302,7252630269,48,88,Lainlyn,168,0
Rocks,1,WOD_Rocks_Small_04,744,306,74311630654,12,78,Lainlyn,56,0
Rocks,1,WOD_Rocks_Small_06,737,311,7371731159,39,81,Lainlyn,70,0
Rocks,1,WOD_Rocks_Small_07,685,288,68411128887,10,114,Lainlyn,-32,0
Rocks,1,WOD_Rocks_Small_08,763,280,76327281120,54,19,Lainlyn,108,0
Rocks,1,WOD_Rocks_Small_09,673,288,6737628863,92,79,Lainlyn,-128,0
Rocks,1,WOD_Rocks_Small_10,707,305,70772305105,90,123,Lainlyn,-90,0
Rocks,1,WOD_Rocks_Medium_01,676,303,6761330301,38,26,Lainlyn,-53,0
Rocks,1,WOD_Rocks_Medium_03,744,283,7442728387,60,120,Lainlyn,-66,-24
Rocks,1,WOD_Rocks_Medium_04,744,308,7444630870,88,112,Lainlyn,-141,-9
Rocks,1,WOD_Rocks_Medium_05,655,294,6551729479,50,112,Lainlyn,-98,-9
Rocks,1,WOD_Rocks_Medium_06,668,300,66711830019,25,50,Lainlyn,13,-21
Rocks,1,WOD_Rocks_Medium_07,729,291,7298129176,114,109,Lainlyn,-147,-30
Rocks,1,WOD_Rocks_Medium_08,706,279,705105280118,16,29,Lainlyn,103,-12
Rocks,1,WOD_Rocks_Medium_09,745,311,74536312116,72,20,Lainlyn,-159,-24
Rocks,1,WOD_Rocks_Medium_11,760,279,76051280100,80,1,Lainlyn,159,-17
Rocks,1,WOD_Rocks_Medium_12,676,293,6764729379,64,96,Lainlyn,-178,-23
Rocks,1,WOD_Rocks_Large_01,769,278,7691727823,62,68,Lainlyn,-61,-13
Rocks,1,WOD_Rocks_Large_02,695,289,6958128963,118,100,Lainlyn,-141,0
Rocks,1,WOD_Rocks_Large_03,695,315,69410231506,13,45,Lainlyn,118,-29
Rocks,1,WOD_Rocks_Large_04,731,308,7311830812,59,53,Lainlyn,-61,-27
Rocks,1,WOD_Rocks_Large_07,718,282,7185228392,96,8,Lainlyn,-50,-30
Rocks,1,WOD_Rocks_Large_08,742,284,74110928406,23,48,Lainlyn,52,-30
Rocks,1,WOD_Rocks_Small_02,681,309,6816730909,93,35,Lainlyn,32,0
Rocks,1,WOD_Rocks_Small_03,719,307,7199030790,112,109,Lainlyn,4,0
Rocks,1,WOD_Rocks_Small_05,727,281,7274628147,69,70,Lainlyn,91,0
Rocks,1,WOD_Rocks_Small_06,717,293,7176929329,91,51,Lainlyn,-62,0
Rocks,1,WOD_Rocks_Small_07,721,303,7210430314,31,41,Lainlyn,72,0
Rocks,1,WOD_Rocks_Small_09,756,311,75673312114,89,2,Lainlyn,12,0
Rocks,1,WOD_Rocks_Small_10,681,316,6815531650,73,68,Lainlyn,-70,0
Rocks,1,WOD_Rocks_Medium_01,694,287,6944928783,74,108,Lainlyn,144,-16
Rocks,1,WOD_Rocks_Medium_02,727,291,7273829160,70,92,Lainlyn,33,-11
Rocks,1,WOD_Rocks_Medium_03,768,281,7688728114,120,47,Lainlyn,-169,-26
Rocks,1,WOD_Rocks_Medium_04,682,293,68111129492,25,6,Lainlyn,-79,-14
Rocks,1,WOD_Rocks_Medium_06,686,290,6864629063,81,94,Lainlyn,55,-21
Rocks,1,WOD_Rocks_Medium_09,744,304,74311030442,18,74,Lainlyn,-30,-3
Rocks,1,WOD_Rocks_Medium_10,687,295,6873529531,77,73,Lainlyn,-24,-13
Rocks,1,WOD_Rocks_Medium_11,734,285,7342728577,56,106,Lainlyn,-122,-5
Rocks,1,WOD_Rocks_Medium_12,770,280,7706028097,77,114,Lainlyn,-62,-25
Rocks,1,WOD_Rocks_Large_03,696,283,6965928356,98,95,Lainlyn,-145,-26
Rocks,1,WOD_Rocks_Large_04,683,286,6831028790,51,3,Lainlyn,101,-30
Rocks,1,WOD_Rocks_Large_08,666,282,66654283125,96,39,Lainlyn,-111,-5
Rocks,1,WOD_Rocks_Large_09,692,312,6919131279,1,113,Lainlyn,-165,-21
Rocks,1,WOD_Rocks_Small_01,748,312,74712331287,19,111,Lainlyn,-138,0
Rocks,1,WOD_Rocks_Small_02,696,316,6965931626,85,52,Lainlyn,-6,0
Rocks,1,WOD_Rocks_Small_03,655,288,65411628827,10,46,Lainlyn,11,0
Rocks,1,WOD_Rocks_Small_05,738,309,73868309105,91,128,Lainlyn,-49,0
Rocks,1,WOD_Rocks_Small_06,685,314,68510031403,122,25,Lainlyn,140,0
Rocks,1,WOD_Rocks_Small_07,707,310,7072731045,54,72,Lainlyn,178,0
Rocks,1,WOD_Rocks_Small_08,668,288,66710528827,4,54,Lainlyn,97,0
Rocks,1,WOD_Rocks_Small_09,761,315,7613331535,49,51,Lainlyn,-14,0
Rocks,1,WOD_Rocks_Small_10,735,292,73564292100,82,118,Lainlyn,-18,0
Rocks,1,WOD_Rocks_Medium_03,744,302,74310630396,11,1,Lainlyn,-12,-5
Rocks,1,WOD_Rocks_Medium_04,763,306,7630330651,45,93,Lainlyn,90,-23
Rocks,1,WOD_Rocks_Medium_07,688,286,6883328612,66,45,Lainlyn,-156,-8
Rocks,1,WOD_Rocks_Medium_09,755,303,75412830301,36,33,Lainlyn,128,-15
Rocks,1,WOD_Rocks_Medium_11,750,288,7503528808,64,37,Lainlyn,131,-26
Rocks,1,WOD_Rocks_Medium_12,745,311,7459231193,109,110,Lainlyn,61,-4
Rocks,1,WOD_Rocks_Large_01,679,294,678111295102,28,19,Lainlyn,134,-13
Rocks,1,WOD_Rocks_Large_02,757,301,75731302124,68,33,Lainlyn,124,-3
Rocks,1,WOD_Rocks_Large_03,769,279,7690627956,45,95,Lainlyn,-70,-14
Rocks,1,WOD_Rocks_Large_07,672,289,67231290102,75,18,Lainlyn,-131,-19
Rocks,1,WOD_Rocks_Large_09,665,300,66508301109,46,15,Lainlyn,138,-25
Rocks,1,WOD_Rocks_Small_02,701,314,70113315119,39,17,Lainlyn,78,0
Rocks,1,WOD_Rocks_Small_03,720,286,72045287113,67,4,Lainlyn,73,0
Rocks,1,WOD_Rocks_Small_04,708,291,7086129154,85,78,Lainlyn,47,0
Rocks,1,WOD_Rocks_Small_06,668,281,6686828170,90,92,Lainlyn,-45,0
Rocks,1,WOD_Rocks_Small_08,706,311,7061231150,39,77,Lainlyn,-19,0
Rocks,1,WOD_Rocks_Small_09,743,298,74310029881,116,97,Lainlyn,-140,0
Rocks,1,WOD_Rocks_Medium_01,683,297,6834729793,72,118,Lainlyn,39,-18
Rocks,1,WOD_Rocks_Medium_02,765,306,7658230677,114,109,Lainlyn,-5,-15
Rocks,1,WOD_Rocks_Medium_03,681,313,680122314118,27,23,Lainlyn,-82,-5
Rocks,1,WOD_Rocks_Medium_05,755,293,7552629388,59,121,Lainlyn,-110,-27
Rocks,1,WOD_Rocks_Medium_06,735,286,73410428647,11,78,Lainlyn,-172,-10
Rocks,1,WOD_Rocks_Medium_08,770,308,77031309108,70,19,Lainlyn,126,-13
Rocks,1,WOD_Rocks_Medium_09,762,278,7627427869,110,101,Lainlyn,-175,-17
Rocks,1,WOD_Rocks_Medium_11,733,298,73211029845,11,74,Lainlyn,40,-7
Rocks,1,WOD_Rocks_Medium_12,708,307,7086130747,78,64,Lainlyn,-156,-9
Rocks,1,WOD_Rocks_Large_01,671,293,67012329313,40,58,Lainlyn,50,-15
Rocks,1,WOD_Rocks_Large_02,743,293,7430929365,46,102,Lainlyn,-132,-8
Rocks,1,WOD_Rocks_Large_03,749,304,74932305118,71,29,Lainlyn,-143,-24
Rocks,1,WOD_Rocks_Large_04,745,285,7449628564,9,105,Lainlyn,15,-5
Rocks,1,WOD_Rocks_Large_06,764,296,7646429614,103,53,Lainlyn,-53,-10
Rocks,1,WOD_Rocks_Large_07,770,301,7706930142,113,86,Lainlyn,-82,-4
Rocks,1,WOD_Rocks_Large_08,695,300,69582301127,124,41,Lainlyn,125,-1
Rocks,1,WOD_Rocks_Small_02,770,314,7704631414,72,40,Lainlyn,157,0
Rocks,1,WOD_Rocks_Small_03,682,309,6820430906,26,25,Lainlyn,20,0
Rocks,1,WOD_Rocks_Small_05,733,287,732106288116,1,11,Lainlyn,-84,0
Rocks,1,WOD_Rocks_Small_08,764,284,7640528472,32,99,Lainlyn,99,0
Rocks,1,WOD_Rocks_Small_09,742,285,74267285102,83,118,Lainlyn,65,0
Rocks,1,WOD_Rocks_Small_10,743,286,74344287111,62,1,Lainlyn,106,0
Rocks,1,WOD_Rocks_Medium_03,731,304,730113305111,18,16,Lainlyn,96,-9
Rocks,1,WOD_Rocks_Medium_06,754,301,7548430120,119,51,Lainlyn,126,-1
Rocks,1,WOD_Rocks_Medium_07,657,288,6571428884,47,117,Lainlyn,72,-11
Rocks,1,WOD_Rocks_Medium_08,703,290,7031029050,49,89,Lainlyn,-174,-27
Rocks,1,WOD_Rocks_Medium_09,746,300,74609301124,45,28,Lainlyn,67,-18
Rocks,1,WOD_Rocks_Medium_10,700,301,70013302125,55,39,Lainlyn,-159,-2
Rocks,1,WOD_Rocks_Medium_11,663,289,6634228915,71,44,Lainlyn,31,-18
Rocks,1,WOD_Rocks_Large_02,758,305,7584530528,82,65,Lainlyn,-31,-17
Rocks,1,WOD_Rocks_Large_04,702,280,70111828074,31,115,Lainlyn,-115,0
Rocks,1,WOD_Rocks_Large_05,661,281,6613628135,76,75,Lainlyn,37,-12
Rocks,1,WOD_Rocks_Large_07,735,305,73499306102,15,18,Lainlyn,-174,-6
Rocks,1,WOD_Rocks_Large_08,743,302,7432430235,66,77,Lainlyn,53,-9
Rocks,1,WOD_Rocks_Large_09,716,286,7161828688,56,122,Lainlyn,58,-8
Rocks,1,WOD_Rocks_Small_02,682,288,6822728852,53,78,Lainlyn,20,0
Rocks,1,WOD_Rocks_Small_03,754,312,7544131268,63,87,Lainlyn,-156,0
Rocks,1,WOD_Rocks_Small_05,681,307,68011330769,8,92,Lainlyn,-127,0
Rocks,1,WOD_Rocks_Small_10,700,307,7000630795,24,113,Lainlyn,-107,0
Rocks,1,WOD_Rocks_Medium_02,687,285,6874928546,81,78,Lainlyn,144,-12
Rocks,1,WOD_Rocks_Medium_03,738,301,73817302122,50,27,Lainlyn,-88,-2
Rocks,1,WOD_Rocks_Medium_05,749,283,7496028395,93,128,Lainlyn,119,-10
Rocks,1,WOD_Rocks_Medium_06,761,284,7615128428,86,59,Lainlyn,113,-2
Rocks,1,WOD_Rocks_Medium_07,687,285,68761286101,94,6,Lainlyn,90,-1
Rocks,1,WOD_Rocks_Medium_09,665,304,6655930445,95,77,Lainlyn,52,-10
Rocks,1,WOD_Rocks_Medium_10,722,298,72217299108,59,22,Lainlyn,111,-16
Rocks,1,WOD_Rocks_Medium_11,716,296,71628297127,57,28,Lainlyn,56,-24
Rocks,1,WOD_Rocks_Medium_12,689,291,68922291105,39,122,Lainlyn,-127,-4
Rocks,1,WOD_Rocks_Large_01,730,298,72911129993,28,10,Lainlyn,16,-12
Rocks,1,WOD_Rocks_Large_02,687,309,686113310127,22,36,Lainlyn,78,-30
Rocks,1,WOD_Rocks_Large_04,770,291,769110292109,23,22,Lainlyn,-167,-11
Rocks,1,WOD_Rocks_Large_06,683,296,6838829627,127,66,Lainlyn,59,-2
Rocks,1,WOD_Rocks_Large_07,690,289,6899728977,13,121,Lainlyn,119,-8
Rocks,1,WOD_Rocks_Large_08,686,309,6864931087,91,1,Lainlyn,-1,-17
Rocks,1,WOD_Rocks_Small_01,722,301,72111530178,11,102,Lainlyn,-53,0
Rocks,1,WOD_Rocks_Small_02,684,308,6848430832,110,58,Lainlyn,-29,0
Rocks,1,WOD_Rocks_Small_03,737,313,7379331324,115,43,Lainlyn,-175,0
Rocks,1,WOD_Rocks_Small_05,715,312,7155131299,74,122,Lainlyn,-57,0
Rocks,1,WOD_Rocks_Small_06,706,313,7066331308,85,30,Lainlyn,-139,0
Rocks,1,WOD_Rocks_Small_07,670,297,67069298110,96,9,Lainlyn,176,0
Rocks,1,WOD_Rocks_Medium_02,662,283,6622228395,54,127,Lainlyn,92,-6
Rocks,1,WOD_Rocks_Medium_05,699,313,69977314127,110,32,Lainlyn,137,-5
Rocks,1,WOD_Rocks_Medium_06,709,283,7096528372,100,103,Lainlyn,14,-25
Rocks,1,WOD_Rocks_Medium_07,715,282,71410828291,13,124,Lainlyn,165,-16
Rocks,1,WOD_Rocks_Medium_08,714,292,7141429390,53,1,Lainlyn,-4,-29
Rocks,1,WOD_Rocks_Medium_09,710,289,7102328983,59,115,Lainlyn,-97,-12
Rocks,1,WOD_Rocks_Medium_10,716,308,715102309102,16,16,Lainlyn,101,-2
Rocks,1,WOD_Rocks_Medium_12,747,281,74611928193,8,110,Lainlyn,-5,-20
Rocks,1,WOD_Rocks_Large_03,703,286,70332287118,71,29,Lainlyn,-47,-9
Rocks,1,WOD_Rocks_Large_04,748,288,7483728855,78,96,Lainlyn,-162,-25
Rocks,1,WOD_Rocks_Large_05,696,310,6959731023,9,63,Lainlyn,-137,-15
Rocks,1,WOD_Rocks_Large_07,649,289,64955290100,99,16,Lainlyn,-91,-2
Rocks,1,WOD_Rocks_Large_08,714,281,7147928293,121,7,Lainlyn,-61,-1
Rocks,1,WOD_Rocks_Large_09,737,303,73611430495,24,1,Lainlyn,22,-21
Rocks,1,WOD_Rocks_Small_06,749,278,7495427886,76,108,Lainlyn,-53,0
Rocks,1,WOD_Rocks_Small_07,747,307,7479330717,120,44,Lainlyn,142,0
Rocks,1,WOD_Rocks_Small_08,716,305,71511330564,12,91,Lainlyn,7,0
Rocks,1,WOD_Rocks_Small_09,758,314,7588431499,100,115,Lainlyn,179,0
Rocks,1,WOD_Rocks_Medium_01,687,286,6875928658,84,83,Lainlyn,-89,-19
Rocks,1,WOD_Rocks_Medium_02,772,313,7725931388,91,120,Lainlyn,-37,-7
Rocks,1,WOD_Rocks_Medium_03,667,287,6672928708,62,41,Lainlyn,-119,0
Rocks,1,WOD_Rocks_Medium_04,705,312,7054531210,87,52,Lainlyn,172,-8
Rocks,1,WOD_Rocks_Medium_06,656,289,6559528979,2,110,Lainlyn,7,-26
Rocks,1,WOD_Rocks_Medium_07,692,311,69258312116,91,21,Lainlyn,-120,-14
Rocks,1,WOD_Rocks_Medium_11,745,309,7450630928,35,57,Lainlyn,109,-6
Rocks,1,WOD_Rocks_Large_01,715,281,7148428158,1,103,Lainlyn,138,-22
Rocks,1,WOD_Rocks_Large_02,714,285,71311128523,20,60,Lainlyn,27,-6
Rocks,1,WOD_Rocks_Large_03,759,278,7593227810,71,49,Lainlyn,115,-8
Rocks,1,WOD_Rocks_Large_06,727,281,72611928181,30,120,Lainlyn,-110,-4
Rocks,1,WOD_Rocks_Large_07,689,283,6897328373,117,117,Lainlyn,-139,-3
Rocks,1,WOD_Rocks_Large_08,768,292,7680329281,45,123,Lainlyn,-103,-3
Rocks,1,WOD_Rocks_Small_02,687,310,68612531088,23,114,Lainlyn,-96,0
Rocks,1,WOD_Rocks_Small_03,718,303,7184630335,68,54,Lainlyn,-178,0
Rocks,1,WOD_Rocks_Small_04,666,282,6667928201,103,25,Lainlyn,129,0
Rocks,1,WOD_Rocks_Small_06,659,297,6596029714,82,36,Lainlyn,-144,0
Rocks,1,WOD_Rocks_Small_08,724,290,7247629032,103,59,Lainlyn,-113,0
Rocks,1,WOD_Rocks_Small_09,671,304,6717730454,93,70,Lainlyn,120,0
Rocks,1,WOD_Rocks_Small_10,722,304,7221830426,36,44,Lainlyn,-164,0
Rocks,1,WOD_Rocks_Medium_01,746,280,7462728022,52,47,Lainlyn,-66,-19
Rocks,1,WOD_Rocks_Medium_04,694,280,693104281116,18,30,Lainlyn,-35,-30
Rocks,1,WOD_Rocks_Medium_05,712,286,71293287113,126,18,Lainlyn,-29,-19
Rocks,1,WOD_Rocks_Medium_06,715,300,7159230027,127,58,Lainlyn,90,-6
Rocks,1,WOD_Rocks_Medium_09,666,291,6660329170,39,102,Lainlyn,2,-14
Rocks,1,WOD_Rocks_Medium_10,748,314,7485031474,92,116,Lainlyn,72,-9
Rocks,1,WOD_Rocks_Medium_11,734,290,7341829012,47,41,Lainlyn,132,-11
Rocks,1,WOD_Rocks_Medium_12,761,307,7617930767,96,84,Lainlyn,168,-17
Rocks,1,WOD_Rocks_Large_01,672,284,67227285101,72,18,Lainlyn,26,-28
Rocks,1,WOD_Rocks_Large_02,743,312,74210031396,9,5,Lainlyn,-28,-3
Rocks,1,WOD_Rocks_Large_04,686,298,68604299106,45,19,Lainlyn,90,-19
Rocks,1,WOD_Rocks_Large_05,696,295,6967629524,116,64,Lainlyn,159,-29
Rocks,1,WOD_Rocks_Large_06,763,290,7631429083,53,122,Lainlyn,-131,-25
Rocks,1,WOD_Rocks_Large_07,754,314,75392315127,8,43,Lainlyn,-17,-27
Rocks,1,WOD_Rocks_Large_09,707,299,7077830096,116,2,Lainlyn,52,-21
Rocks,1,WOD_Rocks_Small_01,744,310,74426310101,50,125,Lainlyn,-104,0
Rocks,1,WOD_Rocks_Small_03,710,312,71010231287,124,106,Lainlyn,123,0
Rocks,1,WOD_Rocks_Small_05,729,295,72810829528,3,51,Lainlyn,-67,0
Rocks,1,WOD_Rocks_Small_06,767,301,7672630174,48,96,Lainlyn,129,0
Rocks,1,WOD_Rocks_Small_08,719,286,7196928609,96,36,Lainlyn,42,0
Rocks,1,WOD_Rocks_Small_09,733,283,7331828340,34,56,Lainlyn,10,0
Rocks,1,WOD_Rocks_Small_10,752,303,7529330381,111,99,Lainlyn,150,0
Rocks,1,WOD_Rocks_Medium_02,678,290,6788429008,116,40,Lainlyn,95,-13
Rocks,1,WOD_Rocks_Medium_03,689,310,6893731046,70,79,Lainlyn,49,0
Rocks,1,WOD_Rocks_Medium_05,743,298,7434929805,82,38,Lainlyn,124,-14
Rocks,1,WOD_Rocks_Medium_06,679,309,6790430903,39,34,Lainlyn,-29,-16
Rocks,1,WOD_Rocks_Medium_07,726,305,7263230581,65,114,Lainlyn,57,-9
Rocks,1,WOD_Rocks_Medium_08,701,314,7014931405,88,44,Lainlyn,-143,0
Rocks,1,WOD_Rocks_Medium_09,734,285,73454286101,90,5,Lainlyn,171,-20
Rocks,1,WOD_Rocks_Medium_10,733,281,7338428105,126,47,Lainlyn,122,-24
Rocks,1,WOD_Rocks_Medium_12,706,298,70640299122,57,11,Lainlyn,-120,-29
Rocks,1,WOD_Rocks_Large_01,725,297,72509298119,54,36,Lainlyn,37,-10
Rocks,1,WOD_Rocks_Large_03,673,300,6735530028,94,67,Lainlyn,13,-9
Rocks,1,WOD_Rocks_Large_04,708,282,7081228256,53,97,Lainlyn,-169,-18
Rocks,1,WOD_Rocks_Large_05,730,309,7300630912,46,52,Lainlyn,62,-23
Rocks,1,WOD_Rocks_Large_06,723,295,7234429581,83,120,Lainlyn,29,-8
Rocks,1,WOD_Rocks_Large_07,673,288,6734128991,85,7,Lainlyn,-168,-25
Rocks,1,WOD_Rocks_Large_08,688,294,68814295128,56,42,Lainlyn,2,-19
Rocks,1,WOD_Rocks_Large_09,707,312,7074431222,82,56,Lainlyn,-91,-10
Rocks,1,WOD_Rocks_Small_01,717,283,7176728301,91,25,Lainlyn,-122,0
Rocks,1,WOD_Rocks_Small_02,667,281,6679228106,118,32,Lainlyn,-10,0
Rocks,1,WOD_Rocks_Small_03,766,287,76631287105,53,124,Lainlyn,138,0
Rocks,1,WOD_Rocks_Small_05,659,290,65936291111,59,6,Lainlyn,123,0
Rocks,1,WOD_Rocks_Small_07,752,302,75112730208,26,35,Lainlyn,49,0
Rocks,1,WOD_Rocks_Small_08,689,305,68946306102,73,1,Lainlyn,-47,0
Rocks,1,WOD_Rocks_Small_09,740,299,74060299104,76,120,Lainlyn,16,0
Rocks,1,WOD_Rocks_Small_10,669,295,6695829587,76,105,Lainlyn,-108,0
Rocks,1,WOD_Rocks_Medium_01,658,284,6583128488,56,113,Lainlyn,154,-28
Rocks,1,WOD_Rocks_Medium_04,745,300,7451330006,55,48,Lainlyn,74,-2
Rocks,1,WOD_Rocks_Medium_05,764,277,7645527781,88,114,Lainlyn,-110,-23
Rocks,1,WOD_Rocks_Medium_06,674,285,6748128549,116,80,Lainlyn,159,-29
Rocks,1,WOD_Rocks_Medium_07,736,308,73658309120,91,25,Lainlyn,7,-3
Rocks,1,WOD_Rocks_Medium_08,710,311,70911131173,22,112,Lainlyn,-24,-24
Rocks,1,WOD_Rocks_Medium_09,746,299,74617300106,53,10,Lainlyn,-31,-24
Rocks,1,WOD_Rocks_Medium_10,645,279,6458228090,124,4,Lainlyn,90,-26
Rocks,1,WOD_Rocks_Medium_12,715,292,715100293115,117,4,Lainlyn,-95,-9
Rocks,1,WOD_Rocks_Large_01,755,307,7558130727,126,72,Lainlyn,-157,-7
Rocks,1,WOD_Rocks_Large_02,700,286,70035287119,72,28,Lainlyn,-29,-27
Rocks,1,WOD_Rocks_Large_03,677,316,67722317113,61,24,Lainlyn,-137,-10
Rocks,1,WOD_Rocks_Large_04,698,295,69710629519,19,60,Lainlyn,134,-13
Rocks,1,WOD_Rocks_Large_05,751,293,7512629312,66,52,Lainlyn,124,-30
Rocks,1,WOD_Rocks_Large_06,683,303,68212530313,36,52,Lainlyn,93,-1
Rocks,1,WOD_Rocks_Large_07,733,281,732110282104,26,20,Lainlyn,24,-15
Rocks,1,WOD_Rocks_Large_08,679,295,6791429697,56,11,Lainlyn,85,-17
Rocks,1,WOD_Rocks_Large_09,741,298,7412729845,65,79,Lainlyn,60,-1
Rocks,1,WOD_Rocks_Small_02,763,303,7638830387,114,113,Lainlyn,-110,0
Rocks,1,WOD_Rocks_Small_04,665,285,66584285104,108,128,Lainlyn,-39,0
Rocks,1,WOD_Rocks_Small_05,742,280,7420928012,32,35,Lainlyn,180,0
Rocks,1,WOD_Rocks_Small_06,657,296,6575229660,74,82,Lainlyn,180,0
Rocks,1,WOD_Rocks_Small_09,754,287,7542328700,39,16,Lainlyn,-60,0
Rocks,1,WOD_Rocks_Medium_01,694,300,6944030001,65,26,Lainlyn,52,-26
Rocks,1,WOD_Rocks_Medium_03,689,295,6897929559,112,92,Lainlyn,108,-10
Rocks,1,WOD_Rocks_Medium_05,662,290,6628629014,119,47,Lainlyn,-75,-22
Rocks,1,WOD_Rocks_Medium_06,678,297,6786429787,99,118,Lainlyn,-149,-20
Rocks,1,WOD_Rocks_Medium_07,698,291,69895292119,128,24,Lainlyn,152,-16
Rocks,1,WOD_Rocks_Medium_08,658,296,6580029672,39,111,Lainlyn,-171,-13
Rocks,1,WOD_Rocks_Medium_09,772,311,77209312108,45,12,Lainlyn,-57,-22
Rocks,1,WOD_Rocks_Medium_10,675,301,6750130151,43,93,Lainlyn,-103,-16
Rocks,1,WOD_Rocks_Medium_11,684,300,6840130047,30,76,Lainlyn,-35,-28
Rocks,1,WOD_Rocks_Medium_12,758,305,7581730508,34,25,Lainlyn,-72,-9
Rocks,1,WOD_Rocks_Large_03,738,299,7386029984,99,123,Lainlyn,-82,-3
Rocks,1,WOD_Rocks_Large_04,770,301,7706430290,105,3,Lainlyn,176,-21
Rocks,1,WOD_Rocks_Large_05,771,293,77011529370,27,110,Lainlyn,174,-2
Rocks,1,WOD_Rocks_Large_06,678,306,6784030674,79,113,Lainlyn,-11,-24
Rocks,1,WOD_Rocks_Large_08,735,287,73527288110,69,24,Lainlyn,0,-22
Rocks,1,WOD_Rocks_Small_01,691,279,69110027942,124,66,Lainlyn,92,0
Rocks,1,WOD_Rocks_Small_05,738,281,73867282111,90,6,Lainlyn,90,0
Rocks,1,WOD_Rocks_Small_06,755,293,7558729368,109,90,Lainlyn,74,0
Rocks,1,WOD_Rocks_Small_07,768,284,7682228463,49,90,Lainlyn,178,0
Rocks,1,WOD_Rocks_Small_10,727,280,727105281122,123,12,Lainlyn,-99,0
Rocks,1,WOD_Rocks_Medium_01,726,283,72511528322,12,47,Lainlyn,169,-21
Rocks,1,WOD_Rocks_Medium_02,722,292,7225429260,86,92,Lainlyn,78,-14
Rocks,1,WOD_Rocks_Medium_03,670,293,6707329331,106,64,Lainlyn,47,-8
Rocks,1,WOD_Rocks_Medium_04,684,293,6840829493,50,7,Lainlyn,102,-14
Rocks,1,WOD_Rocks_Medium_07,691,293,69010029359,5,92,Lainlyn,-72,-6
Rocks,1,WOD_Rocks_Medium_09,731,313,7309531392,3,124,Lainlyn,-146,-23
Rocks,1,WOD_Rocks_Medium_10,712,304,7120630415,48,57,Lainlyn,-147,-23
Rocks,1,WOD_Rocks_Medium_11,678,297,67882298111,111,12,Lainlyn,130,-19
Rocks,1,WOD_Rocks_Medium_12,647,280,6471028035,27,52,Lainlyn,-155,-17
Rocks,1,WOD_Rocks_Large_01,747,314,7468731450,4,95,Lainlyn,-8,-15
Rocks,1,WOD_Rocks_Large_02,657,289,6577428912,111,49,Lainlyn,154,-13
Rocks,1,WOD_Rocks_Large_03,716,301,71610302113,49,24,Lainlyn,-75,-1
Rocks,1,WOD_Rocks_Large_06,768,305,767111306109,22,20,Lainlyn,64,-22
Rocks,1,WOD_Rocks_Large_07,749,287,74941288101,85,17,Lainlyn,-50,-2
Rocks,1,WOD_Rocks_Large_09,687,298,6876429886,102,120,Lainlyn,58,-5
Rocks,1,WOD_Rocks_Small_02,744,293,7449929337,125,63,Lainlyn,134,0
Rocks,1,WOD_Rocks_Small_03,757,287,7577628719,98,38,Lainlyn,93,0
Rocks,1,WOD_Rocks_Small_04,665,281,6652728151,51,75,Lainlyn,-11,0
Rocks,1,WOD_Rocks_Small_05,720,307,71912230765,17,88,Lainlyn,-92,0
Rocks,1,WOD_Rocks_Small_06,668,288,6680528887,27,109,Lainlyn,-31,0
Rocks,1,WOD_Rocks_Small_07,677,302,67767303110,94,9,Lainlyn,53,0
Rocks,1,WOD_Rocks_Small_08,685,288,6850528824,32,51,Lainlyn,169,0
Rocks,1,WOD_Rocks_Small_09,668,300,66711830074,6,90,Lainlyn,-131,0
Rocks,1,WOD_Rocks_Small_10,721,302,72011430228,4,46,Lainlyn,-54,0
Rocks,1,WOD_Rocks_Medium_01,772,313,7729731341,122,66,Lainlyn,-94,-28
Rocks,1,WOD_Rocks_Medium_05,696,297,69511629736,21,69,Lainlyn,-124,-25
Rocks,1,WOD_Rocks_Medium_08,697,290,69610529079,16,118,Lainlyn,-70,-28
Rocks,1,WOD_Rocks_Medium_09,710,286,7100028672,36,104,Lainlyn,24,-30
Rocks,1,WOD_Rocks_Medium_11,674,312,6746531222,94,51,Lainlyn,36,-8
Rocks,1,WOD_Rocks_Large_01,748,313,7478731329,4,74,Lainlyn,-24,-12
Rocks,1,WOD_Rocks_Large_03,755,288,7557928990,118,1,Lainlyn,-142,-16
Rocks,1,WOD_Rocks_Large_04,723,287,72383288102,124,15,Lainlyn,-115,-24
Rocks,1,WOD_Rocks_Large_05,680,288,67910428867,16,107,Lainlyn,90,-27
Rocks,1,WOD_Rocks_Large_06,706,286,70511928612,30,51,Lainlyn,-6,-6
Rocks,1,WOD_Rocks_Large_07,730,286,72911328605,29,49,Lainlyn,-172,-25
Rocks,1,WOD_Rocks_Large_08,696,314,6967831412,120,54,Lainlyn,9,-27
Rocks,1,WOD_Rocks_Large_09,683,283,68212228306,32,40,Lainlyn,-48,-13
Rocks,1,WOD_Rocks_Small_01,715,312,7154531247,69,71,Lainlyn,147,0
Rocks,1,WOD_Rocks_Small_02,751,314,75141315114,67,12,Lainlyn,-147,0
Rocks,1,WOD_Rocks_Small_03,706,310,7066031010,82,29,Lainlyn,-152,0
Rocks,1,WOD_Rocks_Small_05,681,306,68100306102,23,125,Lainlyn,159,0
Rocks,1,WOD_Rocks_Small_06,760,285,7604028579,62,101,Lainlyn,63,0
Rocks,1,WOD_Rocks_Small_07,731,285,7310528595,32,122,Lainlyn,67,0
Rocks,1,WOD_Rocks_Small_09,666,294,6661029465,26,81,Lainlyn,-115,0
Rocks,1,WOD_Rocks_Small_10,683,298,6834629859,64,77,Lainlyn,-119,0
Rocks,1,WOD_Rocks_Medium_02,700,307,7002230758,54,90,Lainlyn,-62,-5
Rocks,1,WOD_Rocks_Medium_03,706,313,7065931395,92,128,Lainlyn,-40,-9
Rocks,1,WOD_Rocks_Medium_04,769,292,7693729392,79,6,Lainlyn,159,-11
Rocks,1,WOD_Rocks_Medium_06,752,285,75226286118,61,21,Lainlyn,135,-17
Rocks,1,WOD_Rocks_Medium_07,754,278,7543827804,71,37,Lainlyn,87,-26
Rocks,1,WOD_Rocks_Medium_09,727,302,7269330231,1,63,Lainlyn,-88,-9
Rocks,1,WOD_Rocks_Medium_11,746,298,74617299127,46,28,Lainlyn,-68,-22
Rocks,1,WOD_Rocks_Medium_12,737,308,7378830859,105,76,Lainlyn,118,-27
Rocks,1,WOD_Rocks_Large_01,741,298,7411929826,64,71,Lainlyn,123,-11
Rocks,1,WOD_Rocks_Large_02,670,282,6705828255,95,92,Lainlyn,-5,-1
Rocks,1,WOD_Rocks_Large_06,687,293,6878329333,122,72,Lainlyn,23,-11
Rocks,1,WOD_Rocks_Large_07,714,299,7147029931,114,75,Lainlyn,105,-13
Rocks,1,WOD_Rocks_Large_09,688,301,68712730128,37,62,Lainlyn,-18,-4
Rocks,1,WOD_Rocks_Small_01,767,291,7678229108,106,32,Lainlyn,-56,0
Rocks,1,WOD_Rocks_Small_03,664,291,663123291100,17,119,Lainlyn,93,0
Rocks,1,WOD_Rocks_Small_04,759,307,75987308108,111,4,Lainlyn,-106,0
Rocks,1,WOD_Rocks_Small_10,684,308,68311930829,9,47,Lainlyn,86,0
Rocks,1,WOD_Rocks_Medium_01,679,291,67947292111,72,8,Lainlyn,2,-1
Rocks,1,WOD_Rocks_Medium_02,715,300,7154130003,73,35,Lainlyn,-130,-18
Rocks,1,WOD_Rocks_Medium_03,667,286,66727287116,60,21,Lainlyn,-80,-15
Rocks,1,WOD_Rocks_Medium_05,745,301,7450130184,34,117,Lainlyn,18,-7
Rocks,1,WOD_Rocks_Medium_07,768,316,76710831645,13,78,Lainlyn,92,-10
Rocks,1,WOD_Rocks_Medium_08,694,312,6945931242,98,81,Lainlyn,-157,-24
Rocks,1,WOD_Rocks_Medium_09,695,315,69524316100,60,4,Lainlyn,120,-22
Rocks,1,WOD_Rocks_Medium_12,652,288,6521728893,34,110,Lainlyn,18,-7
Rocks,1,WOD_Rocks_Large_01,695,301,69565302122,110,39,Lainlyn,-52,-1
Rocks,1,WOD_Rocks_Large_02,720,282,7208128252,118,89,Lainlyn,61,-23
Rocks,1,WOD_Rocks_Large_06,696,287,69512428783,35,122,Lainlyn,76,0
Rocks,1,WOD_Rocks_Large_08,695,286,69411328795,27,9,Lainlyn,-141,-20
Rocks,1,WOD_Rocks_Large_09,696,282,69618283105,56,11,Lainlyn,-95,-12
Rocks,1,WOD_Rocks_Small_01,717,292,71612529204,21,28,Lainlyn,-50,0
Rocks,1,WOD_Rocks_Small_03,702,290,7027829045,100,64,Lainlyn,-134,0
Rocks,1,WOD_Rocks_Small_04,695,287,69569288122,93,18,Lainlyn,91,0
Rocks,1,WOD_Rocks_Small_05,676,310,6762631044,49,67,Lainlyn,-154,0
Rocks,1,WOD_Rocks_Small_06,700,307,69912830777,22,99,Lainlyn,82,0
Rocks,1,WOD_Rocks_Small_07,655,289,6555428901,81,28,Lainlyn,82,0
Rocks,1,WOD_Rocks_Small_09,744,299,7443829922,54,38,Lainlyn,102,0
Rocks,1,WOD_Rocks_Small_10,694,312,6940131264,19,82,Lainlyn,53,0
Rocks,1,WOD_Rocks_Medium_01,654,282,6542628265,51,90,Lainlyn,18,-3
Rocks,1,WOD_Rocks_Medium_02,744,309,74312330992,27,124,Lainlyn,-62,0
Rocks,1,WOD_Rocks_Medium_04,766,283,765109284102,23,16,Lainlyn,81,-29
Rocks,1,WOD_Rocks_Medium_05,716,303,71615304110,48,15,Lainlyn,-43,-8
Rocks,1,WOD_Rocks_Medium_06,669,291,6691729163,52,94,Lainlyn,-162,-15
Rocks,1,WOD_Rocks_Medium_07,749,309,7490830910,41,43,Lainlyn,101,-24
Rocks,1,WOD_Rocks_Medium_08,700,280,7007228028,111,67,Lainlyn,-66,-17
Rocks,1,WOD_Rocks_Medium_09,651,279,6510427977,40,109,Lainlyn,116,-22
Rocks,1,WOD_Rocks_Medium_10,689,288,6897028884,112,126,Lainlyn,-36,-22
Rocks,1,WOD_Rocks_Medium_11,672,285,6723728590,66,119,Lainlyn,108,-15
Rocks,1,WOD_Rocks_Medium_12,735,312,73588313118,105,7,Lainlyn,-64,-4
Rocks,1,WOD_Rocks_Large_05,759,305,7592930542,69,82,Lainlyn,180,-6
Rocks,1,WOD_Rocks_Large_06,703,288,7034528990,84,1,Lainlyn,49,-29
Rocks,1,WOD_Rocks_Large_07,694,301,6945630114,100,58,Lainlyn,-18,-22
